<?xml version="1.0"?>
<!DOCTYPE hibernate-mapping PUBLIC "-//Hibernate/Hibernate Mapping DTD 3.0//EN"
"http://www.hibernate.org/dtd/hibernate-mapping-3.0.dtd">
<!-- Generated 2014/12/18 ?W?? 10:05:28 by Hibernate Tools 3.4.0.CR1 -->
<hibernate-mapping>
    <class name="com.airpatent.model.AccessLog" table="access_log">
        <id name="id" type="int">
            <column name="id" />
            <generator class="increment" />
        </id>
        <property name="logMsg" type="java.lang.String">
            <column name="log_msg" />
        </property>
    </class>
</hibernate-mapping>
