<?xml version="1.0"?>
<!DOCTYPE hibernate-mapping PUBLIC "-//Hibernate/Hibernate Mapping DTD 3.0//EN"
"http://www.hibernate.org/dtd/hibernate-mapping-3.0.dtd">
<!-- Generated 2016/5/17 ?????? 10:07:29 by Hibernate Tools 4.3.1.Final -->
<hibernate-mapping>
    <class name="com.patentdata.model.Cpc" table="cpc" optimistic-lock="version">
        <id name="id" type="string">
            <column name="id" length="50" />
            <generator class="assigned" />
        </id>
        <property name="parentid" type="string">
            <column name="parentid" length="50" not-null="true" />
        </property>
        <property name="symbol" type="string">
            <column name="symbol" length="50" not-null="true" />
        </property>
        <property name="title" type="string">
            <column name="title" length="3000" not-null="true" />
        </property>
        <property name="level" type="int">
            <column name="level" not-null="true" />
        </property>
        <property name="editionid" type="string">
            <column name="editionid" length="50" not-null="true" />
        </property>
        <property name="subgroup" type="string">
            <column name="subgroup" length="50" />
        </property>
        <property name="maingroup" type="string">
            <column name="maingroup" length="50" />
        </property>
    </class>
</hibernate-mapping>
