<?xml version="1.0"?>
<!DOCTYPE hibernate-mapping PUBLIC "-//Hibernate/Hibernate Mapping DTD 3.0//EN"
"http://www.hibernate.org/dtd/hibernate-mapping-3.0.dtd">
<!-- Generated 2016/5/17 ?????? 10:07:29 by Hibernate Tools 4.3.1.Final -->
<hibernate-mapping>
    <class name="com.patentdata.model.JobDataImport" table="job_data_import" optimistic-lock="version">
        <id name="dataImportId" type="int">
            <column name="data_import_id" />
            <generator class="assigned" />
        </id>
        <many-to-one name="sourceData" class="com.patentdata.model.SourceData" fetch="select">
            <column name="source_id" length="50" not-null="true" />
        </many-to-one>
        <property name="jobType" type="int">
            <column name="job_type" not-null="true" />
        </property>
        <property name="status" type="int">
            <column name="status" not-null="true" />
        </property>
        <property name="count" type="int">
            <column name="count" not-null="true" />
        </property>
        <property name="saveCount" type="int">
            <column name="save_count" not-null="true" />
        </property>
        <property name="diffCount" type="int">
            <column name="diff_count" not-null="true" />
        </property>
        <property name="createDate" type="timestamp">
            <column name="create_date" length="29" not-null="true" />
        </property>
        <property name="finishDate" type="timestamp">
            <column name="finish_date" length="29" />
        </property>
        <property name="docStartDate" type="date">
            <column name="doc_start_date" length="13" />
        </property>
        <property name="docEndDate" type="date">
            <column name="doc_end_date" length="13" />
        </property>
    </class>
</hibernate-mapping>
