<?xml version="1.0"?>
<!DOCTYPE hibernate-mapping PUBLIC "-//Hibernate/Hibernate Mapping DTD 3.0//EN"
"http://www.hibernate.org/dtd/hibernate-mapping-3.0.dtd">
<!-- Generated 2016/5/17 ?????? 10:07:29 by Hibernate Tools 4.3.1.Final -->
<hibernate-mapping>
    <class name="com.patentdata.model.PatClsFi" table="pat_cls_fi" optimistic-lock="version">
        <composite-id name="id" class="com.patentdata.model.PatClsFiId">
            <key-property name="patId" type="string">
                <column name="pat_id" length="50" />
            </key-property>
            <key-property name="sourceId" type="string">
                <column name="source_id" length="50" />
            </key-property>
            <key-property name="item" type="int">
                <column name="item" />
            </key-property>
        </composite-id>
        <many-to-one name="patData" class="com.patentdata.model.PatData" update="false" insert="false" fetch="select">
            <column name="pat_id" length="50" not-null="true" />
        </many-to-one>
        <many-to-one name="sourceData" class="com.patentdata.model.SourceData" update="false" insert="false" fetch="select">
            <column name="source_id" length="50" not-null="true" />
        </many-to-one>
        <property name="fiText" type="string">
            <column name="fi_text" length="30" not-null="true" />
        </property>
        <property name="ipc" type="string">
            <column name="ipc" length="30" not-null="true" />
        </property>
        <property name="subDivisionSymbol" type="string">
            <column name="sub_division_symbol" length="3" />
        </property>
        <property name="fileDiscriminationSymbol" type="java.lang.Character">
            <column name="file_discrimination_symbol" length="1" />
        </property>
        <property name="rawMainFlag" type="int">
            <column name="raw_main_flag" not-null="true" />
        </property>
        <property name="createDate" type="timestamp">
            <column name="create_date" length="29" not-null="true" />
        </property>
        <property name="clsValue" type="java.lang.Character">
            <column name="cls_value" length="1" />
        </property>
        <property name="indexFlag" type="java.lang.Integer">
            <column name="index_flag" />
        </property>
        <property name="indexType" type="java.lang.Integer">
            <column name="index_type" />
        </property>
        <property name="fiFacets" type="string">
            <column name="fi_facets" length="3" />
        </property>
    </class>
</hibernate-mapping>
