<?xml version="1.0"?>
<!DOCTYPE hibernate-mapping PUBLIC "-//Hibernate/Hibernate Mapping DTD 3.0//EN"
"http://www.hibernate.org/dtd/hibernate-mapping-3.0.dtd">
<!-- Generated 2016/5/17 ?????? 10:07:29 by Hibernate Tools 4.3.1.Final -->
<hibernate-mapping>
    <class name="com.patentdata.model.PatClsCset" table="pat_cls_cset" optimistic-lock="version">
        <composite-id name="id" class="com.patentdata.model.PatClsCsetId">
            <key-property name="patId" type="string">
                <column name="pat_id" length="50" />
            </key-property>
            <key-property name="sourceId" type="string">
                <column name="source_id" length="50" />
            </key-property>
            <key-property name="groupNo" type="int">
                <column name="group_no" />
            </key-property>
            <key-property name="item" type="int">
                <column name="item" />
            </key-property>
        </composite-id>
        <many-to-one name="patData" class="com.patentdata.model.PatData" update="false" insert="false" fetch="select">
            <column name="pat_id" length="50" not-null="true" />
        </many-to-one>
        <many-to-one name="sourceData" class="com.patentdata.model.SourceData" update="false" insert="false" fetch="select">
            <column name="source_id" length="50" not-null="true" />
        </many-to-one>
        <property name="cpcText" type="string">
            <column name="cpc_text" length="30" not-null="true" />
        </property>
        <property name="symbolPosition" type="java.lang.Character">
            <column name="symbol_position" length="1" />
        </property>
        <property name="clsVersion" type="string">
            <column name="cls_version" length="10" />
        </property>
        <property name="clsValue" type="java.lang.Character">
            <column name="cls_value" length="1" />
        </property>
        <property name="actionDate" type="date">
            <column name="action_date" length="13" />
        </property>
        <property name="genOffice" type="string">
            <column name="gen_office" length="2" />
        </property>
        <property name="clsStatus" type="java.lang.Character">
            <column name="cls_status" length="1" />
        </property>
        <property name="clsDataSource" type="java.lang.Character">
            <column name="cls_data_source" length="1" />
        </property>
        <property name="schemaOriCode" type="string">
            <column name="schema_ori_code" length="10" />
        </property>
        <property name="createDate" type="timestamp">
            <column name="create_date" length="29" not-null="true" />
        </property>
    </class>
</hibernate-mapping>
