<?xml version="1.0"?>
<!DOCTYPE hibernate-mapping PUBLIC "-//Hibernate/Hibernate Mapping DTD 3.0//EN"
"http://www.hibernate.org/dtd/hibernate-mapping-3.0.dtd">
<!-- Generated 2016/5/17 ?????? 10:07:29 by Hibernate Tools 4.3.1.Final -->
<hibernate-mapping>
    <class name="com.patentdata.model.PatClsFterm" table="pat_cls_fterm" optimistic-lock="version">
        <composite-id name="id" class="com.patentdata.model.PatClsFtermId">
            <key-property name="patId" type="string">
                <column name="pat_id" length="50" />
            </key-property>
            <key-property name="sourceId" type="string">
                <column name="source_id" length="50" />
            </key-property>
            <key-property name="item" type="int">
                <column name="item" />
            </key-property>
        </composite-id>
        <many-to-one name="patData" class="com.patentdata.model.PatData" update="false" insert="false" fetch="select">
            <column name="pat_id" length="50" not-null="true" />
        </many-to-one>
        <many-to-one name="sourceData" class="com.patentdata.model.SourceData" update="false" insert="false" fetch="select">
            <column name="source_id" length="50" not-null="true" />
        </many-to-one>
        <property name="ftermText" type="string">
            <column name="fterm_text" length="30" not-null="true" />
        </property>
        <property name="themeCode" type="string">
            <column name="theme_code" length="5" not-null="true" />
        </property>
        <property name="viewpoint" type="string">
            <column name="viewpoint" length="2" />
        </property>
        <property name="figure" type="string">
            <column name="figure" length="3" />
        </property>
        <property name="createDate" type="timestamp">
            <column name="create_date" length="29" not-null="true" />
        </property>
        <property name="additionalCode" type="java.lang.Character">
            <column name="additional_code" length="1" />
        </property>
    </class>
</hibernate-mapping>
