<?xml version="1.0"?>
<!DOCTYPE hibernate-mapping PUBLIC "-//Hibernate/Hibernate Mapping DTD 3.0//EN"
"http://www.hibernate.org/dtd/hibernate-mapping-3.0.dtd">
<!-- Generated 2016/5/17 ?????? 10:07:29 by Hibernate Tools 4.3.1.Final -->
<hibernate-mapping>
    <class name="com.patentdata.model.PatData" table="pat_data" optimistic-lock="version">
        <id name="patId" type="string">
            <column name="pat_id" length="50" />
            <generator class="assigned" />
        </id>
        <property name="country" type="string">
            <column name="country" length="2" not-null="true" />
        </property>
        <property name="stat" type="int">
            <column name="stat" not-null="true" />
        </property>
        <property name="rawDocNo" type="string">
            <column name="raw_doc_no" length="50" not-null="true" />
        </property>
        <property name="docNo" type="string">
            <column name="doc_no" length="50" not-null="true" />
        </property>
        <property name="docDate" type="date">
            <column name="doc_date" length="13" />
        </property>
        <property name="kindCode" type="string">
            <column name="kind_code" length="2" not-null="true" />
        </property>
        <property name="patType" type="int">
            <column name="pat_type" not-null="true" />
        </property>
        <property name="rawAppNo" type="string">
            <column name="raw_app_no" length="50" not-null="true" />
        </property>
        <property name="appId" type="string">
            <column name="app_id" length="50" not-null="true" />
        </property>
        <property name="registrationNo" type="string">
            <column name="registration_no" length="50" />
        </property>
        <property name="registrationDate" type="date">
            <column name="registration_date" length="13" />
        </property>
        <property name="familyId" type="string">
            <column name="family_id" length="30" />
        </property>
        <property name="defaultSourceId" type="string">
            <column name="default_source_id" length="50" not-null="true" />
        </property>
        <property name="oriLang" type="string">
            <column name="ori_lang" length="5" not-null="true" />
        </property>
        <property name="cryptoFlag" type="int">
            <column name="crypto_flag" not-null="true" />
        </property>
        <property name="withdrawFlag" type="int">
            <column name="withdraw_flag" not-null="true" />
        </property>
        <property name="deleteFlag" type="int">
            <column name="delete_flag" not-null="true" />
        </property>
        <property name="sizeOfClips" type="java.lang.Integer">
            <column name="size_of_clips" />
        </property>
        <property name="sizeOfFigures" type="java.lang.Integer">
            <column name="size_of_figures" />
        </property>
        <property name="grantYears" type="java.lang.Integer">
            <column name="grant_years" />
        </property>
        <property name="grantExtensionDays" type="java.lang.Integer">
            <column name="grant_extension_days" />
        </property>
        <property name="pageNoOfClaim" type="java.lang.Integer">
            <column name="page_no_of_claim" />
        </property>
        <property name="pageNoOfDesc" type="java.lang.Integer">
            <column name="page_no_of_desc" />
        </property>
        <property name="pageNoOfFigure" type="java.lang.Integer">
            <column name="page_no_of_figure" />
        </property>
        <property name="pageNoOfFirstImg" type="java.lang.Integer">
            <column name="page_no_of_first_img" />
        </property>
        <property name="firstImgFlag" type="java.lang.Integer">
            <column name="first_img_flag" />
        </property>
        <property name="truncateFlag" type="java.lang.Integer">
            <column name="truncate_flag" />
        </property>
        <property name="gazetteNo" type="string">
            <column name="gazette_no" length="50" />
        </property>
        <property name="gazettePublicDate" type="date">
            <column name="gazette_public_date" length="13" />
        </property>
        <property name="figurePages" type="java.lang.Integer">
            <column name="figure_pages" />
        </property>
        <property name="createDate" type="timestamp">
            <column name="create_date" length="29" not-null="true" />
        </property>
        <property name="lastUpdDate" type="timestamp">
            <column name="last_upd_date" length="29" not-null="true" />
        </property>
        <property name="reexFlag" type="java.lang.Integer">
            <column name="reex_flag" />
        </property>
        <property name="ptabFlag" type="java.lang.Integer">
            <column name="ptab_flag" />
        </property>
        <property name="secFlag" type="java.lang.Integer">
            <column name="sec_flag" />
        </property>
        <property name="sizeOfClaims" type="java.lang.Integer">
            <column name="size_of_claims" />
        </property>
        <property name="indexCriteria" type="string">
            <column name="index_criteria" length="50" />
        </property>
        <property name="designationOfStatesJson" type="string">
            <column name="designation_of_states_json" />
        </property>
        <property name="totalPages" type="java.lang.Integer">
            <column name="total_pages" />
        </property>
        <property name="examAppDate" type="date">
            <column name="exam_app_date" length="13" />
        </property>
        <property name="docdbFlag" type="int">
            <column name="docdb_flag" not-null="true" />
        </property>
        <property name="ptoFlag" type="int">
            <column name="pto_flag" not-null="true" />
        </property>
        <property name="parentCaseText" type="string">
            <column name="parent_case_text" />
        </property>
        <property name="partialDesignFlag" type="java.lang.Integer">
            <column name="partial_design_flag" />
        </property>
        <property name="appealNo" type="string">
            <column name="appeal_no" length="50" />
        </property>
        <property name="appealDate" type="date">
            <column name="appeal_date" length="13" />
        </property>
        <property name="relatedDesignFlag" type="java.lang.Integer">
            <column name="related_design_flag" />
        </property>
        <set name="patClsIpcs" table="pat_cls_ipc" inverse="true" lazy="true" fetch="select">
            <key>
                <column name="pat_id" length="50" not-null="true" />
            </key>
            <one-to-many class="com.patentdata.model.PatClsIpc" />
        </set>
        <set name="patRawTws" table="pat_raw_tw" inverse="true" lazy="true" fetch="select">
            <key>
                <column name="pat_id" length="50" not-null="true" />
            </key>
            <one-to-many class="com.patentdata.model.PatRawTw" />
        </set>
        <set name="patRawKrs" table="pat_raw_kr" inverse="true" lazy="true" fetch="select">
            <key>
                <column name="pat_id" length="50" not-null="true" />
            </key>
            <one-to-many class="com.patentdata.model.PatRawKr" />
        </set>
        <set name="patPtopidMappings" table="pat_ptopid_mapping" inverse="true" lazy="true" fetch="select">
            <key>
                <column name="pat_id" length="50" not-null="true" />
            </key>
            <one-to-many class="com.patentdata.model.PatPtopidMapping" />
        </set>
        <set name="patDataBriefs" table="pat_data_brief" inverse="true" lazy="true" fetch="select">
            <key>
                <column name="pat_id" length="50" not-null="true" />
            </key>
            <one-to-many class="com.patentdata.model.PatDataBrief" />
        </set>
        <set name="patRawIns" table="pat_raw_in" inverse="true" lazy="true" fetch="select">
            <key>
                <column name="pat_id" length="50" not-null="true" />
            </key>
            <one-to-many class="com.patentdata.model.PatRawIn" />
        </set>
        <set name="patPersonInventors" table="pat_person_inventor" inverse="true" lazy="true" fetch="select">
            <key>
                <column name="pat_id" length="50" not-null="true" />
            </key>
            <one-to-many class="com.patentdata.model.PatPersonInventor" />
        </set>
        <set name="patClsUspcs" table="pat_cls_uspc" inverse="true" lazy="true" fetch="select">
            <key>
                <column name="pat_id" length="50" not-null="true" />
            </key>
            <one-to-many class="com.patentdata.model.PatClsUspc" />
        </set>
        <set name="patClsFis" table="pat_cls_fi" inverse="true" lazy="true" fetch="select">
            <key>
                <column name="pat_id" length="50" not-null="true" />
            </key>
            <one-to-many class="com.patentdata.model.PatClsFi" />
        </set>
        <set name="patPersonExaminers" table="pat_person_examiner" inverse="true" lazy="true" fetch="select">
            <key>
                <column name="pat_id" length="50" not-null="true" />
            </key>
            <one-to-many class="com.patentdata.model.PatPersonExaminer" />
        </set>
        <set name="patClsDis" table="pat_cls_di" inverse="true" lazy="true" fetch="select">
            <key>
                <column name="pat_id" length="50" not-null="true" />
            </key>
            <one-to-many class="com.patentdata.model.PatClsDi" />
        </set>
        <set name="patClsFterms" table="pat_cls_fterm" inverse="true" lazy="true" fetch="select">
            <key>
                <column name="pat_id" length="50" not-null="true" />
            </key>
            <one-to-many class="com.patentdata.model.PatClsFterm" />
        </set>
        <one-to-one name="patRefHague" class="com.patentdata.model.PatRefHague"></one-to-one>
        <set name="patRefCitedNpls" table="pat_ref_cited_npl" inverse="true" lazy="true" fetch="select">
            <key>
                <column name="pat_id" length="50" not-null="true" />
            </key>
            <one-to-many class="com.patentdata.model.PatRefCitedNpl" />
        </set>
        <set name="patPersonAssignees" table="pat_person_assignee" inverse="true" lazy="true" fetch="select">
            <key>
                <column name="pat_id" length="50" not-null="true" />
            </key>
            <one-to-many class="com.patentdata.model.PatPersonAssignee" />
        </set>
        <set name="patRefRelatedChildsForChildPatId" table="pat_ref_related_child" inverse="true" lazy="true" fetch="select">
            <key>
                <column name="child_pat_id" length="50" />
            </key>
            <one-to-many class="com.patentdata.model.PatRefRelatedChild" />
        </set>
        <set name="patEventRecords" table="pat_event_record" inverse="true" lazy="true" fetch="select">
            <key>
                <column name="pat_id" length="50" not-null="true" />
            </key>
            <one-to-many class="com.patentdata.model.PatEventRecord" />
        </set>
        <set name="patRefRelatedChildsForPatId" table="pat_ref_related_child" inverse="true" lazy="true" fetch="select">
            <key>
                <column name="pat_id" length="50" not-null="true" />
            </key>
            <one-to-many class="com.patentdata.model.PatRefRelatedChild" />
        </set>
        <set name="patRefRelatedParents" table="pat_ref_related_parent" inverse="true" lazy="true" fetch="select">
            <key>
                <column name="pat_id" length="50" not-null="true" />
            </key>
            <one-to-many class="com.patentdata.model.PatRefRelatedParent" />
        </set>
        <set name="patClsCpcs" table="pat_cls_cpc" inverse="true" lazy="true" fetch="select">
            <key>
                <column name="pat_id" length="50" not-null="true" />
            </key>
            <one-to-many class="com.patentdata.model.PatClsCpc" />
        </set>
        <set name="patDataAmends" table="pat_data_amend" inverse="true" lazy="true" fetch="select">
            <key>
                <column name="pat_id" length="50" not-null="true" />
            </key>
            <one-to-many class="com.patentdata.model.PatDataAmend" />
        </set>
        <one-to-one name="patRefPct" class="com.patentdata.model.PatRefPct"></one-to-one>
        <set name="patPersonApplicants" table="pat_person_applicant" inverse="true" lazy="true" fetch="select">
            <key>
                <column name="pat_id" length="50" not-null="true" />
            </key>
            <one-to-many class="com.patentdata.model.PatPersonApplicant" />
        </set>
        <set name="patRefPriorities" table="pat_ref_priority" inverse="true" lazy="true" fetch="select">
            <key>
                <column name="pat_id" length="50" not-null="true" />
            </key>
            <one-to-many class="com.patentdata.model.PatRefPriority" />
        </set>
        <set name="patClsCsets" table="pat_cls_cset" inverse="true" lazy="true" fetch="select">
            <key>
                <column name="pat_id" length="50" not-null="true" />
            </key>
            <one-to-many class="com.patentdata.model.PatClsCset" />
        </set>
        <set name="patDataMemos" table="pat_data_memo" inverse="true" lazy="true" fetch="select">
            <key>
                <column name="pat_id" length="50" not-null="true" />
            </key>
            <one-to-many class="com.patentdata.model.PatDataMemo" />
        </set>
        <set name="patRefCiteds" table="pat_ref_cited" inverse="true" lazy="true" fetch="select">
            <key>
                <column name="pat_id" length="50" not-null="true" />
            </key>
            <one-to-many class="com.patentdata.model.PatRefCited" />
        </set>
        <set name="patRawCns" table="pat_raw_cn" inverse="true" lazy="true" fetch="select">
            <key>
                <column name="pat_id" length="50" not-null="true" />
            </key>
            <one-to-many class="com.patentdata.model.PatRawCn" />
        </set>
        <set name="patClsFieldOfSearches" table="pat_cls_field_of_search" inverse="true" lazy="true" fetch="select">
            <key>
                <column name="pat_id" length="50" not-null="true" />
            </key>
            <one-to-many class="com.patentdata.model.PatClsFieldOfSearch" />
        </set>
        <set name="patClsLocs" table="pat_cls_loc" inverse="true" lazy="true" fetch="select">
            <key>
                <column name="pat_id" length="50" not-null="true" />
            </key>
            <one-to-many class="com.patentdata.model.PatClsLoc" />
        </set>
        <set name="patDataTitles" table="pat_data_title" inverse="true" lazy="true" fetch="select">
            <key>
                <column name="pat_id" length="50" not-null="true" />
            </key>
            <one-to-many class="com.patentdata.model.PatDataTitle" />
        </set>
        <set name="patDataDescs" table="pat_data_desc" inverse="true" lazy="true" fetch="select">
            <key>
                <column name="pat_id" length="50" not-null="true" />
            </key>
            <one-to-many class="com.patentdata.model.PatDataDesc" />
        </set>
        <set name="patPersonCorrespondenceAddrs" table="pat_person_correspondence_addr" inverse="true" lazy="true" fetch="select">
            <key>
                <column name="pat_id" length="50" not-null="true" />
            </key>
            <one-to-many class="com.patentdata.model.PatPersonCorrespondenceAddr" />
        </set>
        <set name="patPersonAgents" table="pat_person_agent" inverse="true" lazy="true" fetch="select">
            <key>
                <column name="pat_id" length="50" not-null="true" />
            </key>
            <one-to-many class="com.patentdata.model.PatPersonAgent" />
        </set>
        <set name="patDataClaimses" table="pat_data_claims" inverse="true" lazy="true" fetch="select">
            <key>
                <column name="pat_id" length="50" not-null="true" />
            </key>
            <one-to-many class="com.patentdata.model.PatDataClaims" />
        </set>
        <set name="patClsDterms" table="pat_cls_dterm" inverse="true" lazy="true" fetch="select">
            <key>
                <column name="pat_id" length="50" not-null="true" />
            </key>
            <one-to-many class="com.patentdata.model.PatClsDterm" />
        </set>
        <set name="patClsEclas" table="pat_cls_ecla" inverse="true" lazy="true" fetch="select">
            <key>
                <column name="pat_id" length="50" not-null="true" />
            </key>
            <one-to-many class="com.patentdata.model.PatClsEcla" />
        </set>
    </class>
</hibernate-mapping>
