<?xml version="1.0"?>
<!DOCTYPE hibernate-mapping PUBLIC "-//Hibernate/Hibernate Mapping DTD 3.0//EN"
"http://www.hibernate.org/dtd/hibernate-mapping-3.0.dtd">
<!-- Generated 2016/5/17 ?????? 10:07:29 by Hibernate Tools 4.3.1.Final -->
<hibernate-mapping>
    <class name="com.patentdata.model.PatDataMemo" table="pat_data_memo" optimistic-lock="version">
        <id name="memoId" type="int">
            <column name="memo_id" />
            <generator class="assigned" />
        </id>
        <many-to-one name="patData" class="com.patentdata.model.PatData" fetch="select">
            <column name="pat_id" length="50" not-null="true" />
        </many-to-one>
        <many-to-one name="sourceData" class="com.patentdata.model.SourceData" fetch="select">
            <column name="source_id" length="50" not-null="true" />
        </many-to-one>
        <property name="memoType" type="int">
            <column name="memo_type" not-null="true" />
        </property>
        <property name="createDate" type="timestamp">
            <column name="create_date" length="29" not-null="true" />
        </property>
    </class>
</hibernate-mapping>
