<?xml version="1.0"?>
<!DOCTYPE hibernate-mapping PUBLIC "-//Hibernate/Hibernate Mapping DTD 3.0//EN"
"http://www.hibernate.org/dtd/hibernate-mapping-3.0.dtd">
<!-- Generated 2016/5/17 ?????? 10:07:29 by Hibernate Tools 4.3.1.Final -->
<hibernate-mapping>
    <class name="com.patentdata.model.PatDataAmend" table="pat_data_amend" optimistic-lock="version">
        <composite-id name="id" class="com.patentdata.model.PatDataAmendId">
            <key-property name="patId" type="string">
                <column name="pat_id" length="50" />
            </key-property>
            <key-property name="sourceId" type="string">
                <column name="source_id" length="50" />
            </key-property>
            <key-property name="amendDate" type="date">
                <column name="amend_date" length="13" />
            </key-property>
            <key-property name="item" type="int">
                <column name="item" />
            </key-property>
        </composite-id>
        <many-to-one name="patData" class="com.patentdata.model.PatData" update="false" insert="false" fetch="select">
            <column name="pat_id" length="50" not-null="true" />
        </many-to-one>
        <many-to-one name="sourceData" class="com.patentdata.model.SourceData" update="false" insert="false" fetch="select">
            <column name="source_id" length="50" not-null="true" />
        </many-to-one>
        <property name="amendColumnDesc" type="string">
            <column name="amend_column_desc" length="50" />
        </property>
        <property name="amendScopeDesc" type="string">
            <column name="amend_scope_desc" length="50" />
        </property>
        <property name="amendTypeDesc" type="string">
            <column name="amend_type_desc" length="50" />
        </property>
        <property name="amendVal" type="string">
            <column name="amend_val" />
        </property>
        <property name="createDate" type="timestamp">
            <column name="create_date" length="29" not-null="true" />
        </property>
    </class>
</hibernate-mapping>
