<?xml version="1.0"?>
<!DOCTYPE hibernate-mapping PUBLIC "-//Hibernate/Hibernate Mapping DTD 3.0//EN"
"http://www.hibernate.org/dtd/hibernate-mapping-3.0.dtd">
<!-- Generated 2016/5/17 ?????? 10:07:29 by Hibernate Tools 4.3.1.Final -->
<hibernate-mapping>
    <class name="com.patentdata.model.PatDataLog" table="pat_data_log" optimistic-lock="version">
        <id name="logId" type="int">
            <column name="log_id" />
            <generator class="assigned" />
        </id>
        <many-to-one name="sourceData" class="com.patentdata.model.SourceData" fetch="select">
            <column name="source_id" length="50" />
        </many-to-one>
        <property name="country" type="string">
            <column name="country" length="2" not-null="true" />
        </property>
        <property name="rawDocNo" type="string">
            <column name="raw_doc_no" length="50" not-null="true" />
        </property>
        <property name="docNo" type="string">
            <column name="doc_no" length="50" not-null="true" />
        </property>
        <property name="docDate" type="date">
            <column name="doc_date" length="13" />
        </property>
        <property name="logType" type="int">
            <column name="log_type" not-null="true" />
        </property>
        <property name="logCode" type="string">
            <column name="log_code" length="50" not-null="true" />
        </property>
        <property name="msg" type="string">
            <column name="msg" length="200" not-null="true" />
        </property>
        <property name="patId" type="string">
            <column name="pat_id" length="50" />
        </property>
        <property name="rawId" type="string">
            <column name="raw_id" length="50" />
        </property>
        <property name="logDate" type="timestamp">
            <column name="log_date" length="29" not-null="true" />
        </property>
        <property name="flag" type="int">
            <column name="flag" not-null="true" />
        </property>
    </class>
</hibernate-mapping>
