<?xml version="1.0"?>
<!DOCTYPE hibernate-mapping PUBLIC "-//Hibernate/Hibernate Mapping DTD 3.0//EN"
"http://www.hibernate.org/dtd/hibernate-mapping-3.0.dtd">
<!-- Generated 2016/5/17 ?????? 10:07:29 by Hibernate Tools 4.3.1.Final -->
<hibernate-mapping>
    <class name="com.patentdata.model.PatEventRecord" table="pat_event_record" optimistic-lock="version">
        <id name="recordId" type="int">
            <column name="record_id" />
            <generator class="assigned" />
        </id>
        <many-to-one name="patData" class="com.patentdata.model.PatData" fetch="select">
            <column name="pat_id" length="50" not-null="true" />
        </many-to-one>
        <many-to-one name="sourceData" class="com.patentdata.model.SourceData" fetch="select">
            <column name="source_id" length="50" not-null="true" />
        </many-to-one>
        <property name="patItem" type="int">
            <column name="pat_item" not-null="true" />
        </property>
        <property name="eventType" type="int">
            <column name="event_type" not-null="true" />
        </property>
        <property name="remark" type="string">
            <column name="remark" length="100" not-null="true" />
        </property>
        <property name="eventDate" type="timestamp">
            <column name="event_date" length="29" not-null="true" />
        </property>
        <set name="patEventRecordChangeLogs" table="pat_event_record_change_log" inverse="true" lazy="true" fetch="select">
            <key>
                <column name="record_id" not-null="true" />
            </key>
            <one-to-many class="com.patentdata.model.PatEventRecordChangeLog" />
        </set>
    </class>
</hibernate-mapping>
