<?xml version="1.0"?>
<!DOCTYPE hibernate-mapping PUBLIC "-//Hibernate/Hibernate Mapping DTD 3.0//EN"
"http://www.hibernate.org/dtd/hibernate-mapping-3.0.dtd">
<!-- Generated 2016/5/17 ?????? 10:07:29 by Hibernate Tools 4.3.1.Final -->
<hibernate-mapping>
    <class name="com.patentdata.model.PatEventRecordChangeLog" table="pat_event_record_change_log" optimistic-lock="version">
        <id name="logId" type="int">
            <column name="log_id" />
            <generator class="assigned" />
        </id>
        <many-to-one name="patEventRecord" class="com.patentdata.model.PatEventRecord" fetch="select">
            <column name="record_id" not-null="true" />
        </many-to-one>
        <property name="changeColName" type="string">
            <column name="change_col_name" length="50" not-null="true" />
        </property>
        <property name="curVal" type="string">
            <column name="cur_val" not-null="true" />
        </property>
        <property name="changeVal" type="string">
            <column name="change_val" not-null="true" />
        </property>
        <property name="createDate" type="timestamp">
            <column name="create_date" length="29" not-null="true" />
        </property>
    </class>
</hibernate-mapping>
