<?xml version="1.0"?>
<!DOCTYPE hibernate-mapping PUBLIC "-//Hibernate/Hibernate Mapping DTD 3.0//EN"
"http://www.hibernate.org/dtd/hibernate-mapping-3.0.dtd">
<!-- Generated 2016/5/17 ?????? 10:07:29 by Hibernate Tools 4.3.1.Final -->
<hibernate-mapping>
    <class name="com.patentdata.model.PatPtopidMapping" table="pat_ptopid_mapping" optimistic-lock="version">
        <id name="ptopidMappingId" type="int">
            <column name="ptopid_mapping_id" />
            <generator class="assigned" />
        </id>
        <many-to-one name="patData" class="com.patentdata.model.PatData" fetch="select">
            <column name="pat_id" length="50" not-null="true" />
        </many-to-one>
        <property name="ptopidId" type="string">
            <column name="ptopid_id" length="50" not-null="true" />
        </property>
    </class>
</hibernate-mapping>
