<?xml version="1.0"?>
<!DOCTYPE hibernate-mapping PUBLIC "-//Hibernate/Hibernate Mapping DTD 3.0//EN"
"http://www.hibernate.org/dtd/hibernate-mapping-3.0.dtd">
<!-- Generated 2016/5/17 ?????? 10:07:29 by Hibernate Tools 4.3.1.Final -->
<hibernate-mapping>
    <class name="com.patentdata.model.PatRefRelatedParent" table="pat_ref_related_parent" optimistic-lock="version">
        <composite-id name="id" class="com.patentdata.model.PatRefRelatedParentId">
            <key-property name="patId" type="string">
                <column name="pat_id" length="50" />
            </key-property>
            <key-property name="sourceId" type="string">
                <column name="source_id" length="50" />
            </key-property>
            <key-property name="item" type="int">
                <column name="item" />
            </key-property>
        </composite-id>
        <many-to-one name="patData" class="com.patentdata.model.PatData" update="false" insert="false" fetch="select">
            <column name="pat_id" length="50" not-null="true" />
        </many-to-one>
        <many-to-one name="sourceData" class="com.patentdata.model.SourceData" update="false" insert="false" fetch="select">
            <column name="source_id" length="50" not-null="true" />
        </many-to-one>
        <property name="relatedType" type="int">
            <column name="related_type" not-null="true" />
        </property>
        <property name="rawAppNo" type="string">
            <column name="raw_app_no" length="50" />
        </property>
        <property name="appNo" type="string">
            <column name="app_no" length="50" />
        </property>
        <property name="appDate" type="date">
            <column name="app_date" length="13" />
        </property>
        <property name="parentAppId" type="string">
            <column name="parent_app_id" length="50" />
        </property>
        <property name="patStatus" type="string">
            <column name="pat_status" length="50" />
        </property>
        <property name="rawDocNo" type="string">
            <column name="raw_doc_no" length="50" />
        </property>
        <property name="docNo" type="string">
            <column name="doc_no" length="50" />
        </property>
        <property name="docDate" type="date">
            <column name="doc_date" length="13" />
        </property>
        <property name="kindCode" type="string">
            <column name="kind_code" length="2" />
        </property>
        <property name="inventorName" type="string">
            <column name="inventor_name" length="200" />
        </property>
        <property name="parentPatId" type="string">
            <column name="parent_pat_id" length="50" />
        </property>
        <property name="rawPctAppNo" type="string">
            <column name="raw_pct_app_no" length="50" />
        </property>
        <property name="pctAppNo" type="string">
            <column name="pct_app_no" length="50" />
        </property>
        <property name="pctAppDate" type="date">
            <column name="pct_app_date" length="13" />
        </property>
        <property name="pctAppId" type="string">
            <column name="pct_app_id" length="50" />
        </property>
        <property name="correctionCode" type="string">
            <column name="correction_code" length="50" />
        </property>
        <property name="correctionGazettleNo" type="string">
            <column name="correction_gazettle_no" length="50" />
        </property>
        <property name="createDate" type="timestamp">
            <column name="create_date" length="29" not-null="true" />
        </property>
        <property name="rawAppDate" type="string">
            <column name="raw_app_date" length="20" />
        </property>
        <property name="rawDocDate" type="string">
            <column name="raw_doc_date" length="20" />
        </property>
        <property name="rawPctAppDate" type="string">
            <column name="raw_pct_app_date" length="20" />
        </property>
        <property name="appCountry" type="string">
            <column name="app_country" length="2" />
        </property>
        <property name="docCountry" type="string">
            <column name="doc_country" length="2" />
        </property>
        <property name="gazettePublicDate" type="date">
            <column name="gazette_public_date" length="13" />
        </property>
        <set name="patRefRelatedChilds" table="pat_ref_related_child" inverse="true" lazy="true" fetch="select">
            <key>
                <column name="pat_id" length="50" not-null="true" />
                <column name="source_id" length="50" not-null="true" />
                <column name="parent_item" />
            </key>
            <one-to-many class="com.patentdata.model.PatRefRelatedChild" />
        </set>
    </class>
</hibernate-mapping>
