<?xml version="1.0"?>
<!DOCTYPE hibernate-mapping PUBLIC "-//Hibernate/Hibernate Mapping DTD 3.0//EN"
"http://www.hibernate.org/dtd/hibernate-mapping-3.0.dtd">
<!-- Generated 2016/5/17 ?????? 10:07:29 by Hibernate Tools 4.3.1.Final -->
<hibernate-mapping>
    <class name="com.patentdata.model.PatRefRelatedChild" table="pat_ref_related_child" optimistic-lock="version">
        <composite-id name="id" class="com.patentdata.model.PatRefRelatedChildId">
            <key-property name="patId" type="string">
                <column name="pat_id" length="50" />
            </key-property>
            <key-property name="sourceId" type="string">
                <column name="source_id" length="50" />
            </key-property>
            <key-property name="item" type="int">
                <column name="item" />
            </key-property>
        </composite-id>
        <many-to-one name="appData" class="com.patentdata.model.AppData" fetch="select">
            <column name="child_app_id" length="50" />
        </many-to-one>
        <many-to-one name="patDataByChildPatId" class="com.patentdata.model.PatData" fetch="select">
            <column name="child_pat_id" length="50" />
        </many-to-one>
        <many-to-one name="patDataByPatId" class="com.patentdata.model.PatData" update="false" insert="false" fetch="select">
            <column name="pat_id" length="50" not-null="true" />
        </many-to-one>
        <many-to-one name="patRefRelatedParent" class="com.patentdata.model.PatRefRelatedParent" update="false" insert="false" fetch="select">
            <column name="pat_id" length="50" not-null="true" />
            <column name="source_id" length="50" not-null="true" />
            <column name="parent_item" />
        </many-to-one>
        <many-to-one name="sourceData" class="com.patentdata.model.SourceData" update="false" insert="false" fetch="select">
            <column name="source_id" length="50" not-null="true" />
        </many-to-one>
        <property name="relatedType" type="int">
            <column name="related_type" not-null="true" />
        </property>
        <property name="rawAppNo" type="string">
            <column name="raw_app_no" length="50" />
        </property>
        <property name="appNo" type="string">
            <column name="app_no" length="50" />
        </property>
        <property name="appDate" type="date">
            <column name="app_date" length="13" />
        </property>
        <property name="rawDocNo" type="string">
            <column name="raw_doc_no" length="50" />
        </property>
        <property name="docNo" type="string">
            <column name="doc_no" length="50" />
        </property>
        <property name="createDate" type="timestamp">
            <column name="create_date" length="29" not-null="true" />
        </property>
        <property name="rawAppDate" type="string">
            <column name="raw_app_date" length="20" />
        </property>
        <property name="appCountry" type="string">
            <column name="app_country" length="2" />
        </property>
    </class>
</hibernate-mapping>
