<?xml version="1.0"?>
<!DOCTYPE hibernate-mapping PUBLIC "-//Hibernate/Hibernate Mapping DTD 3.0//EN"
"http://www.hibernate.org/dtd/hibernate-mapping-3.0.dtd">
<!-- Generated 2016/5/17 ?????? 10:07:29 by Hibernate Tools 4.3.1.Final -->
<hibernate-mapping>
    <class name="com.patentdata.model.PatRawTw" table="pat_raw_tw" optimistic-lock="version">
        <id name="rawId" type="string">
            <column name="raw_id" length="50" />
            <generator class="assigned" />
        </id>
        <many-to-one name="patData" class="com.patentdata.model.PatData" fetch="select">
            <column name="pat_id" length="50" not-null="true" />
        </many-to-one>
        <property name="rawJson" type="string">
            <column name="raw_json" not-null="true" />
        </property>
        <property name="createDate" type="timestamp">
            <column name="create_date" length="29" not-null="true" />
        </property>
        <property name="lastUpdDate" type="timestamp">
            <column name="last_upd_date" length="29" not-null="true" />
        </property>
    </class>
</hibernate-mapping>
