<?xml version="1.0"?>
<!DOCTYPE hibernate-mapping PUBLIC "-//Hibernate/Hibernate Mapping DTD 3.0//EN"
"http://www.hibernate.org/dtd/hibernate-mapping-3.0.dtd">
<!-- Generated 2016/5/17 ?????? 10:07:29 by Hibernate Tools 4.3.1.Final -->
<hibernate-mapping>
    <class name="com.patentdata.model.PatRefHague" table="pat_ref_hague" optimistic-lock="version">
        <id name="patId" type="string">
            <column name="pat_id" length="50" />
            <generator class="foreign">
                <param name="property">patData</param>
            </generator>
        </id>
        <one-to-one name="patData" class="com.patentdata.model.PatData" constrained="true"></one-to-one>
        <property name="rawAppDate" type="string">
            <column name="raw_app_date" length="20" />
        </property>
        <property name="appDate" type="date">
            <column name="app_date" length="13" />
        </property>
        <property name="rawPublicDate" type="string">
            <column name="raw_public_date" length="20" />
        </property>
        <property name="publicDate" type="date">
            <column name="public_date" length="13" />
        </property>
        <property name="registrationNo" type="string">
            <column name="registration_no" length="50" />
        </property>
        <property name="designNo" type="string">
            <column name="design_no" length="3" />
        </property>
        <property name="createDate" type="timestamp">
            <column name="create_date" length="29" not-null="true" />
        </property>
    </class>
</hibernate-mapping>
