<?xml version="1.0"?>
<!DOCTYPE hibernate-mapping PUBLIC "-//Hibernate/Hibernate Mapping DTD 3.0//EN"
"http://www.hibernate.org/dtd/hibernate-mapping-3.0.dtd">
<!-- Generated 2016/5/17 ?????? 10:07:29 by Hibernate Tools 4.3.1.Final -->
<hibernate-mapping>
    <class name="com.patentdata.model.PersonLang" table="person_lang" optimistic-lock="version">
        <id name="personLangId" type="int">
            <column name="person_lang_id" />
            <generator class="assigned" />
        </id>
        <property name="enabledFlag" type="int">
            <column name="enabled_flag" not-null="true" />
        </property>
        <property name="createDate" type="timestamp">
            <column name="create_date" length="29" not-null="true" />
        </property>
        <property name="lastUpdDate" type="timestamp">
            <column name="last_upd_date" length="29" not-null="true" />
        </property>
        <set name="personLangLists" table="person_lang_list" inverse="true" lazy="true" fetch="select">
            <key>
                <column name="person_lang_id" not-null="true" />
            </key>
            <one-to-many class="com.patentdata.model.PersonLangList" />
        </set>
    </class>
</hibernate-mapping>
