<?xml version="1.0"?>
<!DOCTYPE hibernate-mapping PUBLIC "-//Hibernate/Hibernate Mapping DTD 3.0//EN"
"http://www.hibernate.org/dtd/hibernate-mapping-3.0.dtd">
<!-- Generated 2016/5/17 ?????? 10:07:29 by Hibernate Tools 4.3.1.Final -->
<hibernate-mapping>
    <class name="com.patentdata.model.PersonLangList" table="person_lang_list" optimistic-lock="version">
        <composite-id name="id" class="com.patentdata.model.PersonLangListId">
            <key-property name="personLangId" type="int">
                <column name="person_lang_id" />
            </key-property>
            <key-property name="personId" type="binary">
                <column name="person_id" />
            </key-property>
        </composite-id>
        <many-to-one name="personData" class="com.patentdata.model.PersonData" update="false" insert="false" fetch="select">
            <column name="person_id" not-null="true" />
        </many-to-one>
        <many-to-one name="personLang" class="com.patentdata.model.PersonLang" update="false" insert="false" fetch="select">
            <column name="person_lang_id" not-null="true" />
        </many-to-one>
        <property name="createDate" type="timestamp">
            <column name="create_date" length="29" not-null="true" />
        </property>
        <property name="lastUpdDate" type="timestamp">
            <column name="last_upd_date" length="29" not-null="true" />
        </property>
    </class>
</hibernate-mapping>
