<?xml version="1.0"?>
<!DOCTYPE hibernate-mapping PUBLIC "-//Hibernate/Hibernate Mapping DTD 3.0//EN"
"http://www.hibernate.org/dtd/hibernate-mapping-3.0.dtd">
<!-- Generated 2016/5/17 ?????? 10:07:29 by Hibernate Tools 4.3.1.Final -->
<hibernate-mapping>
    <class name="com.patentdata.model.PersonData" table="person_data" optimistic-lock="version">
        <id name="personId" type="serializable">
            <column name="person_id" />
            <generator class="assigned" />
        </id>
        <property name="personType" type="int">
            <column name="person_type" not-null="true" />
        </property>
        <property name="personName" type="string">
            <column name="person_name" />
        </property>
        <property name="address" type="string">
            <column name="address" length="500" />
        </property>
        <property name="city" type="string">
            <column name="city" length="200" />
        </property>
        <property name="state" type="string">
            <column name="state" length="50" />
        </property>
        <property name="postcode" type="string">
            <column name="postcode" length="50" />
        </property>
        <property name="country" type="string">
            <column name="country" length="2" />
        </property>
        <property name="lang" type="string">
            <column name="lang" length="5" not-null="true" />
        </property>
        <property name="personFacet" type="string">
            <column name="person_facet" not-null="true" />
        </property>
        <property name="createDate" type="timestamp">
            <column name="create_date" length="29" not-null="true" />
        </property>
        <property name="lastUpdDate" type="timestamp">
            <column name="last_upd_date" length="29" not-null="true" />
        </property>
        <set name="patPersonAssignees" table="pat_person_assignee" inverse="true" lazy="true" fetch="select">
            <key>
                <column name="person_id" not-null="true" />
            </key>
            <one-to-many class="com.patentdata.model.PatPersonAssignee" />
        </set>
        <set name="patPersonExaminers" table="pat_person_examiner" inverse="true" lazy="true" fetch="select">
            <key>
                <column name="person_id" not-null="true" />
            </key>
            <one-to-many class="com.patentdata.model.PatPersonExaminer" />
        </set>
        <set name="patPersonInventors" table="pat_person_inventor" inverse="true" lazy="true" fetch="select">
            <key>
                <column name="person_id" not-null="true" />
            </key>
            <one-to-many class="com.patentdata.model.PatPersonInventor" />
        </set>
        <set name="patPersonAgents" table="pat_person_agent" inverse="true" lazy="true" fetch="select">
            <key>
                <column name="person_id" not-null="true" />
            </key>
            <one-to-many class="com.patentdata.model.PatPersonAgent" />
        </set>
        <set name="patPersonApplicants" table="pat_person_applicant" inverse="true" lazy="true" fetch="select">
            <key>
                <column name="person_id" not-null="true" />
            </key>
            <one-to-many class="com.patentdata.model.PatPersonApplicant" />
        </set>
        <set name="patPersonCorrespondenceAddrs" table="pat_person_correspondence_addr" inverse="true" lazy="true" fetch="select">
            <key>
                <column name="person_id" not-null="true" />
            </key>
            <one-to-many class="com.patentdata.model.PatPersonCorrespondenceAddr" />
        </set>
        <set name="personLangLists" table="person_lang_list" inverse="true" lazy="true" fetch="select">
            <key>
                <column name="person_id" not-null="true" />
            </key>
            <one-to-many class="com.patentdata.model.PersonLangList" />
        </set>
    </class>
</hibernate-mapping>
