<?xml version="1.0"?>
<!DOCTYPE hibernate-mapping PUBLIC "-//Hibernate/Hibernate Mapping DTD 3.0//EN"
"http://www.hibernate.org/dtd/hibernate-mapping-3.0.dtd">
<!-- Generated 2016/1/22 ?????? 02:30:49 by Hibernate Tools 4.3.1.Final -->
<hibernate-mapping>
    <class name="com.patentdata.model.AppCurAssignee" table="app_cur_assignee" optimistic-lock="version">
        <composite-id name="id" class="com.patentdata.model.AppCurAssigneeId">
            <key-property name="appId" type="string">
                <column name="app_id" length="50" />
            </key-property>
            <key-property name="item" type="int">
                <column name="item" />
            </key-property>
        </composite-id>
        <many-to-one name="appData" class="com.patentdata.model.AppData" update="false" insert="false" fetch="select">
            <column name="app_id" length="50" not-null="true" />
        </many-to-one>
        <property name="curAssigneeName" type="string">
            <column name="cur_assignee_name" length="200" not-null="true" />
        </property>
        <property name="createDate" type="timestamp">
            <column name="create_date" length="29" not-null="true" />
        </property>
        <property name="lastUpdDate" type="timestamp">
            <column name="last_upd_date" length="29" not-null="true" />
        </property>
    </class>
</hibernate-mapping>
