<?xml version="1.0"?>
<!DOCTYPE hibernate-mapping PUBLIC "-//Hibernate/Hibernate Mapping DTD 3.0//EN"
"http://www.hibernate.org/dtd/hibernate-mapping-3.0.dtd">
<!-- Generated 2016/1/22 ?????? 02:30:49 by Hibernate Tools 4.3.1.Final -->
<hibernate-mapping>
    <class name="com.patentdata.model.AppData" table="app_data" optimistic-lock="version">
        <id name="appId" type="string">
            <column name="app_id" length="50" />
            <generator class="assigned" />
        </id>
        <property name="country" type="string">
            <column name="country" length="2" not-null="true" />
        </property>
        <property name="appNo" type="string">
            <column name="app_no" length="50" not-null="true" />
        </property>
        <property name="appDate" type="date">
            <column name="app_date" length="13" not-null="true" />
        </property>
        <property name="appLang" type="string">
            <column name="app_lang" length="2" />
        </property>
        <property name="createDate" type="timestamp">
            <column name="create_date" length="29" not-null="true" />
        </property>
        <property name="lastUpdDate" type="timestamp">
            <column name="last_upd_date" length="29" not-null="true" />
        </property>
        <set name="patRefPriorities" table="pat_ref_priority" inverse="true" lazy="true" fetch="select">
            <key>
                <column name="app_id" length="50" />
            </key>
            <one-to-many class="com.patentdata.model.PatRefPriority" />
        </set>
        <set name="appCurAssignees" table="app_cur_assignee" inverse="true" lazy="true" fetch="select">
            <key>
                <column name="app_id" length="50" not-null="true" />
            </key>
            <one-to-many class="com.patentdata.model.AppCurAssignee" />
        </set>
        <set name="patRefRelatedParentChilds" table="pat_ref_related_parent_child" inverse="true" lazy="true" fetch="select">
            <key>
                <column name="child_app_id" length="50" />
            </key>
            <one-to-many class="com.patentdata.model.PatRefRelatedParentChild" />
        </set>
        <set name="patRefPcts" table="pat_ref_pct" inverse="true" lazy="true" fetch="select">
            <key>
                <column name="pct_app_id" length="50" />
            </key>
            <one-to-many class="com.patentdata.model.PatRefPct" />
        </set>
    </class>
</hibernate-mapping>
