<?xml version="1.0"?>
<!DOCTYPE hibernate-mapping PUBLIC "-//Hibernate/Hibernate Mapping DTD 3.0//EN"
"http://www.hibernate.org/dtd/hibernate-mapping-3.0.dtd">
<!-- Generated 2016/1/22 ?????? 02:30:49 by Hibernate Tools 4.3.1.Final -->
<hibernate-mapping>
    <class name="com.patentdata.model.PatClsIpc" table="pat_cls_ipc" optimistic-lock="version">
        <composite-id name="id" class="com.patentdata.model.PatClsIpcId">
            <key-property name="patId" type="string">
                <column name="pat_id" length="50" />
            </key-property>
            <key-property name="sourceId" type="string">
                <column name="source_id" length="50" />
            </key-property>
            <key-property name="item" type="int">
                <column name="item" />
            </key-property>
        </composite-id>
        <many-to-one name="patData" class="com.patentdata.model.PatData" update="false" insert="false" fetch="select">
            <column name="pat_id" length="50" not-null="true" />
        </many-to-one>
        <many-to-one name="sourceData" class="com.patentdata.model.SourceData" update="false" insert="false" fetch="select">
            <column name="source_id" length="50" not-null="true" />
        </many-to-one>
        <property name="ipcText" type="string">
            <column name="ipc_text" length="30" not-null="true" />
        </property>
        <property name="symbolPosition" type="string">
            <column name="symbol_position" length="1" />
        </property>
        <property name="clsVersion" type="string">
            <column name="cls_version" length="50" />
        </property>
        <property name="clsLevel" type="string">
            <column name="cls_level" length="1" />
        </property>
        <property name="clsValue" type="string">
            <column name="cls_value" length="1" />
        </property>
        <property name="actionDate" type="date">
            <column name="action_date" length="13" />
        </property>
        <property name="genOffice" type="string">
            <column name="gen_office" length="2" />
        </property>
        <property name="clsStatus" type="string">
            <column name="cls_status" length="1" />
        </property>
        <property name="clsDataSource" type="string">
            <column name="cls_data_source" length="1" />
        </property>
        <property name="mainFlag" type="int">
            <column name="main_flag" not-null="true" />
        </property>
        <property name="createDate" type="timestamp">
            <column name="create_date" length="29" not-null="true" />
        </property>
        <property name="lastUpdDate" type="timestamp">
            <column name="last_upd_date" length="29" not-null="true" />
        </property>
    </class>
</hibernate-mapping>
