<?xml version="1.0"?>
<!DOCTYPE hibernate-mapping PUBLIC "-//Hibernate/Hibernate Mapping DTD 3.0//EN"
"http://www.hibernate.org/dtd/hibernate-mapping-3.0.dtd">
<!-- Generated 2016/1/22 ?????? 02:30:49 by Hibernate Tools 4.3.1.Final -->
<hibernate-mapping>
    <class name="com.patentdata.model.PatRefRelatedParentChild" table="pat_ref_related_parent_child" optimistic-lock="version">
        <composite-id name="id" class="com.patentdata.model.PatRefRelatedParentChildId">
            <key-property name="patId" type="string">
                <column name="pat_id" length="50" />
            </key-property>
            <key-property name="sourceId" type="string">
                <column name="source_id" length="50" />
            </key-property>
            <key-property name="parentItem" type="int">
                <column name="parent_item" />
            </key-property>
            <key-property name="item" type="int">
                <column name="item" />
            </key-property>
        </composite-id>
        <many-to-one name="appData" class="com.patentdata.model.AppData" fetch="select">
            <column name="child_app_id" length="50" />
        </many-to-one>
        <property name="rawAppNo" type="string">
            <column name="raw_app_no" length="50" not-null="true" />
        </property>
        <property name="appNo" type="string">
            <column name="app_no" length="50" not-null="true" />
        </property>
        <property name="createDate" type="timestamp">
            <column name="create_date" length="29" not-null="true" />
        </property>
        <property name="lastUpdDate" type="timestamp">
            <column name="last_upd_date" length="29" not-null="true" />
        </property>
    </class>
</hibernate-mapping>
