<?xml version="1.0"?>
<!DOCTYPE hibernate-mapping PUBLIC "-//Hibernate/Hibernate Mapping DTD 3.0//EN"
"http://www.hibernate.org/dtd/hibernate-mapping-3.0.dtd">
<!-- Generated 2016/1/22 ?????? 02:30:49 by Hibernate Tools 4.3.1.Final -->
<hibernate-mapping>
    <class name="com.patentdata.model.PatRefPct" table="pat_ref_pct" optimistic-lock="version">
        <composite-id name="id" class="com.patentdata.model.PatRefPctId">
            <key-property name="patId" type="string">
                <column name="pat_id" length="50" />
            </key-property>
            <key-property name="sourceId" type="string">
                <column name="source_id" length="50" />
            </key-property>
        </composite-id>
        <many-to-one name="appData" class="com.patentdata.model.AppData" fetch="select">
            <column name="pct_app_id" length="50" />
        </many-to-one>
        <many-to-one name="patData" class="com.patentdata.model.PatData" update="false" insert="false" fetch="select">
            <column name="pat_id" length="50" not-null="true" />
        </many-to-one>
        <many-to-one name="sourceData" class="com.patentdata.model.SourceData" update="false" insert="false" fetch="select">
            <column name="source_id" length="50" not-null="true" />
        </many-to-one>
        <property name="rawAppNo" type="string">
            <column name="raw_app_no" length="50" not-null="true" />
        </property>
        <property name="appNo" type="string">
            <column name="app_no" length="50" not-null="true" />
        </property>
        <property name="appDate" type="date">
            <column name="app_date" length="13" not-null="true" />
        </property>
        <property name="pct371c124Date" type="date">
            <column name="pct_371c124_date" length="13" />
        </property>
        <property name="article2239Date" type="date">
            <column name="article_22_39_date" length="13" />
        </property>
        <property name="pct371c12Date" type="string">
            <column name="pct_371c12_date" length="10" />
        </property>
        <property name="rawPublicNo" type="string">
            <column name="raw_public_no" length="50" not-null="true" />
        </property>
        <property name="publicNo" type="string">
            <column name="public_no" length="50" not-null="true" />
        </property>
        <property name="publicPatId" type="string">
            <column name="public_pat_id" length="50" />
        </property>
        <property name="publicDate" type="date">
            <column name="public_date" length="13" />
        </property>
        <property name="publicGazetteNo" type="string">
            <column name="public_gazette_no" length="50" />
        </property>
        <property name="publicGazetteDate" type="date">
            <column name="public_gazette_date" length="13" />
        </property>
        <property name="createDate" type="timestamp">
            <column name="create_date" length="29" not-null="true" />
        </property>
        <property name="lastUpdDate" type="timestamp">
            <column name="last_upd_date" length="29" not-null="true" />
        </property>
    </class>
</hibernate-mapping>
