<?xml version="1.0"?>
<!DOCTYPE hibernate-mapping PUBLIC "-//Hibernate/Hibernate Mapping DTD 3.0//EN"
"http://www.hibernate.org/dtd/hibernate-mapping-3.0.dtd">
<!-- Generated 2016/1/22 ?????? 02:30:49 by Hibernate Tools 4.3.1.Final -->
<hibernate-mapping>
    <class name="com.patentdata.model.PatRefCitedCls" table="pat_ref_cited_cls" optimistic-lock="version">
        <composite-id name="id" class="com.patentdata.model.PatRefCitedClsId">
            <key-property name="patId" type="string">
                <column name="pat_id" length="50" />
            </key-property>
            <key-property name="sourceId" type="string">
                <column name="source_id" length="50" />
            </key-property>
            <key-property name="citedItem" type="int">
                <column name="cited_item" />
            </key-property>
            <key-property name="item" type="int">
                <column name="item" />
            </key-property>
        </composite-id>
        <many-to-one name="patRefCited" class="com.patentdata.model.PatRefCited" update="false" insert="false" fetch="select">
            <column name="pat_id" length="50" not-null="true" />
            <column name="source_id" length="50" not-null="true" />
            <column name="cited_item" not-null="true" />
        </many-to-one>
        <property name="classType" type="string">
            <column name="class_type" length="10" not-null="true" />
        </property>
        <property name="classText" type="string">
            <column name="class_text" length="30" not-null="true" />
        </property>
        <property name="createDate" type="timestamp">
            <column name="create_date" length="29" not-null="true" />
        </property>
        <property name="lastUpdDate" type="timestamp">
            <column name="last_upd_date" length="29" not-null="true" />
        </property>
    </class>
</hibernate-mapping>
