<?xml version="1.0"?>
<!DOCTYPE hibernate-mapping PUBLIC "-//Hibernate/Hibernate Mapping DTD 3.0//EN"
"http://www.hibernate.org/dtd/hibernate-mapping-3.0.dtd">
<!-- Generated 2016/1/22 ?????? 02:30:49 by Hibernate Tools 4.3.1.Final -->
<hibernate-mapping>
    <class name="com.patentdata.model.PatRefCited" table="pat_ref_cited" optimistic-lock="version">
        <composite-id name="id" class="com.patentdata.model.PatRefCitedId">
            <key-property name="patId" type="string">
                <column name="pat_id" length="50" />
            </key-property>
            <key-property name="sourceId" type="string">
                <column name="source_id" length="50" />
            </key-property>
            <key-property name="item" type="int">
                <column name="item" />
            </key-property>
        </composite-id>
        <many-to-one name="patData" class="com.patentdata.model.PatData" update="false" insert="false" fetch="select">
            <column name="pat_id" length="50" not-null="true" />
        </many-to-one>
        <many-to-one name="sourceData" class="com.patentdata.model.SourceData" update="false" insert="false" fetch="select">
            <column name="source_id" length="50" not-null="true" />
        </many-to-one>
        <property name="docNo" type="string">
            <column name="doc_no" length="50" not-null="true" />
        </property>
        <property name="country" type="string">
            <column name="country" length="10" />
        </property>
        <property name="rawDocNo" type="string">
            <column name="raw_doc_no" length="50" />
        </property>
        <property name="kindCode" type="string">
            <column name="kind_code" length="2" />
        </property>
        <property name="inventorName" type="string">
            <column name="inventor_name" length="50" />
        </property>
        <property name="docDate" type="date">
            <column name="doc_date" length="13" />
        </property>
        <property name="appDate" type="date">
            <column name="app_date" length="13" />
        </property>
        <property name="citedByType" type="int">
            <column name="cited_by_type" not-null="true" />
        </property>
        <property name="citedPatId" type="string">
            <column name="cited_pat_id" length="50" />
        </property>
        <property name="createDate" type="timestamp">
            <column name="create_date" length="29" not-null="true" />
        </property>
        <property name="lastUpdDate" type="timestamp">
            <column name="last_upd_date" length="29" not-null="true" />
        </property>
        <set name="patRefCitedClses" table="pat_ref_cited_cls" inverse="true" lazy="true" fetch="select">
            <key>
                <column name="pat_id" length="50" not-null="true" />
                <column name="source_id" length="50" not-null="true" />
                <column name="cited_item" not-null="true" />
            </key>
            <one-to-many class="com.patentdata.model.PatRefCitedCls" />
        </set>
    </class>
</hibernate-mapping>
