<?xml version="1.0"?>
<!DOCTYPE hibernate-mapping PUBLIC "-//Hibernate/Hibernate Mapping DTD 3.0//EN"
"http://www.hibernate.org/dtd/hibernate-mapping-3.0.dtd">
<!-- Generated 2016/1/22 ?????? 02:30:49 by Hibernate Tools 4.3.1.Final -->
<hibernate-mapping>
    <class name="com.patentdata.model.SourceData" table="source_data" optimistic-lock="version">
        <id name="sourceId" type="string">
            <column name="source_id" length="50" />
            <generator class="assigned" />
        </id>
        <property name="remark" type="string">
            <column name="remark" length="50" not-null="true" />
        </property>
        <property name="createDate" type="timestamp">
            <column name="create_date" length="29" not-null="true" />
        </property>
        <property name="lastUpdDate" type="timestamp">
            <column name="last_upd_date" length="29" not-null="true" />
        </property>
        <set name="patRefCitedNpls" table="pat_ref_cited_npl" inverse="true" lazy="true" fetch="select">
            <key>
                <column name="source_id" length="50" not-null="true" />
            </key>
            <one-to-many class="com.patentdata.model.PatRefCitedNpl" />
        </set>
        <set name="patClsFis" table="pat_cls_fi" inverse="true" lazy="true" fetch="select">
            <key>
                <column name="source_id" length="50" not-null="true" />
            </key>
            <one-to-many class="com.patentdata.model.PatClsFi" />
        </set>
        <set name="patPersonAgents" table="pat_person_agent" inverse="true" lazy="true" fetch="select">
            <key>
                <column name="source_id" length="50" not-null="true" />
            </key>
            <one-to-many class="com.patentdata.model.PatPersonAgent" />
        </set>
        <set name="patPersonCorrespondenceAddrs" table="pat_person_correspondence_addr" inverse="true" lazy="true" fetch="select">
            <key>
                <column name="source_id" length="50" not-null="true" />
            </key>
            <one-to-many class="com.patentdata.model.PatPersonCorrespondenceAddr" />
        </set>
        <set name="patRefPcts" table="pat_ref_pct" inverse="true" lazy="true" fetch="select">
            <key>
                <column name="source_id" length="50" not-null="true" />
            </key>
            <one-to-many class="com.patentdata.model.PatRefPct" />
        </set>
        <set name="patRefRelatedParents" table="pat_ref_related_parent" inverse="true" lazy="true" fetch="select">
            <key>
                <column name="source_id" length="50" not-null="true" />
            </key>
            <one-to-many class="com.patentdata.model.PatRefRelatedParent" />
        </set>
        <set name="patDataTitles" table="pat_data_title" inverse="true" lazy="true" fetch="select">
            <key>
                <column name="source_id" length="50" not-null="true" />
            </key>
            <one-to-many class="com.patentdata.model.PatDataTitle" />
        </set>
        <set name="patClsFterms" table="pat_cls_fterm" inverse="true" lazy="true" fetch="select">
            <key>
                <column name="source_id" length="50" not-null="true" />
            </key>
            <one-to-many class="com.patentdata.model.PatClsFterm" />
        </set>
        <set name="patClsFieldOfSearches" table="pat_cls_field_of_search" inverse="true" lazy="true" fetch="select">
            <key>
                <column name="source_id" length="50" not-null="true" />
            </key>
            <one-to-many class="com.patentdata.model.PatClsFieldOfSearch" />
        </set>
        <set name="patRefCiteds" table="pat_ref_cited" inverse="true" lazy="true" fetch="select">
            <key>
                <column name="source_id" length="50" not-null="true" />
            </key>
            <one-to-many class="com.patentdata.model.PatRefCited" />
        </set>
        <set name="patClsDterms" table="pat_cls_dterm" inverse="true" lazy="true" fetch="select">
            <key>
                <column name="source_id" length="50" not-null="true" />
            </key>
            <one-to-many class="com.patentdata.model.PatClsDterm" />
        </set>
        <set name="patClsIpcs" table="pat_cls_ipc" inverse="true" lazy="true" fetch="select">
            <key>
                <column name="source_id" length="50" not-null="true" />
            </key>
            <one-to-many class="com.patentdata.model.PatClsIpc" />
        </set>
        <set name="patPersonApplicants" table="pat_person_applicant" inverse="true" lazy="true" fetch="select">
            <key>
                <column name="source_id" length="50" not-null="true" />
            </key>
            <one-to-many class="com.patentdata.model.PatPersonApplicant" />
        </set>
        <set name="patPersonInventors" table="pat_person_inventor" inverse="true" lazy="true" fetch="select">
            <key>
                <column name="source_id" length="50" not-null="true" />
            </key>
            <one-to-many class="com.patentdata.model.PatPersonInventor" />
        </set>
        <set name="patClsEclas" table="pat_cls_ecla" inverse="true" lazy="true" fetch="select">
            <key>
                <column name="source_id" length="50" not-null="true" />
            </key>
            <one-to-many class="com.patentdata.model.PatClsEcla" />
        </set>
        <set name="patClsUspcs" table="pat_cls_uspc" inverse="true" lazy="true" fetch="select">
            <key>
                <column name="source_id" length="50" not-null="true" />
            </key>
            <one-to-many class="com.patentdata.model.PatClsUspc" />
        </set>
        <set name="patClsCsets" table="pat_cls_cset" inverse="true" lazy="true" fetch="select">
            <key>
                <column name="source_id" length="50" not-null="true" />
            </key>
            <one-to-many class="com.patentdata.model.PatClsCset" />
        </set>
        <set name="patDataDescs" table="pat_data_desc" inverse="true" lazy="true" fetch="select">
            <key>
                <column name="source_id" length="50" not-null="true" />
            </key>
            <one-to-many class="com.patentdata.model.PatDataDesc" />
        </set>
        <set name="patClsLocs" table="pat_cls_loc" inverse="true" lazy="true" fetch="select">
            <key>
                <column name="source_id" length="50" not-null="true" />
            </key>
            <one-to-many class="com.patentdata.model.PatClsLoc" />
        </set>
        <set name="patClsDis" table="pat_cls_di" inverse="true" lazy="true" fetch="select">
            <key>
                <column name="source_id" length="50" not-null="true" />
            </key>
            <one-to-many class="com.patentdata.model.PatClsDi" />
        </set>
        <set name="patRefPriorities" table="pat_ref_priority" inverse="true" lazy="true" fetch="select">
            <key>
                <column name="source_id" length="50" not-null="true" />
            </key>
            <one-to-many class="com.patentdata.model.PatRefPriority" />
        </set>
        <set name="patClsCpcs" table="pat_cls_cpc" inverse="true" lazy="true" fetch="select">
            <key>
                <column name="source_id" length="50" not-null="true" />
            </key>
            <one-to-many class="com.patentdata.model.PatClsCpc" />
        </set>
        <set name="patDataBriefs" table="pat_data_brief" inverse="true" lazy="true" fetch="select">
            <key>
                <column name="source_id" length="50" not-null="true" />
            </key>
            <one-to-many class="com.patentdata.model.PatDataBrief" />
        </set>
        <set name="patPersonAssignees" table="pat_person_assignee" inverse="true" lazy="true" fetch="select">
            <key>
                <column name="source_id" length="50" not-null="true" />
            </key>
            <one-to-many class="com.patentdata.model.PatPersonAssignee" />
        </set>
        <set name="patEventRecords" table="pat_event_record" inverse="true" lazy="true" fetch="select">
            <key>
                <column name="source_id" length="50" not-null="true" />
            </key>
            <one-to-many class="com.patentdata.model.PatEventRecord" />
        </set>
        <set name="patDataClaimses" table="pat_data_claims" inverse="true" lazy="true" fetch="select">
            <key>
                <column name="source_id" length="50" not-null="true" />
            </key>
            <one-to-many class="com.patentdata.model.PatDataClaims" />
        </set>
        <set name="patPersonExaminers" table="pat_person_examiner" inverse="true" lazy="true" fetch="select">
            <key>
                <column name="source_id" length="50" not-null="true" />
            </key>
            <one-to-many class="com.patentdata.model.PatPersonExaminer" />
        </set>
    </class>
</hibernate-mapping>
