<?xml version="1.0"?>
<xml-bindings
    xmlns="http://www.eclipse.org/eclipselink/xsds/persistence/oxm"
    package-name="wipo.jaxb.LexisnexisPatent">
    <java-types>
        <!-- JAXB annotations for same name -->
        <java-type name="DesignatedStates">
            <java-attributes>
                <xml-element java-attribute="countrys" name="countrys"/>
            </java-attributes>
        </java-type>
        <java-type name="DesignatedStatesAsInventor">
            <java-attributes>
                <xml-element java-attribute="countrys" name="countrys"/>
            </java-attributes>
        </java-type>
        <java-type name="MadeBy">
            <java-attributes>
                <xml-element java-attribute="countrys" name="countrys"/>
            </java-attributes>
        </java-type>
        <java-type name="PriorityClaim">
            <java-attributes>
                <xml-element java-attribute="kind" name="priorityKind"/>
            </java-attributes>
        </java-type>
        <!-- JAXB annotations for same name -->
    </java-types>
</xml-bindings>
