<?xml version="1.0"?>
<xml-bindings
    xmlns="http://www.eclipse.org/eclipselink/xsds/persistence/oxm"
    package-name="wipo.jaxb.PublishedApp">
    <java-types>
        <!-- JAXB annotations for same name -->
        <java-type name="ElectedOffice">
            <java-attributes>
                <xml-element java-attribute="countrys" name="countrys"/>
            </java-attributes>
        </java-type>
        <java-type name="DesignatedStates">
            <java-attributes>
                <xml-element java-attribute="countrys" name="countrys"/>
            </java-attributes>
        </java-type>
        <java-type name="DesignatedStatesAsInventor">
            <java-attributes>
                <xml-element java-attribute="countrys" name="countrys"/>
            </java-attributes>
        </java-type>
        <java-type name="MadeBy">
            <java-attributes>
                <xml-element java-attribute="countrys" name="countrys"/>
            </java-attributes>
        </java-type>
        <!-- JAXB annotations for same name -->
        <!-- unmarshall rename for mongo 3 -->
        <!-- pct-art17.2a -->
        <java-type name="WoPublishedApplication">
            <java-attributes>
                <xml-elements java-attribute="sequenceListDocOrBiologicalMaterialDocOrLackOfNovelty">
                    <xml-element java-attribute="pct-art17.2a" name="pct-art17_2a" type="wipo.jaxb.PublishedApp.PctArt172A"/>
                    <xml-element java-attribute="wo-search-report" name="wo-search-report" type="wipo.jaxb.PublishedApp.WoSearchReport"/>
                    <xml-element java-attribute="sequence-list-doc" name="sequence-list-doc" type="wipo.jaxb.PublishedApp.SequenceListDoc"/>
                    <xml-element java-attribute="biological-material-doc" name="biological-material-doc" type="wipo.jaxb.PublishedApp.BiologicalMaterialDoc"/>
                    <xml-element java-attribute="lack-of-novelty" name="lack-of-novelty" type="wipo.jaxb.PublishedApp.LackOfNovelty"/>
                    <xml-element java-attribute="pct-rule91-1f" name="pct-rule91-1f" type="wipo.jaxb.PublishedApp.PctRule911F"/>
                    <xml-element java-attribute="priority-claim-considered-not-made" name="priority-claim-considered-not-made" type="wipo.jaxb.PublishedApp.PriorityClaimConsideredNotMade"/>
                </xml-elements>
            </java-attributes>
        </java-type>
        <!-- art17.2a-doc -->
        <java-type name="PctArt172A">
            <java-attributes>
                <xml-element java-attribute="art172ADoc" name="art17_2a-doc"/>
            </java-attributes>
        </java-type>
        <!-- unmarshall rename for mongo 3 -->
    </java-types>
</xml-bindings>
