<?xml version="1.0" encoding="UTF-8"?>
<beans xmlns="http://www.springframework.org/schema/beans"
	xmlns:xsi="http://www.w3.org/2001/XMLSchema-instance"
	xsi:schemaLocation="
    http://www.springframework.org/schema/beans http://www.springframework.org/schema/beans/spring-beans-4.0.xsd">

	<!--==================== Utility ==================== -->
    <bean id="springContextUtil" class="com.patentcloud.api.util.SpringContextUtil" />

	<!--==================== DAO ==================== -->
	<bean id="daoParent"
		class="com.patentcloud.api.server.dao.common.AbstractDaoSupport"
		abstract="true">
		<property name="dataSource" ref="dataSource" />
	</bean>

	<bean id="memberDao" class="com.patentcloud.api.server.dao.MemberDaoImpl"
		parent="daoParent" />

	<bean id="requestCounterDao" class="com.patentcloud.api.server.dao.RequestCounterDaoImpl"
		parent="daoParent" />

	<bean id="patentDataStatusDao" class="com.patentcloud.api.server.dao.PatentDataStatusDaoImpl"
		parent="daoParent" />

	<!--==================== Service ==================== -->

	<bean id="memberService"
		class="com.patentcloud.api.server.service.MemberServiceImpl">
		<property name="memberDao" ref="memberDao" />
	</bean>
	
	<bean id="requestCounterService"
		class="com.patentcloud.api.server.service.RequestCounterServiceImpl">
		<property name="requestCounterDao" ref="requestCounterDao" />
		<property name="memberService" ref="memberService" />
	</bean>
	
	<bean id="patentDataStatusService"
		class="com.patentcloud.api.server.service.PatentDataStatusServiceImpl">
		<property name="patentDataStatusDao" ref="patentDataStatusDao" />
	</bean>

</beans>
