<?xml version="1.0" encoding="UTF-8"?>
<beans xmlns="http://www.springframework.org/schema/beans"
    xmlns:xsi="http://www.w3.org/2001/XMLSchema-instance"
    xmlns:context="http://www.springframework.org/schema/context"
    xmlns:tx="http://www.springframework.org/schema/tx"
    xsi:schemaLocation="
    http://www.springframework.org/schema/beans http://www.springframework.org/schema/beans/spring-beans-4.0.xsd
    http://www.springframework.org/schema/context http://www.springframework.org/schema/context/spring-context-4.0.xsd
    http://www.springframework.org/schema/tx http://www.springframework.org/schema/tx/spring-tx-4.0.xsd">
    
	<bean id="propertyConfigurer"
		class="org.springframework.beans.factory.config.PropertyPlaceholderConfigurer">
			<property name="locations">
			<list>
				<!-- 
				<value>file:#{systemProperties['com.patentcloud.api.resources']}/config.properties</value>
				<value>file:#{systemProperties['user.home']}/.patentcloud_api/config.properties</value>
				-->
				<value>classpath:./api/config.properties</value>				
			</list>
		</property>
		
		<property name="ignoreResourceNotFound" value="true" />
		<property name="searchSystemEnvironment" value="true" />
		<property name="ignoreUnresolvablePlaceholders" value="true" />
	</bean> 	
 	
    <bean id="dataSource" class="org.logicalcobwebs.proxool.ProxoolDataSource">
        <property name="driver" value="${jdbc.driver}" />
        <property name="driverUrl" value="${jdbc.url}" />
        <property name="user" value="${jdbc.user}" />
        <property name="password" value="${jdbc.password}" />

        <property name="alias" value="proxool_alias" />
        <property name="maximumConnectionCount" value="30" />
        <property name="houseKeepingTestSql" value="select 1" />
    </bean>	

    <bean id="transactionManager"
        class="org.springframework.jdbc.datasource.DataSourceTransactionManager">
        <property name="dataSource">
            <ref bean="dataSource" />
        </property>
    </bean>

    <bean id="transactionInterceptor"
        class="org.springframework.transaction.interceptor.TransactionInterceptor">
        <property name="transactionManager">
            <ref bean="transactionManager" />
        </property>
        <property name="transactionAttributes">
            <props>
                <prop key="save*">PROPAGATION_REQUIRED</prop>
                <prop key="update*">PROPAGATION_REQUIRED</prop>
                <prop key="delete*">PROPAGATION_REQUIRED</prop>
                <prop key="find*">PROPAGATION_REQUIRED,readOnly</prop>
                <prop key="query*">PROPAGATION_REQUIRED,readOnly</prop>
                <prop key="get*">PROPAGATION_REQUIRED,readOnly</prop>
                <prop key="geneSeq*">PROPAGATION_REQUIRES_NEW</prop>
                
                <!-- default transaction type -->
                <prop key="*">PROPAGATION_REQUIRED</prop>
            </props>
        </property>
    </bean>

    <bean id="transactionAdvisor"
        class="org.springframework.transaction.interceptor.TransactionAttributeSourceAdvisor">
        <property name="transactionInterceptor">
            <ref bean="transactionInterceptor" />
        </property>
    </bean>

    <bean id="beanProxy"
        class="org.springframework.aop.framework.autoproxy.BeanNameAutoProxyCreator">
        <property name="beanNames">
            <list>
                <value>*Service</value>
            </list>
        </property>
        <property name="interceptorNames">
            <list>
                <value>transactionAdvisor</value>
            </list>
        </property>
    </bean>

</beans>
