<?xml version="1.0" encoding="UTF-8"?>
<beans xmlns="http://www.springframework.org/schema/beans"
	xmlns:xsi="http://www.w3.org/2001/XMLSchema-instance" xmlns:context="http://www.springframework.org/schema/context"
	xsi:schemaLocation="
    http://www.springframework.org/schema/beans http://www.springframework.org/schema/beans/spring-beans-4.0.xsd
    http://www.springframework.org/schema/context http://www.springframework.org/schema/context/spring-context-4.0.xsd">

	<bean id="schedulerFactoryBean"
		class="org.springframework.scheduling.quartz.SchedulerFactoryBean"
		destroy-method="destroy">
		<property name="waitForJobsToCompleteOnShutdown">
			<value>true</value>
		</property>
		<property name="triggers">
			<list>
				<ref bean="dailyCronTrigger" />
			</list>
		</property>
		<property name="quartzProperties">
			<props>
				<prop key="org.quartz.threadPool.threadCount">1</prop>
			</props>
		</property>
	</bean>

	<bean id="dailyCronTrigger"
		class="org.springframework.scheduling.quartz.CronTriggerFactoryBean">
		<property name="jobDetail">
			<ref bean="dailyJobDetail" />
		</property>
		<property name="cronExpression">
			<value>0 0 17 * * ?</value>
		</property>
	</bean>
	<bean id="dailyJobDetail"
		class="org.springframework.scheduling.quartz.MethodInvokingJobDetailFactoryBean">
		<property name="targetObject">
			<ref bean="dailyJob" />
		</property>
		<property name="targetMethod">
			<value>executeJob</value>
		</property>
	</bean>

	<bean id="dailyJob" class="com.patentcloud.api.scheduling.DailyJob">
		<property name="patentDataStatusService" ref="patentDataStatusService" />
	</bean>

</beans>
