<?xml version="1.0" encoding="UTF-8"?>
<beans xmlns="http://www.springframework.org/schema/beans"
	xmlns:xsi="http://www.w3.org/2001/XMLSchema-instance" xmlns:oauth="http://www.springframework.org/schema/security/oauth2"
	xmlns:context="http://www.springframework.org/schema/context"
	xmlns:sec="http://www.springframework.org/schema/security" xmlns:mvc="http://www.springframework.org/schema/mvc"
	xsi:schemaLocation="http://www.springframework.org/schema/security/oauth2 http://www.springframework.org/schema/security/spring-security-oauth2-2.0.xsd
		http://www.springframework.org/schema/mvc http://www.springframework.org/schema/mvc/spring-mvc-3.2.xsd
		http://www.springframework.org/schema/security http://www.springframework.org/schema/security/spring-security-3.2.xsd 
		http://www.springframework.org/schema/beans http://www.springframework.org/schema/beans/spring-beans-4.1.xsd
		http://www.springframework.org/schema/context http://www.springframework.org/schema/context/spring-context-4.1.xsd ">

	<!-- This is default url to get a token from OAuth -->
	<http pattern="/oauth/token" create-session="stateless"
		authentication-manager-ref="clientAuthenticationManager"
		xmlns="http://www.springframework.org/schema/security">
		<intercept-url pattern="/oauth/token" access="IS_AUTHENTICATED_FULLY" />
		<anonymous enabled="false" />
		<http-basic entry-point-ref="clientAuthenticationEntryPoint" />
		<!-- include this only if you need to authenticate clients via request 
			parameters -->
		<custom-filter ref="clientCredentialsTokenEndpointFilter"
			after="BASIC_AUTH_FILTER" />
		<access-denied-handler ref="oauthAccessDeniedHandler" />
	</http>

	<!-- This is where we tells spring security what URL should be protected 
		and what roles have access to them -->

	<http pattern="/restful/**" create-session="never"
		entry-point-ref="oauthAuthenticationEntryPoint"
		access-decision-manager-ref="accessDecisionManager"
		xmlns="http://www.springframework.org/schema/security">
		<anonymous enabled="false" />
		<intercept-url pattern="/restful/query/**" access="ROLE_APP" />
		<custom-filter ref="resourceServerFilter" before="PRE_AUTH_FILTER" />
		<access-denied-handler ref="oauthAccessDeniedHandler" />
	</http>
	
	<bean id="oauthAuthenticationEntryPoint"
		class="org.springframework.security.oauth2.provider.error.OAuth2AuthenticationEntryPoint">
		<property name="realmName" value="test" />
	</bean>

	<bean id="clientAuthenticationEntryPoint"
		class="org.springframework.security.oauth2.provider.error.OAuth2AuthenticationEntryPoint">
		<property name="realmName" value="test/client" />
		<property name="typeName" value="Basic" />
	</bean>

	<bean id="oauthAccessDeniedHandler"
		class="org.springframework.security.oauth2.provider.error.OAuth2AccessDeniedHandler" />

	<bean id="clientCredentialsTokenEndpointFilter"
		class="org.springframework.security.oauth2.provider.client.ClientCredentialsTokenEndpointFilter">
		<property name="authenticationManager" ref="clientAuthenticationManager" />
	</bean>

	<bean id="accessDecisionManager" class="org.springframework.security.access.vote.UnanimousBased"
		xmlns="http://www.springframework.org/schema/beans">
		<constructor-arg>
			<list>
				<bean class="org.springframework.security.oauth2.provider.vote.ScopeVoter" />
				<bean class="org.springframework.security.access.vote.RoleVoter" />
				<bean class="org.springframework.security.access.vote.AuthenticatedVoter" />
			</list>
		</constructor-arg>
	</bean>

	<authentication-manager id="clientAuthenticationManager"
		xmlns="http://www.springframework.org/schema/security">
		<authentication-provider user-service-ref="clientDetailsUserService" />
	</authentication-manager>

	<bean id="clientDetailsUserService"
		class="org.springframework.security.oauth2.provider.client.ClientDetailsUserDetailsService">
		<constructor-arg ref="clientDetails" />
	</bean>

	<!-- Configured in application-security.xml -->
	<authentication-manager alias="authenticationManager"
		xmlns="http://www.springframework.org/schema/security">
		<authentication-provider user-service-ref="memberService">
			<password-encoder hash="md5" />
		</authentication-provider>
	</authentication-manager>

	<bean id="tokenStore" class="com.patentcloud.api.server.dao.MsSqlTokenStore">
		<constructor-arg ref="dataSource" />
	</bean>

	<!-- This is where we defined token based configurations, token validity 
		and other things -->
	<bean id="tokenServices"
		class="org.springframework.security.oauth2.provider.token.DefaultTokenServices">
		<property name="tokenStore" ref="tokenStore" />
		<property name="supportRefreshToken" value="true" />
		<!-- Expiration time of 30 days -->
		<property name="accessTokenValiditySeconds" value="2592000" /> 
		<property name="clientDetailsService" ref="clientDetails" />
	</bean>

	<!-- 
	<bean id="userApprovalHandler"
		class="org.springframework.security.oauth2.provider.approval.TokenServicesUserApprovalHandler">
		<property name="tokenServices" ref="tokenServices" />
	</bean>
	-->
	
	<oauth:authorization-server
		client-details-service-ref="clientDetails" token-services-ref="tokenServices"
		user-approval-handler-ref="userApprovalHandler">
		<oauth:authorization-code />
		<oauth:implicit />
		<oauth:refresh-token />
		<oauth:client-credentials />
		<oauth:password />
	</oauth:authorization-server>

	<oauth:authorization-server
		client-details-service-ref="clientDetails" token-services-ref="tokenServices">
		<oauth:authorization-code />
		<oauth:implicit />
		<oauth:refresh-token />
		<oauth:client-credentials />
		<oauth:password />
	</oauth:authorization-server>

	<oauth:resource-server id="resourceServerFilter"
		resource-id="test" token-services-ref="tokenServices" />

	<oauth:client-details-service id="clientDetails">
		<!-- client -->
		<oauth:client client-id="restuser"
			authorized-grant-types="authorization_code,client_credentials"
			authorities="ROLE_USER" scope="read,write,trust" secret="secret" />

		<oauth:client client-id="restuser"
			authorized-grant-types="password,authorization_code,refresh_token,implicit"
			authorities="ROLE_USER" secret="restuser" />

		<oauth:client client-id="restapp"
			authorized-grant-types="authorization_code,client_credentials"
			authorities="ROLE_APP" scope="read,write,trust" secret="secret" />

		<oauth:client client-id="restapp"
			authorized-grant-types="password,authorization_code,refresh_token,implicit"
			authorities="ROLE_APP" secret="restapp" />
	</oauth:client-details-service>

	<sec:global-method-security
		pre-post-annotations="enabled" proxy-target-class="true">
		<!--you could also wire in the expression handler up at the layer of the 
			http filters. See https://jira.springsource.org/browse/SEC-1452 -->
		<sec:expression-handler ref="oauthExpressionHandler" />
	</sec:global-method-security>

	<oauth:expression-handler id="oauthExpressionHandler" />
	<oauth:web-expression-handler id="oauthWebExpressionHandler" />
</beans>