<?xml version="1.0" encoding="UTF-8"?>
<beans xmlns="http://www.springframework.org/schema/beans"
	xmlns:xsi="http://www.w3.org/2001/XMLSchema-instance" xmlns:context="http://www.springframework.org/schema/context"
	xmlns:mvc="http://www.springframework.org/schema/mvc"
	xsi:schemaLocation="
    http://www.springframework.org/schema/beans http://www.springframework.org/schema/beans/spring-beans-4.0.xsd
    http://www.springframework.org/schema/context http://www.springframework.org/schema/context/spring-context-4.0.xsd
    http://www.springframework.org/schema/mvc http://www.springframework.org/schema/mvc/spring-mvc-4.0.xsd">

	<context:component-scan base-package="com.patentcloud.api.web.rest" />
	<mvc:annotation-driven />

	<mvc:default-servlet-handler />

	<mvc:interceptors>
		<mvc:interceptor>			
			<mvc:mapping path="/restful/**" />
			<bean class="com.patentcloud.api.web.rest.RequestInterceptor" />
		</mvc:interceptor>
	</mvc:interceptors>
</beans>
