<?xml version="1.0" encoding="utf-8"?>
<!DOCTYPE hibernate-configuration PUBLIC
"-//Hibernate/Hibernate Configuration DTD 3.0//EN"
"http://www.hibernate.org/dtd/hibernate-configuration-3.0.dtd">
<hibernate-configuration>
    <session-factory>
        
        <!-- db hikari setting -->
        <property name="hibernate.connection.provider_class">com.zaxxer.hikari.hibernate.HikariConnectionProvider</property>
        <property name="hibernate.hikari.dataSourceClassName">org.postgresql.ds.PGSimpleDataSource</property>
        <property name="hibernate.hikari.dataSource.url">jdbc:postgresql://10.60.90.47:5432/patentdata</property>
        <property name="hibernate.hikari.dataSource.user">patentdata</property>
        <property name="hibernate.hikari.dataSource.password">patentdata</property>
        <property name="hibernate.hikari.maximumPoolSize">5</property>
        <property name="hibernate.default_schema">public</property>
        <property name="hibernate.dialect">org.hibernate.dialect.PostgreSQLDialect</property>
        <property name="hibernate.show_sql">false</property>
        <property name="hibernate.format_sql">false</property>
        
        <!-- model setting -->
        <mapping class="com.patentdata.model.ZooBookStore" />
        
    </session-factory>
</hibernate-configuration>
