<?xml version="1.0" encoding="UTF-8"?><?xml-stylesheet type="text/xsl" href="/3.0/style/exchange.xsl"?>
<ops:world-patent-data xmlns="http://www.epo.org/exchange" xmlns:ops="http://ops.epo.org" xmlns:xlink="http://www.w3.org/1999/xlink">
    <ops:meta name="elapsed-time" value="22"/>
    <exchange-documents>
        <exchange-document system="ops.epo.org" family-id="6013332" country="EP" doc-number="0000337" kind="A1">
            <bibliographic-data>
                <publication-reference>
                    <document-id document-id-type="docdb">
                        <country>EP</country>
                        <doc-number>0000337</doc-number>
                        <kind>A1</kind>
                        <date>19790124</date>
                    </document-id>
                    <document-id document-id-type="epodoc">
                        <doc-number>EP0000337</doc-number>
                        <date>19790124</date>
                    </document-id>
                </publication-reference>
                <classification-ipc>
                    <text>C02B5/06</text>
                    <text>C23F11/16</text>
                </classification-ipc>
                <classifications-ipcr>
                    <classification-ipcr sequence="1">
                        <text>B01F  17/    52            A I                    </text>
                    </classification-ipcr>
                    <classification-ipcr sequence="2">
                        <text>C02F   5/    12            A I                    </text>
                    </classification-ipcr>
                    <classification-ipcr sequence="3">
                        <text>C23F  11/   173            A I                    </text>
                    </classification-ipcr>
                </classifications-ipcr>
                <patent-classifications>
                    <patent-classification sequence="1">
                        <classification-scheme office="" scheme="CPC"/>
                        <section>C</section>
                        <class>02</class>
                        <subclass>F</subclass>
                        <main-group>5</main-group>
                        <subgroup>12</subgroup>
                        <classification-value>I</classification-value>
                    </patent-classification>
                    <patent-classification sequence="2">
                        <classification-scheme office="" scheme="CPC"/>
                        <section>C</section>
                        <class>23</class>
                        <subclass>F</subclass>
                        <main-group>11</main-group>
                        <subgroup>173</subgroup>
                        <classification-value>I</classification-value>
                    </patent-classification>
                </patent-classifications>
                <application-reference doc-id="16427261">
                    <document-id document-id-type="docdb">
                        <country>EP</country>
                        <doc-number>78100185</doc-number>
                        <kind>A</kind>
                    </document-id>
                    <document-id document-id-type="epodoc">
                        <doc-number>EP19780100185</doc-number>
                        <date>19780619</date>
                    </document-id>
                    <document-id document-id-type="original">
                        <doc-number>78100185</doc-number>
                    </document-id>
                </application-reference>
                <priority-claims>
                    <priority-claim sequence="1" kind="national">
                        <document-id document-id-type="epodoc">
                            <doc-number>DE19772730645</doc-number>
                            <date>19770707</date>
                        </document-id>
                        <document-id document-id-type="original">
                            <doc-number>2730645</doc-number>
                        </document-id>
                    </priority-claim>
                </priority-claims>
                <parties>
                    <applicants>
                        <applicant sequence="1" data-format="epodoc">
                            <applicant-name>
                                <name>HENKEL KGAA?[DE]</name>
                            </applicant-name>
                        </applicant>
                        <applicant sequence="1" data-format="original">
                            <applicant-name>
                                <name>HENKEL KOMMANDITGESELLSCHAFT AUF AKTIEN</name>
                            </applicant-name>
                        </applicant>
                    </applicants>
                    <inventors>
                        <inventor sequence="1" data-format="epodoc">
                            <inventor-name>
                                <name>WEGEMUND BERND DR?[DE]</name>
                            </inventor-name>
                        </inventor>
                        <inventor sequence="2" data-format="epodoc">
                            <inventor-name>
                                <name> WEHLE VOLKER DR?[DE]</name>
                            </inventor-name>
                        </inventor>
                        <inventor sequence="3" data-format="epodoc">
                            <inventor-name>
                                <name> REIFFERT JUERGEN?[DE]</name>
                            </inventor-name>
                        </inventor>
                        <inventor sequence="1" data-format="original">
                            <inventor-name>
                                <name>WEGEMUND, BERND, DR, </name>
                            </inventor-name>
                        </inventor>
                        <inventor sequence="2" data-format="original">
                            <inventor-name>
                                <name>WEHLE, VOLKER,DR, </name>
                            </inventor-name>
                        </inventor>
                        <inventor sequence="3" data-format="original">
                            <inventor-name>
                                <name>REIFFERT, JUERGEN</name>
                            </inventor-name>
                        </inventor>
                    </inventors>
                </parties>
                <invention-title lang="fr">Utilisation de t?lom?res form?s de mercaptans et de compos?s acryliques comme inhibiteurs d'entartrage et/ou de corrosion.</invention-title>
                <invention-title lang="en">Use of telomers formed from mercaptans and acrylic compounds as scale and/or corrosion inhibitors.</invention-title>
                <invention-title lang="de">Verwendung von Telomerisaten aus Mercaptanen mit Acrylverbindungen als Steinschutz- und/oder Korrosionsschutzmittel.</invention-title>
                <references-cited>
                    <citation cited-phase="national-search-report" cited-by="examiner" sequence="1">
                        <patcit dnum-type="publication number" num="1">
                            <document-id document-id-type="epodoc">
                                <doc-number>US3787488</doc-number>
                            </document-id>
                            <document-id document-id-type="docdb">
                                <country>US</country>
                                <doc-number>3787488</doc-number>
                                <kind>A</kind>
                            </document-id>
                        </patcit>
                        <category>A</category>
                    </citation>
                    <citation cited-phase="national-search-report" cited-by="examiner" sequence="2">
                        <patcit dnum-type="publication number" num="2">
                            <document-id document-id-type="epodoc">
                                <doc-number>FR1552899</doc-number>
                            </document-id>
                            <document-id document-id-type="docdb">
                                <country>FR</country>
                                <doc-number>1552899</doc-number>
                                <kind>A</kind>
                            </document-id>
                        </patcit>
                        <category>A</category>
                    </citation>
                    <citation cited-phase="national-search-report" cited-by="examiner" sequence="3">
                        <patcit dnum-type="publication number" num="3">
                            <document-id document-id-type="epodoc">
                                <doc-number>DE2027276</doc-number>
                            </document-id>
                            <document-id document-id-type="docdb">
                                <country>DE</country>
                                <doc-number>2027276</doc-number>
                                <kind>A1</kind>
                            </document-id>
                        </patcit>
                        <category>A</category>
                    </citation>
                </references-cited>
            </bibliographic-data>
            <abstract lang="en">
                <p>Use of telomers formed from telogens containing mercaptan groups and acrylic compounds as scale and/or corrosion inhibitors. Telomers of the general formula &lt;IMAGE> or &lt;IMAGE> where R is an aliphatic radical of 2 to 22 carbon atoms which may contain one or more carboxyl and/or hydroxyl groups, X is H or methyl, M is an alkali metal ion, and n and m are integers of a magnitude such that the telomers have an average molecular weight between 300 and 3000, in particular 700 to 2000, and where some of the nitrile groups can also be hydrolysed to amide groups, as scale and/or corrosion inhibitors in industrial process water systems instead of phosphorus- containing substances in an amount of 0.1 to 100, in particular from 1 to 30, ppm, based on the process water.</p>
            </abstract>
        </exchange-document>
    </exchange-documents>
</ops:world-patent-data>
