<?xml version="1.0" encoding="UTF-8"?><?xml-stylesheet type="text/xsl" href="/3.0/style/pub-ftxt-claims.xsl"?>
<ops:world-patent-data xmlns="http://www.epo.org/exchange" xmlns:ops="http://ops.epo.org" xmlns:xlink="http://www.w3.org/1999/xlink">
    <ops:meta name="elapsed-time" value="19"/><ftxt:fulltext-documents xmlns="http://www.epo.org/fulltext" xmlns:ftxt="http://www.epo.org/fulltext"><ftxt:fulltext-document system="ops.epo.org" fulltext-format="text-only"><bibliographic-data><publication-reference data-format="docdb"><document-id><country>EP</country><doc-number>0000337</doc-number><kind>A1</kind></document-id></publication-reference></bibliographic-data><claims lang="DE"><claim><claim-text>1. Verwendung von Telomerisaten aus Mercaptangruppen aufweisenden Telogenen und Acrylverbindungen als Steinschutz- und/oder Korrosionsschutzmittel in technischen Brauchwassersystemen.</claim-text><claim-text>2. Verwendung von Telomerisaten eines durchschnittlichen Molekulargewichts zwischen 300 bis 3000, insbesondere 700 bis 2000, gem?? Anspruch 1.</claim-text><claim-text>3. Verwendung von Telomerisaten gem?? Anspruch 1 und 2 in einer Menge von 0,1 bis 100, insbesondere 1 bis 30 ppm bezogen auf eingesetztes Brauchwasser.</claim-text><claim-text>4. Verwendung von Telomerisaten gem?? Anspruch 1 bis 3, wobei das Telomerisat der allgemeinen Formel 
&lt;img class=&quot;EMIRef&quot; id=&quot;073238525-ib0011&quot; /&gt;
oder 
&lt;img class=&quot;EMIRef&quot; id=&quot;073238525-ib0012&quot; /&gt;
entspricht und R einen gegebenenfalls eine oder mehrere Carboxylgruppen und/oder Hydroxylgruppen enthaltenden aliphatischen Rest mit 2 bi 22 Kohlen stoffatomen darstellt und X = H oder Methyl und M ein Alkalimetallion und n und m ganze Zahlen sind in einer Gr??enordnung, so da? die Randbedingungen gem?? Anspruch 2 erf?llt werden, und wobei die Nitrilgruppe auch teilweise zur Amidgruppe verseift sein kann.</claim-text></claim></claims></ftxt:fulltext-document></ftxt:fulltext-documents></ops:world-patent-data>
