<?xml version="1.0" encoding="UTF-8"?>
<configuration>
    
    <timestamp key="byYYYYMMDD" datePattern="yyyyMMdd"/>
    
	<!-- Send debug messages to System.out -->
	<appender name="STDOUT" class="ch.qos.logback.core.ConsoleAppender">
		<!-- By default, encoders are assigned the type ch.qos.logback.classic.encoder.PatternLayoutEncoder -->
		<encoder>
			<pattern>%date [%thread] %-5level %logger{50} - %msg%n</pattern>
		</encoder>
	</appender>
	
    <!-- use the previously created timestamp to create a uniquely named log file    
	<appender name="FILE" class="ch.qos.logback.core.FileAppender">
		<file>./logs/log-${byYYYYMMDD}.txt</file>
		<encoder>
		  <pattern>%date [%thread] %-5level %logger{36} - %msg%n</pattern>
		</encoder>
	</appender>
    -->
    
    <!-- turn off mongodb log -->
    <logger name="org.mongodb.driver" level="ERROR"/>
    
	<!-- By default, the level of the root level is set to DEBUG -->
	<root level="DEBUG">
		<appender-ref ref="STDOUT" />
        <!--  
		<appender-ref ref="FILE" />
        -->
	</root>
    
</configuration>