<?xml version="1.0" encoding="UTF-8"?>
<!DOCTYPE log4j:configuration SYSTEM "log4j.dtd">
<log4j:configuration xmlns:log4j="http://jakarta.apache.org/log4j/">

    <appender name="console" class="org.apache.log4j.ConsoleAppender">
        <param name="target" value="System.out" />
        <layout class="org.apache.log4j.PatternLayout">
            <!-- Slower output: "[%p] %d{MM/dd HH:mm:ss.SSS} %t [%C-%M] %m%n" -->
            <!-- Slower output: "[%p] %d{MM/dd HH:mm:ss.SSS} %t %l %m%n" -->
            <param name="ConversionPattern" value="%r [%t] %-5p %c - %m%n"/>
        </layout>
    </appender>

    <appender name="consoleTime" class="org.apache.log4j.ConsoleAppender">
        <param name="target" value="System.out" />
        <layout class="org.apache.log4j.PatternLayout">
            <param name="ConversionPattern" value="%d{MM/dd HH:mm:ss} %-5p %c{1} - %m%n"/>
        </layout>
    </appender>

    <appender name="console_simple" class="org.apache.log4j.ConsoleAppender">
        <param name="target" value="System.out" />
        <layout class="org.apache.log4j.PatternLayout">
            <param name="ConversionPattern" value="%r %-5p %m%n"/>
        </layout>
    </appender>
    
    <!-- added by yiyun for recode build solr index error -->
    <appender name="file_log" class="org.apache.log4j.FileAppender">
        <param name="File" value="./logs/SolrLog.log"/>
        <param name="Append" value="true"/>
        <layout class="org.apache.log4j.PatternLayout">
            <param name="ConversionPattern" value="%d{yyyy-MM-dd HH:mm:ss} %m%n"/>
        </layout>
    </appender>
    
    <logger name="solr_log">
        <level value="error"/>
        <appender-ref ref="file_log"/>
    </logger>
    <!-- add end -->

    <logger name="org.apache.solr.client.solrj.impl.HttpClientUtil" additivity="false">
        <level value="warn"/>
        <appender-ref ref="console"/>
    </logger>

    <logger name="org.tsaikd.java" additivity="false">
        <level value="debug"/>
        <appender-ref ref="console"/>
    </logger>

    <logger name="org.tsaikd.java.utils.ProcessStdoutThread" additivity="false">
        <level value="debug"/>
        <appender-ref ref="console_simple"/>
    </logger>

    <logger name="org.tsaikd.java.utils.ConfigUtils" additivity="false">
        <level value="info"/>
        <appender-ref ref="console"/>
    </logger>

    <logger name="org.tsaikd.java.mongodb.MappedClass" additivity="false">
        <level value="info"/>
        <appender-ref ref="console"/>
    </logger>

    <logger name="itec" additivity="false">
        <level value="debug"/>
        <appender-ref ref="consoleTime"/>
    </logger>

    <logger name="patent" additivity="false">
        <level value="debug"/>
        <appender-ref ref="console"/>
    </logger>
    
    <root>
        <priority value ="info"/>
        <appender-ref ref="console"/>
    </root>

</log4j:configuration>
