﻿<?xml version="1.0" encoding="utf-8"?>
<!DOCTYPE wips-patent-document SYSTEM "../../../../../DTD/wips-jp-patent-application-v1-0.dtd">
<!--Copyright ©2011 WIPS-->
<wips-patent-document country="JP" kind="A" file="1993345789.xml" dtd_version="1.0 2010-06-18" lang="jp">
  <bibliographic-data lang="jp" country="JP">
    <Publication-reference data-format="original">
      <document-id>
        <country>JP</country>
        <doc-num>特開平5-345789</doc-num>
        <kind>A</kind>
        <date>平成5年(1993)12月27日</date>
      </document-id>
    </Publication-reference>
    <Publication-reference data-format="wips">
      <document-id>
        <country>JP</country>
        <doc-num>1993-345789</doc-num>
        <kind>A</kind>
        <date>19931227</date>
      </document-id>
    </Publication-reference>
    <application-reference data-format="original">
      <document-id>
        <doc-num>特願平4-153940</doc-num>
        <date>平成4年(1992)6月15日</date>
      </document-id>
    </application-reference>
    <application-reference data-format="wips">
      <document-id>
        <doc-num>1992-153940</doc-num>
        <date>19920615</date>
      </document-id>
    </application-reference>
    <invention-title>シリルビフェニル系化合物の製造方法</invention-title>
    <classifications-ipc id="5" data-format="original">
      <classification-ipc sequence="1">
        <text>C07F  7/10        J 8018-4H</text>
      </classification-ipc>
      <classification-ipc sequence="2">
        <text>B01J 23/74    321 X 8017-4G</text>
      </classification-ipc>
      <classification-ipc sequence="3">
        <text>C07F  7/12        R 8018-4H</text>
      </classification-ipc>
      <classification-ipc sequence="4">
        <text>// C07B 61/00    300</text>
      </classification-ipc>
    </classifications-ipc>
    <classifications-ipc id="5" data-format="wips">
      <classification-ipc sequence="1" cls_cd="main-clsf">
        <text>C07F-007/10      J   8018-4H   </text>
      </classification-ipc>
      <classification-ipc sequence="2" cls_cd="further-clsf">
        <text>B01J-023/74   321   X   8017-4G   </text>
      </classification-ipc>
      <classification-ipc sequence="3" cls_cd="further-clsf">
        <text>C07F-007/12      R   8018-4H   </text>
      </classification-ipc>
      <classification-ipc sequence="4" cls_cd="add-info">
        <text>C07B-061/00   300         </text>
      </classification-ipc>
    </classifications-ipc>
    <parties>
      <applicants>
        <applicant sequence="1" lang="JP">
          <addressbook>
            <name>信越化学工業株式会社</name>
            <registered-number>000002060</registered-number>
            <address>
              <text>東京都千代田区大手町二丁目6番1号</text>
            </address>
          </addressbook>
        </applicant>
      </applicants>
      <inventors>
        <inventor sequence="1">
          <addressbook>
            <name>金生  剛</name>
            <address>
              <text>新潟県中頸城郡頸城村大字西福島28番地の1  信越化学工業株式会社合成技術研究所内</text>
            </address>
          </addressbook>
        </inventor>
        <inventor sequence="2">
          <addressbook>
            <name>清水  孝明</name>
            <address>
              <text>新潟県中頸城郡頸城村大字西福島28番地の1  信越化学工業株式会社合成技術研究所内</text>
            </address>
          </addressbook>
        </inventor>
        <inventor sequence="3">
          <addressbook>
            <name>石原  俊信</name>
            <address>
              <text>新潟県中頸城郡頸城村大字西福島28番地の1  信越化学工業株式会社合成技術研究所内</text>
            </address>
          </addressbook>
        </inventor>
        <inventor sequence="4">
          <addressbook>
            <name>金子  達志</name>
            <address>
              <text>新潟県中頸城郡頸城村大字西福島28番地の1  信越化学工業株式会社合成技術研究所内</text>
            </address>
          </addressbook>
        </inventor>
        <inventor sequence="5">
          <addressbook>
            <name>荻原  勤</name>
            <address>
              <text>新潟県中頸城郡頸城村大字西福島28番地の1  信越化学工業株式会社合成技術研究所内</text>
            </address>
          </addressbook>
        </inventor>
        <inventor sequence="6">
          <addressbook>
            <name>三浦  大和</name>
            <address>
              <text>新潟県中頸城郡頸城村大字西福島28番地の1  信越化学工業株式会社合成技術研究所内</text>
            </address>
          </addressbook>
        </inventor>
      </inventors>
      <agents>
        <agent sequence="1">
          <addressbook>
            <name>小宮  良雄</name>
          </addressbook>
        </agent>
      </agents>
    </parties>
    <number-of-claims>5</number-of-claims>
    <request-for-examination true-or-false="false" />
    <total-pages>11</total-pages>
  </bibliographic-data>
  <description>【発明の詳細な説明】
<br/>【0001】
<br/>【産業上の利用分野】本発明は、電気光学的スイッチングあるいは表示装置の表示材として利用される液晶性のシリルビフェニル系化合物の新規な製造方法に関するものである。
<br/>【0002】
<br/>【従来の技術】電気光学的スイッチングあるいは表示装置ではしばしば液晶化合物が利用されている。そのような液晶化合物として、例えば4’-シアノ-4-アルキルビフェニルなどが知られている。
<br/>【0003】4’-シアノ-4-アルキルビフェニルの合成にはこれまで例えば次のような直線的(linear)な経路を経て行う方法が知られている。すなわち、ビフェニルを出発物質とし、その4位にフリーデル-クラフツ反応でアシル基を導入し、アシル基のカルボニル基をウォルフ-キッシュナー還元して4-アルキルビフェニルを合成する。次いで、その4-アルキルビフェニルの4’位にフリーデル-クラフツ反応によってアセチル基を入れ、このアセチル基を数工程の官能基変換を経てシアノ基にする。
<br/>【0004】
<br/>【発明が解決しようとする課題】ビフェニルから出発して表示用化合物を合成する方法の場合、長い直線経路の多数の工程を要し、製造が煩雑で収率も低いという問題点があった。また、反応試薬にジイミドなどの工業的に取扱の難しい化合物を使用しなければならないなどの欠点があった。
<br/>【0005】本発明は、こうした問題点を解決するため、入手容易な出発物質から収束的な経路を経て、容易にしかも高収率に液晶性のビフェニル系化合物を製造できる方法を提供することを目的とする。
<br/>【0006】
<br/>【課題を解決するための手段】前記の目的を達成するため、本発明のシリルビフェニル系化合物の製造方法は、一般式1
<br/>【0007】
<br/>【化13】
<br/><EMI ID="000014" HE="025" WI="110" LX="0500" LY="0350"/>【0008】で表されるオルガノモノハロシランと、一般式2
<br/>【0009】
<br/>【化14】
<br/><EMI ID="000015" HE="015" WI="086" LX="0620" LY="0700"/>【0010】で表される4-ハロフェニル金属ハライドとの間で、脱ハロゲン化金属による第1のカップリング反応を行い、一般式3
<br/>【0011】
<br/>【化15】
<br/><EMI ID="000016" HE="020" WI="086" LX="0620" LY="1000"/>【0012】で表される4-オルガノシリルハロベンゼンを合成し、得られた4-オルガノシリルハロベンゼンにマグネシウム又は亜鉛を導入して一般式4
<br/>【0013】
<br/>【化16】
<br/><EMI ID="000017" HE="020" WI="086" LX="0620" LY="1350"/>【0014】で表される4-オルガノシリルフェニル金属ハライドを合成し、得られた4-オルガノシリルフェニル金属ハライドと、一般式5
<br/>【0015】
<br/>【化17】
<br/><EMI ID="000018" HE="015" WI="086" LX="0620" LY="1700"/>【0016】で示される1,4-ジハロベンゼン又は4-シアノハロベンゼンとの間で、脱ハロゲン化金属による第2のカップリング反応を行い、一般式6
<br/>【0017】
<br/>【化18】
<br/><EMI ID="000019" HE="025" WI="110" LX="0500" LY="2000"/>【0018】で表される4’-オルガノシリル-4-ハロビフェニル又は、4’-オルガノシリル-4-シアノビフェニルを合成する。
<br/>【0019】上記式中、R<SP>1</SP> ,R<SP>2</SP> は炭素原子数1〜10の鎖状オルガノ基、X<SP>1</SP> はハロゲン、Mはマグネシウム又は亜鉛、X<SP>2</SP> はハロゲン又はシアノ基で、nは0〜4である。
<br/>【0020】4-オルガノシリルフェニル金属ハライドとの第2のカップリング反応の相手は4’-オルガノシリル-4-ハロビフェニルあるいは、4’-オルガノシリル-4-シアノビフェニルに限らない。
<br/>【0021】一般式7
<br/>【0022】
<br/>【化19】
<br/><EMI ID="000020" HE="015" WI="086" LX="0620" LY="2600"/>【0023】で表され、炭素数1〜10のオルガノ基を有する4-オルガノハロベンゼンとの間で、脱ハロゲン化金属による第2のカップリング反応を行い、一般式8
<br/>【0024】
<br/>【化20】
<br/><EMI ID="000021" HE="020" WI="086" LX="0620" LY="0400"/>【0025】で表される4’-オルガノシリル-4-オルガノビフェニルを合成してもよい。
<br/>【0026】上記のように本発明ではオルガノモノハロシランと、4-ハロフェニル金属ハライドとの間で、脱ハロゲン化金属による第1のカップリング反応を行い、4-オルガノシリルハロベンゼンを合成する。
<br/>【0027】オルガノモノハロシランと第1のカップリング反応をする相手方の4-ハロフェニル金属ハライドは例えばグリニャール試薬である4-ハロフェニルマグネシウムハライドがよい。
<br/>【0028】4-ハロフェニルマグネシウムハライドは無水有機溶媒中に互いに等モルの1,4-ジハロベンゼンとマグネシウムとを投入すれば容易に合成できる。1,4-ジハロベンゼンの二つの置換ハロゲンは互いに同一でもよく異なっていてもよい。反応式を示す。
<br/>【0029】
<br/>【化21】
<br/><EMI ID="000022" HE="015" WI="090" LX="0600" LY="1050"/>【0030】マグネシウムと反応させる1,4-ジハロベンゼンとしては、1,4-ジクロロベンゼン、4-ブロモクロロベンゼン、1,4-ジブロモベンゼンなどを好ましく例示できる。
<br/>【0031】上記のグリニャール試薬の合成溶媒としては例えば、テトラヒドロフラン、ジエチルエーテル、ジブチルエーテルなどのエーテル類、ベンゼン、トルエン、キシレンなどの炭化水素類を挙げることができる。これらは単独で用いられてもよく、互いに混合して用いられてもよい。
<br/>【0032】第1のカップリング反応にあたり、グリニャール試薬と副反応を生じさせる活性な官能基がオルガノモノハロシランに結合しているような場合には、4-ハロフェニルマグネシウムハライドをいったん4-ハロフェニル亜鉛ハライドに変え、この4-ハロフェニル亜鉛ハライドとオルガノモノハロシランとをカップリング反応させるとよい。
<br/>【0033】4-ハロフェニル亜鉛ハライドは4-ハロフェニルマグネシウムハライドとハロゲン化亜鉛(II)とを無水有機溶媒中で混合すれば合成できる。反応式を示す。
<br/>【0034】
<br/>【化22】
<br/><EMI ID="000023" HE="030" WI="132" LX="0390" LY="1800"/>【0035】上記式中、ともにX<SP>1</SP> で示される4-ハロフェニルマグネシウムハライド中のハロゲン元素とハロゲン化亜鉛(II)中のハロゲン元素とは同一であってもよく、異なっていてもよい。ハロゲン化亜鉛(II)としては塩化亜鉛、臭化亜鉛、ヨウ化亜鉛を挙げることができる。4-ハロフェニルマグネシウムハライドから4-ハロフェニル亜鉛ハライドを合成する有機溶媒としては、グリニャール試薬の合成にあたり例示した有機溶媒と同様のものを挙げることができる。
<br/>【0036】上記の4-ハロフェニルマグネシウムハライド又は4-ハロフェニル亜鉛ハライドはオルガノモノハロシランとの間の第1のカップリング反応に用いられる。
<br/>【0037】オルガノモノハロシランを表す式1でR<SP>1</SP> 、R<SP>2</SP> で示され、ケイ素に結合しているオルガノ基は、例えばアルキル基、アルケニル基、アルキニル基などの鎖状の炭化水素基を挙げることができる。そのほかにも、炭素原子の連結する主鎖中にエーテル基(-O-)が含まれている例えばアルコキシアルキル基、スルフィド基(-S-)が含まれている例えばアルキルチオアルキル基、カルボニル基(-CO-)が含まれている例えばアシルアルキル基、カルボニロキシ基(-COO-)が含まれている例えばアシロキシアルキル基などが挙げられる。式1の2つのR<SP>1</SP> 相互間でも、そのR<SP>1</SP> にR<SP>2</SP> を含めた相互間でも、これらは互いに同一の基でもよく、異なる基でもよい。
<br/>【0038】そのなかでも、R<SP>1</SP> がいずれもメチル基の場合、いずれもエチル基の場合又は、一方がメチル基で他方がエチル基の場合などが好ましい。R<SP>2</SP> は炭素原子数1〜10の鎖状アルキル基であるとよい。
<br/>【0039】第1のカップリング反応は有機溶媒中で行うとよい。その場合の有機溶媒としては、テトラヒドロフラン、ジエチルエーテル、ジブチルエーテルなどのエーテル類を挙げることができる。そのほかにも、ベンゼン、トルエン、キシレンなどの炭化水素類を挙げることができ、N,N-ジメチルホルムアミド、ジメチルスルホキシド、ヘキサメチルホスホリックトリアミドなどの非プロトン性極性溶媒なども挙げることができる。これらは単独で用いられてもよく、互いに混合して用いられてもよい。反応温度は0℃〜80℃が好ましい。反応式を示す。
<br/>【0040】
<br/>【化23】
<br/><EMI ID="000024" HE="040" WI="102" LX="0540" LY="0700"/>【0041】副生したハロゲン化金属はその反応混合物を水洗し、得られた洗浄水を冷却してろ過すれば回収できる。ハロゲン化亜鉛の場合は繰り返して使用できる。反応混合物からハロゲン化金属を除去し、次いで減圧濃縮すれば4-オルガノシリルハロベンゼンを単離できる。
<br/>【0042】本発明では上記で得られた4-オルガノシリルハロベンゼンに金属を導入し、その4-オルガノシリルフェニル金属ハライドと1,4-ジハロベンゼン又は4-シアノハロベンゼンとの間で、脱ハロゲン化金属による第2のカップリング反応を行う。
<br/>【0043】4-オルガノシリルフェニル金属ハライドはグリニャール試薬である4-オルガノシリルフェニルマグネシウムハライドなどが好ましい。
<br/>【0044】4-オルガノシリルフェニルマグネシウムハライドの合成は上記の4-ハロフェニルマグネシウムハライドの合成の場合と同様に、無水有機溶媒中で4-オルガノシリル-ハロベンゼンとマグネシウムとを混合すればよい。
<br/>【0045】4-シアノハロベンゼンのシアノ基のように、4-オルガノシリルフェニル金属ハライドとのカップリング反応の相手方物質にハロゲン以外でグリニャール試薬に対して反応性の官能基がある場合、4-オルガノシリルフェニル金属ハライドとしては4-オルガノシリルフェニル亜鉛ハライドを用いるとよい。4-オルガノシリルフェニル亜鉛ハライドは4-オルガノシリルフェニルマグネシウムハライドとハロゲン化亜鉛とを有機溶媒中で混合すれば合成される。金属を導入する反応式を示す。
<br/>【0046】
<br/>【化24】
<br/><EMI ID="000025" HE="060" WI="104" LX="0530" LY="1900"/>【0047】4-オルガノシリルフェニル金属ハライドは1,4-ジハロベンゼン又は4-シアノハロベンゼンとの間で第2のカップリング反応させる。第2のカップリング反応をする1,4-ジハロベンゼン又は4-シアノハロベンゼンは、2,3,5,6位に更にハロゲン又はシアノ基が1〜4置換していてもよく、置換していなくてもよい。具体的には例えば次のような物質を挙げることができる。
<br/>【0048】1,4-ジハロベンゼンとしては4-フルオロブロモベンゼン、4-フルオロヨードベンゼン、3,4-ジフルオロブロモベンゼンなどが挙げられる。4-シアノハロベンゼンとしては4-ブロモベンゾニトリル、4-ヨードベンゾニトリルなどが挙げられる。これらはいずれも容易に入手可能である。
<br/>【0049】本発明のシリルビフェニル系化合物の製造方法の実施に当たっては、1,4-ジハロベンゼンなどを用いないで4-オルガノハロベンゼンを用い、それを4-オルガノシリルフェニル金属ハライドとの間で第2のカップリング反応させてもよい。
<br/>【0050】この場合の4-オルガノハロベンゼンのオルガノ基としては、炭素数1〜10のアルコキシ基又はアルコキシカルボニル基を挙げることができる。そのほか、ハロゲンあるいはシアノ基などで部分置換されたそれらの誘導基を挙げることができる。更にその4-オルガノハロベンゼンはベンゼン環の2,3,5,6位にハロゲン又はシアノ基が1〜4置換していてもよく、置換していなくてもよい。具体的には例えば次のような物質を挙げることができる。
<br/>【0051】4-アルコキシカルボニルブロモベンゼン、4-アルコキシブロモベンゼン、4-アルコキシヨードベンゼン、4-モノフルオロメトキシブロモベンゼン、4-ジフルオロメトキシブロモベンゼン、4-トリフルオロメトキシブロモベンゼン、4-パーフルオロアルコキシブロモベンゼンなどを好ましく例示できる。
<br/>【0052】第2のカップリング反応はニッケル又はパラジウム触媒の存在下で行うとよい。その場合のニッケル触媒としては〔1,3-ビス(ジフェニルホスフィノ)プロパン〕ニッケル(II)クロリド、〔1,2-ビス(ジフェニルホスフィノ)エタン〕ニッケル(II)クロリド、ビス(トリフェニルホスフィン)ニッケル(II)クロリドなどが挙げられる。パラジウム触媒としては、テトラキス(トリフェニルホスフィン)パラジウム(0)、ジ〔1,2-ビス(ジフェニルホスフィノ)エタン〕パラジウム(0)、ビス(ジベンジリデンアセトン)パラジウム(0)などのパラジウム触媒が挙げられる。
<br/>【0053】触媒量は、反応物と触媒とを含めた量に対し0.1〜50モル％、価格、後処理の観点からは、0.2モル％〜5モル％が好ましい。
<br/>【0054】反応溶媒としては、例えば、テトラヒドロフラン、ジエチルエーテル、ジブチルエーテルなどのエーテル類、ベンゼン、トルエン、キシレンなどの炭化水素類、N,N-ジメチルホルムアミド、ジメチルスルホキシド、ヘキサメチルホスホリックトリアミドなどの非プロトン性極性溶媒が挙げられる。これらは単独で用いられてもよく、混合して用いられてもよい。
<br/>【0055】反応温度はマイナス78℃〜プラス80℃、好ましくは0℃〜室温が望ましい。反応の進行が遅い場合は還流条件まで昇温すればよい。反応式を示す。
<br/>【0056】
<br/>【化25】
<br/><EMI ID="000026" HE="050" WI="132" LX="0390" LY="1550"/>【0057】又は、
<br/>【0058】
<br/>【化26】
<br/><EMI ID="000027" HE="050" WI="132" LX="0390" LY="2150"/>【0059】副生したハロゲン化金属は反応混合物を水洗し、洗浄水を冷却してろ過すれば回収できる。反応混合物からハロゲン化金属を除去し、次いで減圧濃縮すれば生成されたシリルビフェニル系化合物、すなわち、4’-オルガノシリル-4-ハロビフェニル、4’-オルガノシリル-4-シアノビフェニル又は、4’-オルガノシリル-4-オルガノビフェニルが得られる。必要があれば再結晶、減圧蒸留、カラムクロマトグラフィーなどにより更に精製すればよい。
<br/>【0060】
<br/>【作用】本発明のシリルビフェニル系化合物の製造方法では、4-オルガノシリルフェニル金属ハライドと、4-オルガノハロベンゼンとの間で、脱ハロゲン化金属による第2のカップリング反応を行う。4-オルガノシリルフェニル金属ハライドと4-オルガノハロベンゼンとは一方が他方の合成を待つことなく、互いに独立に並行的に合成できる。
<br/>【0061】一般に、オルガノモノハロシラン、1,4-ジハロベンゼンなどは入手が非常に容易である。加えて、例えばジイミドのような、工業的に取扱の難しい試薬を用いない。
<br/>【0062】
<br/>【発明の効果】以上、詳細に説明したように本発明のシリルビフェニル系化合物の製造方法は入手容易な出発物質から収束的な経路を経て目的物に至るので、目的物を容易にしかも高収率に製造することができる。工業的に取扱の難しい試薬を用いないので操作も安全である。
<br/>【0063】
<br/>【実施例】以下、本発明の実施例を示す。
<br/>【0064】実施例1
<br/>4-(n-ヘキシルジメチルシリル)クロロベンゼンを製造し、マグネシウムを付加してグリニャール試薬を得、4-(n-ヘキシルジメチルシリル)-4’-トリフルオロメトキシビフェニルを製造した。
<br/>【0065】i  4-(n-ヘキシルジメチルシリル)クロロベンゼンの製造
<br/>p-ジクロロベンゼン147g(1.00モル)と金属マグネシウム26.7g(1.10g原子)とをテトラヒドロフラン800ミリリットル中で混合し、4-クロロフェニルマグネシウムクロリド(グリニャール試薬)を調製した。
<br/>【0066】n-ヘキシルジメチルクロロシラン178g(1.00モル)をテトラヒドロフラン300ミリリットルに溶かし、窒素気流下でかき混ぜながら上記の4-クロロフェニルマグネシウムクロリドを室温で滴下し、反応混合液中に4-(n-ヘキシルジメチルシリル)クロロベンゼンの粗生成物を合成した。
<br/>【0067】上記の反応混合液を室温で2時間、更に還流下1時間かき混ぜた後、飽和塩化アンモニウム水溶液中にあけ、合成された4-(n-ヘキシルジメチルシリル)クロロベンゼンをエーテルで抽出した。エーテル有機層を希塩酸、飽和炭酸水素ナトリウム水溶液、飽和食塩水で洗って未反応物と副生した塩化マグネシウムとを除去し、エーテル有機層を硫酸マグネシウムで乾燥し、減圧濃縮した。得られた残渣を減圧蒸留して高純度の目的物223.3gを得た。収率は88％だった。検査結果を下記に示す。
<br/>【0068】沸点(ただし圧力2.0Torr):103℃〜104℃
<br/><SP>1</SP> H  -NMR(CCl<SB>4</SB> )δ(ppm)
<br/>0.22(6H,S)          0.64-0.98(5H,m)
<br/>1.04-1.50(8H,m)          7.26-7.38(4H,m)
<br/>赤外線吸収分析(ν<SB>max</SB> )  波数(cm<SP>-1</SP>)
<br/>2957,    2922,    2872,    1578,    1485,1381,    1251,    1086,      839,      808,783,      739
<br/>上記の結果から下記の構造の合成物の存在が確認された。非常に収率が高いことも分かった。
<br/>【0069】
<br/>【化27】
<br/><EMI ID="000028" HE="030" WI="067" LX="1165" LY="1150"/>【0070】ii  このようにして得られた4-(n-ヘキシルジメチルシリル)クロロベンゼン44.0g(0.173モル)とマグネシウム5.00g(0.206g原子)とをテトラヒドロフラン250ミリリットル中に投入し、4-(n-ヘキシルジメチルシリル)フェニルマグネシウムクロリド(グリニャール試薬)を調製した。
<br/>【0071】4-(トリフルオロメトキシ)ブロモベンゼン41.7g(0.173モル)とテトラキス(トリフェニルホスフィン)パラジウム(0)1.0g(0.5モル％)とテトラヒドロフラン250ミリリットルとの混合液を還流させ、その還流液に上記のグリニャール試薬をかき混ぜながら滴下した。
<br/>【0072】混合液を還流しながら2時間かき混ぜた後、反応混合物を氷冷した塩化アンモニウム水溶液中にあけ、4-(n-ヘキシルジメチルシリル)フェニルマグネシウムクロリドと4-トリフルオロメトキシブロモベンゼンとの反応粗生成物を塩化メチレンで抽出した。塩化メチレン有機層を飽和炭酸水素ナトリウム水溶液、水、飽和食塩水で洗って未反応物と副生物とを除去し、硫酸マグネシウムで乾燥して、減圧濃縮した。残渣を減圧蒸留して高純度の目的物47.4gを得た。収率は72％だった。検査結果を下記に示す。
<br/>【0073】沸点(ただし圧力5.0Torr):182℃〜185℃
<br/><SP>1</SP> H-NMR(CDCl<SB>3</SB> )δ(ppm)
<br/>0.37(6H,S)          0.82-0.90(2H,t)
<br/>0.91-0.99(3H,t)          1.30-1.36(8H,m)
<br/>7.25-7.44(2H,m)          7.56-7.72(6H,m)
<br/>赤外線吸収分析(ν<SB>max</SB> )  波数(cm<SP>-1</SP>)
<br/>2956,    2922,    2856,    1518,    1491,1259,    1221,    1167,    1113,      839,808,
<br/>ガスクロマトグラフィーによる質量分析(EI)m/z
<br/>114,        142,      165,      279,      295,380,
<br/>上記の結果から下記の構造の合成物の存在が確認された。非常に収率が高いことも分かった。
<br/>【0074】
<br/>【化28】
<br/><EMI ID="000029" HE="020" WI="069" LX="0255" LY="1100"/>【0075】相転移温度を確認した。
<br/>結晶相-ネマチック相              -21.1℃
<br/>ネマチック相-等方性液体相        -12.7℃
<br/>実施例2
<br/>4-(n-ヘキシルジメチルシリル)-4’-シアノビフェニルの製造
<br/>実施例1と同様にして4-(n-ヘキシルジメチルシリル)フェニルマグネシウムクロリド(グリニャール試薬)を調製した。得られた4-(n-ヘキシルジメチルシリル)フェニルマグネシウムクロリド0.4モルをテトラヒドロフランに溶解した。
<br/>【0076】塩化亜鉛54.4g(0.400モル)をテトラヒドロフラン200ミリリットルに溶解して氷冷し、その氷冷液に上記のフェニルマグネシウムクロリドのテトラヒドロフラン溶液をかき混ぜながら滴下し、4-(n-ヘキシルジメチルシリル)フェニルマグネシウムクロリドと塩化亜鉛とを反応させた。撹拌温度0℃〜5℃、30分間かき混ぜ、4-(n-ヘキシルジメチルシリル)フェニル亜鉛クロリドの懸濁液を得た。
<br/>【0077】4-ブロモベンゾニトリル65.2g(0.358モル)とテトラキス(トリフェニルホスフィン)パラジウム(0)1.10g(5.3モル％)とテトラヒドロフラン400ミリリットルの混合液を調製し、その混合液をかき混ぜながら上記の懸濁液を室温下で滴下した。
<br/>【0078】混合液を12時間撹拌して4-(n-ヘキシルジメチルシリル)フェニル亜鉛クロリドと4-ブロモ-ベンゼンゾニトリルとを反応させ、その反応混合液を氷冷した飽和塩化アンモニウム水溶液中にあけ、粗生成物を塩化メチレンで抽出した。塩化メチレン有機層を水、飽和食塩水で洗って未反応物と副生物とを除去し、硫酸マグネシウムで乾燥して減圧濃縮した。
<br/>【0079】混合比20対1のヘキサンとエーテルとの混合液を流出液に用い、残渣をシリカゲルカラムクロマトグラフィーで精製し、目的物85.9gを得た。収率は75％だった。検査結果を下記に示す。
<br/>【0080】<SP>1</SP> H-NMR(CDCl<SB>3</SB> )δ(ppm)
<br/>0.34(6H,S)          0.78-0.86(2H,t)
<br/>0.87-0.94(3H,t)          1.26-1.44(8H,m)
<br/>7.30-7.38(2H,m)          7.56-7.77(6H,m)
<br/>赤外線吸収分析(ν<SB>max</SB> )  波数(cm<SP>-1</SP>)
<br/>2954,    2854,    2227,    1608,    1587,1490,    1388,    1249,    1112,    1005,810,
<br/>ガスクロマトグラフィーによる質量分析(EI)m/z
<br/>118,        142,      206,      222,      236,251,        306,      321,
<br/>上記の結果から下記の構造の合成物の存在が確認された。非常に収率が高いことも分かった。
<br/>【0081】
<br/>【化29】
<br/><EMI ID="000030" HE="030" WI="082" LX="0640" LY="2200"/>【0082】実施例3
<br/>4-(n-デシルジメチルシリル)クロロベンゼンを製造し、マグネシウムを導入してグリニャール試薬を得、4-(n-デシルジメチルシリル)-4’-トリフルオロメトキシビフェニルを製造した。
<br/>【0083】i  4-ブロモクロロベンゼン200g(1.04モル)と金属マグネシウム25.39g(1.04g原子)とをテトラヒドロフラン1000ミリリットル中に投入して4-クロロフェニルマグネシウムブロミド(グリニャール試薬)を得た。
<br/>【0084】n-デシルジメチルクロロシラン240.0g(1.02モル)をテトラヒドロフラン300ミリリットルに溶解し、窒素気流下でそのn-デシルジメチルクロロシラン溶液をかき混ぜながら上記のグリニャール試薬を室温で滴下した。
<br/>【0085】以下、実施例1と同様の方法で4-(n-デシルジメチルシリル)クロロベンゼン248g.4gを得た。収率は78％だった。検査結果を下記に示す。
<br/>【0086】沸点(ただし圧力2.0Torr):173℃〜179℃
<br/><SP>1</SP> H-NMR(CCl<SB>4</SB> )δ(ppm)
<br/>0.20(6H,S)          0.60-1.46(21H,m)
<br/>7.06-7.40(4H,m)
<br/>赤外線吸収分析(ν<SB>max</SB> )  波数(cm<SP>-1</SP>)
<br/>2957,    2924,    2854,    1578,    1485,1379,    1252,    1086,    1016,      839,808,      739
<br/>上記の結果から下記の構造の合成物の存在が確認された。非常に収率が高いことも分かった。
<br/>【0087】
<br/>【化30】
<br/><EMI ID="000031" HE="030" WI="067" LX="0265" LY="1350"/>【0088】ii  このようにして得られた4-(n-デシルジメチルシリル)クロロベンゼン45.4g(0.146モル)とマグネシウムとから実施例1と同様の方法で4-(n-デシルジメチルシリル)フェニルマグネシウムクロリド(グリニャール試薬)を合成した。
<br/>【0089】このようにして得られた4-(n-デシルジメチルシリル)フェニルマグネシウムクロリドと4-トリフルオロメトキシブロモベンゼン35.2g(0.146モル)とをカップリング反応させた。反応は〔1,3-ビス(ジフェニルホスフィノ)プロパン〕ニッケル(II)クロリド1.60g(2.0モル％)の存在下で行った。反応混合液をシリカゲルカラムクロマトグラフィーで精製して高純度の目的物45.2gを得た。収率は71％だった。検査結果を下記に示す。
<br/>【0090】<SP>1</SP> H-NMR(CDCl<SB>3</SB> )δ(ppm)
<br/>0.35(6H,S)          0.84-0.97(5H,m)
<br/>1.32-1.38(18H,m)        7.31-7.67(8H,m)
<br/>赤外線吸収分析(ν<SB>max</SB> )  波数(cm<SP>-1</SP>)
<br/>2957,    2924,    2855,    1260,    1223,1169,    1115,    1005,      837,      806,773,
<br/>ガスクロマトグラフィーによる質量分析(EI)m/z
<br/>43,        127,      152,      198,      279,295,        436
<br/>上記の結果から下記の構造の合成物の存在が確認された。非常に収率が高いことも分かった。
<br/>【0091】
<br/>【化31】
<br/><EMI ID="000032" HE="025" WI="090" LX="0600" LY="1750"/>【0092】実施例4
<br/>4-(n-デシルジメチルシリル)-4’-ジフルオロメトキシビフェニルの製造
<br/>実施例3と同様にして、4-(n-デシルジメチルシリル)クロロベンゼン52.3g(0.168モル)を合成し、マグネシウムを付加して4-(n-デシルジメチルシリル)フェニルマグネシウムクロリド(グリニャール試薬)を調製した。
<br/>【0093】得られた4-(n-デシルジメチルシリル)フェニルマグネシウムクロリドと、4-ジフルオロメトキシブロモベンゼン37.5g(0.168モル)とをカップリング反応させた。この反応は〔1,3-ビス(ジフェニルホスフィノ)プロパン〕ニッケル(II)クロリド1.57g(2.0モル％)の存在下で行った。反応混合液をシリカゲルカラムクロマトグラフィーで精製して目的物41.6gを得た。収率は68％だった。検査結果を下記に示す。
<br/>【0094】赤外線吸収分析(ν<SB>max</SB> )  波数(cm<SP>-1</SP>)
<br/>2957,    2922,    2854,    1599,    1520,1491,    1466,    1381,    1250,    1223,1176,    1172,    1053,    1005,      837
<br/>812,      774,
<br/>ガスクロマトグラフィーによる質量分析(EI)m/z
<br/>43,        127,      141,      170,      201,220,        263,      277,      418
<br/>上記の結果から下記の構造の合成物の存在が確認された。非常に収率が高いことも分かった。
<br/>【0095】
<br/>【化32】</description>
  <claims>
    <claim num="1">
      <claim-text>【請求項1】一般式1
【化1】
<EMI ID=000002 HE=020 WI=086 LX=0620 LY=0400>(式中、R<SP>1</SP> ,R<SP>2</SP> は炭素原子数1〜10の鎖状オルガ<br/>ノ基で、互いに同一又は異種、X<SP>1</SP> はハロゲン)で表さ<br/>れるオルガノモノハロシランと、一般式2
【化2】
<EMI ID=000003 HE=015 WI=086 LX=0620 LY=0700>(式中Mはマグネシウム又は亜鉛、X<SP>1</SP> はハロゲンで式<br/>1のX<SP>1</SP> を含めて互いに同一又は異種)で表される4-<br/>ハロフェニル金属ハライドとの間で、脱ハロゲン化金属<br/>による第1のカップリング反応を行い、一般式3
【化3】
<EMI ID=000004 HE=020 WI=086 LX=0620 LY=1000>で表される4-オルガノシリルハロベンゼンを合成し、<br/>得られた4-オルガノシリルハロベンゼンにマグネシウ<br/>ム又は亜鉛を導入して一般式4
【化4】
<EMI ID=000005 HE=020 WI=086 LX=0620 LY=1300>で表される4-オルガノシリルフェニル金属ハライドを<br/>合成し、得られた4-オルガノシリルフェニル金属ハラ<br/>イドと、一般式5
【化5】
<EMI ID=000006 HE=015 WI=086 LX=0620 LY=1600>(式中X<SP>2</SP> はハロゲン又はシアノ基で、互いに同一又は<br/>異種、nは0〜4)で示される1,4-ジハロベンゼン<br/>又は4-シアノハロベンゼンとの間で、脱ハロゲン化金<br/>属による第2のカップリング反応を行い、一般式6
【化6】
<EMI ID=000007 HE=025 WI=110 LX=0500 LY=1900>で表される4’-オルガノシリル-4-ハロビフェニル<br/>又は、4’-オルガノシリル-4-シアノビフェニルを<br/>合成することを特徴とするシリルビフェニル系化合物の<br/>製造方法。</claim-text>
    </claim>
    <claim num="2">
      <claim-text>【請求項2】一般式1
【化7】
<EMI ID=000008 HE=020 WI=086 LX=0620 LY=2300>(式中、R<SP>1</SP> ,R<SP>2</SP> は炭素原子数1〜10の鎖状オルガ<br/>ノ基で、互いに同一又は異種、X<SP>1</SP> はハロゲン)で表さ<br/>れるオルガノモノハロシランと、一般式2
【化8】
<EMI ID=000009 HE=015 WI=086 LX=0620 LY=2600>(式中Mはマグネシウム又は亜鉛、X<SP>1</SP> はハロゲンで式<br/>1のX<SP>1</SP> を含めて同一又は異種)で表される4-ハロフ<br/>ェニル金属ハライドとの間で脱ハロゲン化金属による第<br/>1のカップリング反応を行い、一般式3
【化9】
<EMI ID=000010 HE=020 WI=086 LX=0620 LY=0400>で表される4-オルガノシリルハロベンゼンを合成し、<br/>得られた4-オルガノシリルハロベンゼンにマグネシウ<br/>ム又は亜鉛を導入して一般式4
【化10】
<EMI ID=000011 HE=020 WI=086 LX=0620 LY=0700>で表される4-オルガノシリルフェニル金属ハライドを<br/>合成し、得られた4-オルガノシリルフェニル金属ハラ<br/>イドと、一般式7
【化11】
<EMI ID=000012 HE=015 WI=086 LX=0620 LY=1000>(式中X<SP>2</SP> はハロゲン又はシアノ基で、互いに同一又は<br/>異種、nは0〜4、R<SP>3</SP>は炭素原子数1〜10の鎖状オ<br/>ルガノ基)で示される4-オルガノハロベンゼンとの間<br/>で、脱ハロゲン化金属による第2のカップリング反応を<br/>行い、一般式8
【化12】
<EMI ID=000013 HE=030 WI=110 LX=0500 LY=1300>で表される4’-オルガノシリル-4-オルガノビフェ<br/>ニルを合成することを特徴とするシリルビフェニル系化<br/>合物の製造方法。</claim-text>
    </claim>
    <claim num="3">
      <claim-text>【請求項3】第2のカップリング反応はニッケル触媒又<br/>はパラジウム触媒の存在下で行う請求項1又は2に記載<br/>のシリルビフェニル系化合物の製造方法。</claim-text>
    </claim>
    <claim num="4">
      <claim-text>【請求項4】  R<SP>1</SP> が互いにメチル基又は/及びエチル<br/>基である請求項1〜3のいずれかに記載のシリルビフェ<br/>ニル系化合物の製造方法。</claim-text>
    </claim>
    <claim num="5">
      <claim-text>【請求項5】  R<SP>2</SP> が炭素数1〜10のアルキル基であ<br/>る請求項4に記載のシリルビフェニル系化合物の製造方<br/>法。</claim-text>
    </claim>
  </claims>
  <abstract>【要約】        (修正有)
【目的】入手容易な出発物質から収束的な経路を経て、<BR>容易にしかも高収率にシリルビフェニル系化合物を製造<BR>する方法を提供する。
【構成】オルガノモノハロシランと4-ハロフェニル金<BR>属ハライドとの間で、脱ハロゲン化金属による第1のカ<BR>ップリング反応を行い、4-オルガノシリルハロベンゼ<BR>ンを合成し、得られた4-オルガノシリルハロベンゼン<BR>にマグネシウム又は亜鉛を導入して4-オルガノシリル<BR>フェニル金属ハライドを合成し、得られた4-オルガノ<BR>シリルフェニル金属ハライドと、1,4-ジハロベンゼ<BR>ン又は4-シアノハロベンゼンとの間で、脱ハロゲン化<BR>金属による第2のカップリング反応を行い、4’-オル<BR>ガノシリル-4-ハロビフェニル又は、4’-オルガノ<BR>シリル-4-シアノビフェニルを合成する。4-オルガ<BR>ノシリルフェニル金属ハライドと、4-オルガノハロベ<BR>ンゼンとの間で、脱ハロゲン化金属による第2のカップ<BR>リング反応を行って4’-オルガノシリル-4-オルガ<BR>ノビフェニルを合成してもよい。</abstract>
</wips-patent-document>