﻿<?xml version="1.0" encoding="utf-8"?>
<!DOCTYPE wips-patent-document SYSTEM "../../../../../DTD/wips-jp-patent-application-v1-0.dtd">
<!--Copyright ©2011 WIPS-->
<wips-patent-document country="JP" kind="A" file="2000125611.xml" dtd_version="1.0 2010-06-18" lang="jp">
  <bibliographic-data lang="jp" country="JP">
    <Publication-reference data-format="original">
      <document-id>
        <country>JP</country>
        <doc-num>特開2000-125611(P2000-125611A)</doc-num>
        <kind>A</kind>
        <date>平成12年5月9日(2000.5.9)</date>
      </document-id>
    </Publication-reference>
    <Publication-reference data-format="wips">
      <document-id>
        <country>JP</country>
        <doc-num>2000-125611</doc-num>
        <kind>A</kind>
        <date>20000509</date>
      </document-id>
    </Publication-reference>
    <application-reference data-format="original">
      <document-id>
        <doc-num>特願平10-307984</doc-num>
        <date>平成10年10月29日(1998.10.29)</date>
      </document-id>
    </application-reference>
    <application-reference data-format="wips">
      <document-id>
        <doc-num>1998-307984</doc-num>
        <date>19981029</date>
      </document-id>
    </application-reference>
    <invention-title>芝苗撒布植付け装置並びにこの装置に使用される芝苗撒布部及び芝苗押圧部</invention-title>
    <classifications-ipc id="7" data-format="original">
      <classification-ipc sequence="1">
        <text>A01B 49/04</text>
      </classification-ipc>
      <classification-ipc sequence="2">
        <text>A01C  5/06</text>
      </classification-ipc>
      <classification-ipc sequence="3">
        <text>A01G  1/06</text>
      </classification-ipc>
    </classifications-ipc>
    <classifications-ipc id="7" data-format="wips">
      <classification-ipc sequence="1" cls_cd="main-clsf">
        <text>A01B-049/04            </text>
      </classification-ipc>
      <classification-ipc sequence="2" cls_cd="further-clsf">
        <text>A01C-005/06            </text>
      </classification-ipc>
      <classification-ipc sequence="3" cls_cd="further-clsf">
        <text>A01G-001/06            </text>
      </classification-ipc>
    </classifications-ipc>
    <classifications-national data-format="original">
      <classification-national sequence="1">
        <text>A01B 49/04</text>
      </classification-national>
      <classification-national sequence="2">
        <text>A01C  5/06        L</text>
      </classification-national>
      <classification-national sequence="3">
        <text>A01G  1/06        A</text>
      </classification-national>
    </classifications-national>
    <classifications-national data-format="wips">
      <classification-national sequence="1" cls_cd="main-clsf">
        <text>A01B-049/04            </text>
      </classification-national>
      <classification-national sequence="2" cls_cd="further-clsf">
        <text>A01C-005/06      L      </text>
      </classification-national>
      <classification-national sequence="3" cls_cd="further-clsf">
        <text>A01G-001/06      A      </text>
      </classification-national>
    </classifications-national>
    <theme-code-info>
      <theme-code>2B034</theme-code>
    </theme-code-info>
    <f-term-info>
      <f-term>2B034AA09</f-term>
      <f-term>2B034BA07</f-term>
      <f-term>2B034BA10</f-term>
      <f-term>2B034BB02</f-term>
      <f-term>2B034BC06</f-term>
      <f-term>2B034JA07</f-term>
      <f-term>2B034JA13</f-term>
      <f-term>2B034JA23</f-term>
      <f-term>2B034JB01</f-term>
    </f-term-info>
    <parties>
      <applicants>
        <applicant sequence="1" lang="JP">
          <addressbook>
            <name>ゾイシアンジャパン株式会社</name>
            <registered-number>591085042</registered-number>
            <address>
              <text>広島県神石郡油木町大字近田275番地</text>
            </address>
          </addressbook>
        </applicant>
      </applicants>
      <inventors>
        <inventor sequence="1">
          <addressbook>
            <name>宮池  誠文</name>
            <address>
              <text>広島県神石郡油木町大字近田835-7</text>
            </address>
          </addressbook>
        </inventor>
        <inventor sequence="2">
          <addressbook>
            <name>吉元  哲也</name>
            <address>
              <text>広島県神石郡三和町大字小畠536</text>
            </address>
          </addressbook>
        </inventor>
      </inventors>
      <agents>
        <agent sequence="1">
          <addressbook>
            <name>忰熊  弘稔</name>
            <registered-number>100065721</registered-number>
          </addressbook>
        </agent>
      </agents>
    </parties>
    <number-of-claims>6</number-of-claims>
    <request-for-examination true-or-false="false" />
    <filing-form>OL</filing-form>
    <total-pages>7</total-pages>
  </bibliographic-data>
  <description>【発明の詳細な説明】
<br/>【0001】
<br/>【発明の属する技術分野】本発明は、芝苗撒布植付け装置並びにこの装置に使用される芝苗撒布部及び芝苗押圧部に関する。
<br/>【0002】
<br/>【従来の技術】芝地の形成にさいして、ソッド(切芝)を地面にそのまま張って活着させるように実施することも差し支えないが、この手法では芝の生育が十分に活性化するものとならず、強い芝地は得難いのである。これがため、この手法に代えて、切芝をバラバラに解すなどして根茎(芝ランナー)のみを採取し、この芝ランナーを植え付けて発芽させることが行われる。
<br/>【0003】ところで、上記切芝のバラ撒きは専ら手作業で行い、その後耕転機などによって浅く耕して攪拌し、覆土の代用となすのであって、多大の時間と労力を必要とするものとなっている。
<br/>【0004】
<br/>【発明が解決しようとする課題】上記した従来に於ける人手による芝ランナーのバラ撒きは個人差があり、また耕転機などでの表土との攪拌では画一的で安定的な植付け状態が得難く、即ち、撒かれた芝ランナーが土中へ一定深さに確実に埋込まれるものとならないことから、発芽率が大きく低下することは免れないのであり、均一な生育の望めるものとならないのである。
<br/>【0005】本発明は斯かる実情に対処するため、活着性の良い埋込みに適した比較的長い芝ランナーを画一的且つ安定的且つ能率的に植え付けることのできる芝苗撒布植付け装置を提供するほか、この植付け装置に使用される芝苗撒布部及び芝苗押圧部を提供することを目的としている。
<br/>【0006】
<br/>【課題を解決するための手段】上記目的を達成するため、本発明の芝苗撒布植付け装置は、次のようなものとなすのであって、即ち、地面を耕耘して耕耘土を後方へ飛散させるものとした耕耘処理部と、この処理部の後方で芝ランナー群を地面の一定巾内に均等に散布するものとした芝苗散布部と、この散布部により地面に散布された芝ランナー群を圧下するものとした芝苗押圧部とを備えたものであって、使用中に全体が前進移動され、この移動中に連続して、耕耘処理部の飛散させた耕耘土が芝苗押圧部により地面に押圧された状態の芝苗上に落下する構成となす。
<br/>【0007】上記芝苗散布部は前進移動される過程でこれに供給される比較的長い芝ランナー群を耕耘処理部により耕起された地面の一定巾範囲に均等に撒布し、芝苗押圧部はこのように撒布された芝ランナーを地面に一時的に押え付けるように作動し、この押え付けられた状態の芝ランナー群には耕耘処理部で後方へ飛散された耕耘土が降りかかり、芝ランナー群は連続的に一定厚で覆土されるものとなる。
<br/>【0008】上記芝苗撒布部は具体的には次のようになす。即ち、芝ランナー群を積載するための芝苗供給台を備えると共に、この供給台に形成された芝苗落下孔の下方に横長状で縦向きの芝苗案内通路を設け、この案内通路内には、芝苗落下孔の直下で縦軸回りへ揺動駆動される芝苗振払い具と、この振払い具で左右方向へ振り払われて落下した芝ランナー群を一定速度で下方へ掻き出すものとした芝苗掻出し具とを装設する。このさい、芝苗落下孔の直下近傍に液噴霧装置を設けるのがよい。
<br/>【0009】芝苗供給台上の芝ランナー群は人手などにより芝苗落下孔から芝苗案内通路内に供給されるが、液噴霧装置はこのように芝苗案内通路内の上部に供給される芝ランナー群に効率的に養生液を掛けるものとなり、また芝苗振払い具は芝苗案内通路内に供給された芝ランナーを左右方向へ均等に振り払って落下させ、さらに芝苗掻出し具は芝苗案内通路内を落下した芝ランナー群を地面の一定巾範囲に定量的に撒布する。
<br/>【0010】この芝苗撒布部はさらに次のようになすのがよいのであって、即ち、芝苗案内通路の内方で芝苗振払い具と芝苗掻出し具との間に左右向き軸回りへ繰り返し揺動される縦向き係止棒群体を設けると共に、この縦向き係止棒群体は前記左右向き軸に多数の係止棒を下向きとして左右方向へ並設したものとなす。これによれば、芝苗撒布部が左右へ傾斜したとき、多数の係止棒が芝苗案内通路内の芝ランナー群と絡み合って芝ランナー群の左右方向への重力による移動を規制する。
<br/>【0011】上記芝苗押圧部は具体的には次のようになす。即ち、一定位置で回転自在に支持された左右向き軸に縦向きの多数のディスクを左右方向へ並設したものとした多重ディスク体を前後に位置させると共に、前側の多重ディスク体に於ける隣接したディスク間に後側の多重ディスク体のディスクを位置させ、しかも前側の多重ディスク体のディスクと後側の多重ディスク体のディスクとを側面視で部分的に重合させてあり、前後の多重ディスク体のディスクが芝ランナーを地面に圧下し密接させる構成となす。これによれば、前後の多重ディスクが地面の芝ランナーを適当時間に亘って圧下し続けるのであり、この圧下中に、耕耘処理部により後方へ飛散された耕耘土が多数のディスク間を経てこれらディスクの圧下した芝ランナー群に降りかかるのである。
<br/>【0012】この芝苗押圧部はさらに次のように具体化するのがよいのであって、即ち、前側の多重ディスク体の前方上部に左右向きの砕土用レーキを振動駆動可能に装設した構成となす。これによれば、砕土用レーキが耕耘処理部により後方へ飛散された耕耘土を衝撃的に受け止めてこれを破砕しディスク間に落下させるものとなる。このさい、砕土用レーキの振動はこれに衝突した土の砕土用レーキへの付着を阻止する。また、落下する芝ランナーが飛散する耕転土によって後方へ飛ばされるのを阻止して落とし、多重ディスクによって圧下されるよう芝ランナーを誘導する。
<br/>【0013】
<br/>【発明の実施の形態】図1は本発明に係る芝苗撒布植付け装置の使用状態を示す図、図2は前記植付け装置の側面視断面図、図3は前記植付け装置の要部を示す平面図、図4は前記植付け装置の芝苗落下孔周辺を示す図、図5は前記植付け装置の芝苗撒布部を部分的に切除して示した図、図6は前記植付け装置の芝苗押圧部を部分的に示す図である。
<br/>【0014】図1〜図3に示すように、本発明に係る芝苗撒布植付け装置は地面aを耕耘して耕耘土bを後方へ飛散させるものとした耕耘処理部Aと、この処理部Aの後方で芝ランナーc群を地面aの一定巾範囲d内に均等に散布するものとした芝苗散布部Bと、この散布部Bにより地面aに散布された芝ランナーc群を圧下するものとした芝苗押圧部Cとを備えたものであって、装置全体がトラクタeの後部にリンク機構を介して支持されるものとなしてある。
<br/>【0015】先ず耕耘処理部Aについて説明すると、トラクタeに支持された伝動ケース1に耕耘軸2を回転可能に装着すると共にこの耕耘軸2に多数の耕耘爪3が固定してあり、これら耕耘爪3の上部には耕耘爪3の回転軌跡に沿わせた耕耘カバー4を伝動ケース1と同体に設け、前記耕耘軸2にトラクタeから伝動ケース1を経て動力が伝達されるものとなしてある。
<br/>【0016】次に芝苗散布部Bについて説明すると、次のとおりである。即ち、芝ランナーc群を積載するための芝苗供給台5を備え、この供給台5の前部下方に横長状で縦向きの芝苗案内通路6が設けてあり、またこの案内通路6内に、芝苗落下孔5aの直下で縦軸7回りへ揺動駆動される芝苗振払い具8と、この振払い具8により左右方向へ振り払われて落下した芝ランナーc群を一定速度で下方へ掻き出すものとした芝苗掻出し具9とを備えている。
<br/>【0017】上記供給台5は水平支持板10と縁部11を有し、水平支持板10は芝苗案内通路6を介して伝動ケース1と同体に固定されている。水平支持板10の前部傾斜面部の巾中央個所には図4に示すように前記芝苗落下孔10aが形成されており、また水平支持板10の下面には案内円筒12が前記落下孔10aに連通するように固着してあって、この案内円筒12の壁面に液噴射ノズル13が固定されている。この水噴射ノズル13はトラクタeの前部に装着した液タンク14の内方に収容された養生液を図示しないポンプにより供給されて案内円筒12の内方へ向けて霧状に噴射するものとなされている。
<br/>【0018】上記芝苗案内通路6は平面視形状が横長状の四角形となされており、その側面視形状は下方へ向けて漸次狭くなる漏斗状となされている。また上記縦軸7はこの芝苗案内通路6の前面壁を図2に示すように外方から内方へ向けて稍斜め後向きとなされて配設されており、この縦軸7の上端に芝苗振払い具8が固着されている。このさい、縦軸7は芝苗案内通路6の外方に設けられた図示しない駆動機構により繰返し揺動されるものとなされており、また芝苗振払い具8は縦軸7の上端に図5に示すように2本のアーム棒部材15、15を十字状に固着すると共に、各アーム棒部材15の適当間隔位置に上向き係合突起16を固着するほか、中央個所に案内体17をなす球状体を取付けたものとなしてある。該球状体はテニスボールの如きものの使用が良好である。なお、球状体に代えて円錐体であっても差し支えない。
<br/>【0019】上記芝苗掻出し具9は前記芝苗案内通路6の内方下部の稍前寄り個所に回転駆動可能に支持された左右向きの横軸18と、この横軸18に数cm間隔で外嵌させたゴム質板からなる掻出し板19とからなり、矢印方向f1へ回転されて芝ランナーcを芝苗案内通路6の後面壁との間から下方へ掻き出すものとなしてある。このさい、横軸18は前記芝苗案内通路6の側面壁に固定されたモータ20の出力軸と結合させると共に、このモータ20はトラクタeから電力を供給されるものとなすのであり、また掻出し板19は周囲に係止爪を形成したものとなす。
<br/>【0020】しかして、前記芝苗案内通路6の内方で芝苗振払い具8と芝苗掻出し具9との間には左右向き軸21回りへ繰り返し揺動される縦向き係止棒群体22が設けてある。この縦向き係止棒群体22は前記左右向き軸21としての横棒部材に多数の係止棒23を下向きとして左右方向へ並設したもので、図示しない連動手段を介して芝苗掻出し具8と連動して揺動され、芝苗案内通路6内を落下する芝ランナーc群をこの案内通路6の中で常に振動しつつ芝ランナーの横移動を防止して均一性を保つようになされている。
<br/>【0021】次に芝苗押圧部Bについて説明すると、次のとおりである。即ち、図1に示すように前記芝苗案内通路6後方の左右個所にこの案内通路6と同体的に縦支持部材24が設けてあり、各縦支持部材24の下端に前後向きの支持部材25を揺動自在に軸着してある。そして、左右の支持部材25の前部間と後部間の各々には多重ディスク体26、26が回転自在に装着してあり、各多重ディスク体26は前記支持部材25に回転自在に支持された各左右向き軸27に多数のディスク28を縦向きとして左右方向へ並設したものとなされている。
<br/>【0022】このさい、図6に示すように前側の多重ディスク体26に於ける隣接したディスク28、28間に後側の多重ディスク体26のディスク28を位置させると共に、前側の多重ディスク体26のディスク28と後側の多重ディスク体26のディスク28とを側面視で部分的に重合させる。
<br/>【0023】さらに前側の多重ディスク体26の前方上部には図2に示すように左右向きの砕土用レーキ29が装設してある。この砕土用レーキ29は前記芝苗案内通路6と同体部位に一定位置での揺動自在に支持された左右向きの横軸30を有し、これに下向きの砕土歯31を左右方向の一定間隔に並設したものとなしてある。前記横軸30の一端には図2に示すようにカムローラ32の設けられたアーム部材33が固定してあり、一方では図1に示すように前記芝苗案内通路6と同体にモータ34が固定してあり、このさいモータ34の出力軸にはカム35が固定される。そして前記カムローラ32はアーム部材33に係着されたスプリング36の弾力を介してカム35の周面に圧接され、モータ34はトラクタeから電力を供給されカム35やアーム部材33を介して砕土用レーキ29を横軸30回りへ振動させるものとなしてある。
<br/>【0024】図1中、37は砕土用レーキ29及び前側の多重ディスク体26の上部を被うためのカバー板で、耕耘処理部Aから飛来した耕耘土が外方へ飛び出ないようになしている。38は芝苗案内通路6と同体に固定された作業床面部であり、39は芝苗撒布部Bと芝苗押圧部Cの側面開口を被うものとしたゴム垂れで耕耘土bの飛散を防止すると共に装置内に風が吹き込むのを遮るものとなしてある。
<br/>【0025】次に上記のように構成した本発明装置の使用例及び作動などを説明する。水タンク14内に養生液を供給し、また芝苗供給台5上には洗浄消毒された芝ランナーc群を山積みする。このさい、養生液は水に発芽発根を促進させるための資材を混和させたものとなし、芝ランナーcは例えば長さ凡そ10cm〜30cm程度のものが多数含まれたものとなす。芝ランナーは根茎まで良く洗浄され且つ消毒されたものとなっていることから、雑草の種子の付着がなく、また病虫害の菌種付着もないものとなされている。
<br/>【0026】この状態とした後、トラクタeに操縦者が乗って装置全体を歩行速度程度で前進させて各部を作動させ、一方では作業床面部38に苗芝供給者が乗って装置各部の調整や芝ランナーcの供給作業などを行う。
<br/>【0027】装置全体の前進中には、耕耘処理部Aの耕耘軸2が矢印方向f2へ回転されて、耕耘爪3が地表の一定巾を浅く耕耘し耕耘土bを図1中の点線で示すように後方へ跳ね飛ばす。
<br/>【0028】芝苗供給者は芝苗供給台5上の芝ランナーcをトラクタeの進行速度に適合した分量づつ手掴みしては芝苗落下孔10aから芝苗案内円筒12内へ押し込む処理を繰り返す。この一方では液噴霧装置13が芝苗案内円筒12内に位置した芝ランナーc群へ向けて液タンク14内の養生液を噴霧してこれら芝ランナーc群を均等に濡らすものとなる。これにより芝ランナーcが撓み易くて滑り易くなるため以後の処理が円滑に実施され、また植付け処理中に於ける乾燥を防止されて活着性を良好に維持される。
<br/>【0029】芝苗案内円筒12の下方奥部の中心位置では芝苗振払い具8の球面案内体17が上記押し込まれた芝ランナーc群を芝苗振払い具8の外周部に分散させるものとなり、このように分散された芝ランナーc群は芝苗振払い具8の上向き係合突起16に絡まる。
<br/>【0030】ところが芝振払い具8は縦軸7回りへ比較的大きな速度で繰返し揺動されているため、前記係合突起16に絡まった芝ランナーcは遠心力で振り払われる。このさい、芝ランナーc群は芝苗振払い具8の振払い作用と芝苗案内通路6の前後面壁による案内作用とにより、芝苗案内通路6内の左右方向へ均等に分布するように飛散され、続いて芝苗掻出し具9へ向けて落下する。
<br/>【0031】芝ランナーcの落下途中には縦向き係止棒群体22が存在しており、これが比較的短い時間間隔で、即ち例えば1秒或いはそれよりも短い間隔で横軸21回りへ揺動駆動されているのであり、従って係止棒23群は前記時間間隔で、その前部空間を芝苗掻出し具8へ向けて落下している芝ランナーc群を芝苗案内通路6の前面壁との間で常に振動しつつ芝ランナーの横移動を防止して均一性を保たせるものとなる。
<br/>【0032】いま植付け装置全体が地面の傾斜などにより横傾斜したとすると、芝苗案内通路6内を落下する芝ランナーc群は重力作用により傾斜の低位側へ移動しようとするが、縦係止棒群体22が上記のように挟み付けるため、芝ランナーc群は左右側への移動を抑制され、縦係止棒23に沿った下方へ向け落下するものとなる。従って、芝苗案内通路6を落下した芝ランナーc群は装置全体の横傾斜にも拘わらず左右方向の均等分布を損なわれることなく芝苗掻出し具8に達するのである。
<br/>【0033】芝苗掻出し具8は横軸18回りへ一定速度で回転されており、これの上部近傍に達した芝ランナーc群をゴム質材からなる掻き出し羽根19の係止突起を介して一定速度で地面上の一定巾範囲d内に掻き出すものとなり、これにより芝ランナーc群は地面aの耕耘底面a1上に均等に撒布された状態となる。このさい、ゴム質材からなる掻き出し羽根19は芝ランナーcに過度に大きな掻出し力を付与する前に自身の弾性で撓曲したり横軸18回りを空回りして、芝ランナーcの損傷を阻止する。
<br/>【0034】また各多重ディスク体26のディスク28群は芝苗撒布部Bにより芝ランナーc群を撒布された耕耘底面a1上を適当な深さ状態で土との摩擦により自転しつつ前方へ牽引されるのであり、この前進中に、芝ランナーcを各ディスク28の外周縁で耕耘底面a1に押圧して密着させる。このさい、前側の多重ディスク体26による押圧が終了しようとすると、今度は後側の多重ディスク体26による同様な押圧が開始されるのであり、これにより芝ランナーc群は適当な一定時間が経過するまで耕耘底面a1に密着され続けるものとなる。
<br/>【0035】このように密着状態となされた芝ランナーc群の上には耕耘爪3が後方へ飛散させた耕耘土bが降り落ちるのであり、このさい低い位置を飛来した耕耘土bは前後の多重ディスク体26のディスク28間を経て直接的に芝ランナーc群に達しこれを覆うものとなる。
<br/>【0036】一方、前側の多重ディスク体26の上部周辺に飛来した耕耘土bは砕土用レーキ29の砕土歯31群に達するのであり、ここで、小さな土粒は砕土歯31群の隙間を通り抜けてさらに後方へ達し、大きな土塊は砕土歯31群に衝突して小さく砕かれ、一部は後方へ飛散し、他部は近傍に落下するものとなって、芝ランナーc群を覆うものとなる。
<br/>【0037】上記の砕土処理中、砕土用レーキ29は積極的に振動されているため、耕耘土が砕土歯31群に付着滞積することは生じない。また芝ランナーcは前行程で濡れた状態となさているため、覆土中に微細な土粒が密状に付着して活着に適した状態となる。
<br/>【0038】上記のような芝ランナーcの植付け処理を風の強い日に行う必要の生じることがあるが、このような場合であっても、耕耘処理部Aに於ける耕耘土bの飛散領域や、芝苗撒布部に於ける芝ランナーc群の撒布領域や、芝苗押圧部Cに於ける芝ランナーc群の地面への押圧開始領域が耕耘カバー4やゴム垂れ39などで覆われているため、植付け処理は風の影響を受けることなく的確に行われるのである。
<br/>【0039】
<br/>【発明の効果】上記した本発明によれば、以下のような特有の効果が期待されるのである。
<br/>(a)日本芝などのランナーで例えば10cmを越えるようなものであっても地面から浮き上がるような現象を生じさせることなく、これを確実且つ能率的に地面の適当深さに植え込むことを可能となすものであり、これにより発芽率が飛躍的に向上して芝は地面全体に斑なく生育するようになる。
<br/>【0040】(b)地面の耕耘、芝ランナーの撒布及び覆土の各処理が機械的且つ連続的に行われるものとなり、一台の植付け装置と3人程度の作業者により、毎時凡そ1000m<SP>2</SP>〜2000m<SP>2</SP>程度の能率が得られるものとなる。
<br/>(c)耕耘処理部の耕耘深さを調整することにより、芝ランナーの植込み深さが任意に微調整されるものとなる。
<br/>【0041】そして、請求項3によれば植付け装置全体が横傾斜しても芝ランナーの撒布のさいの偏在が防止されて均一な植付けが行えるものとなり、請求項4によれば芝ランナーの乾燥害を効率的に防止できてその発芽率をさらに向上させることができるものとなり、請求項6によれば芝ランナーを覆う土の微細化が促進され安定的且つ的確な覆土が行えるものである。
<br/>【図面の簡単な説明】
<br/>【図1】本発明に係る芝苗撒布植付け装置の使用状態を示す図である。
<br/>【図2】前記植付け装置の使用状態を示す側面視断面図である。
<br/>【図3】前記植付け装置の要部を示す平面図である。
<br/>【図4】前記植付け装置の芝苗落下孔周辺を示す図である。
<br/>【図5】前記植付け装置の芝苗撒布部を部分的に切除して示した図である。
<br/>【図6】前記植付け装置の芝苗押圧部を部分的に示す図である。
<br/>【符号の説明】
<br/>A  耕耘処理部
<br/>B  芝苗散布部
<br/>C  芝苗押圧部
<br/>a  地面
<br/>a1  耕耘底面
<br/>b  耕耘土
<br/>c  芝ランナー
<br/>5  芝苗供給台
<br/>6  芝苗案内通路
<br/>7  縦軸
<br/>8  芝苗振払い具
<br/>9  芝苗掻出し具
<br/>10a  芝苗落下孔
<br/>13  液噴霧装置
<br/>21  横棒部材(左右向き軸)
<br/>22  縦向き係止棒群体
<br/>23  係止棒
<br/>26  多重ディスク体
<br/>27  左右向き軸
<br/>28  ディスク
<br/>29  砕土用レーキ</description>
  <claims>
    <claim num="1">
      <claim-text>【請求項1】  地面を耕耘して耕耘土を後方へ飛散させ<br/>るものとした耕耘処理部と、この処理部の後方で芝ラン<br/>ナー群を地面の一定巾内に均等に散布するものとした芝<br/>苗散布部と、この散布部により地面に散布された芝ラン<br/>ナー群を圧下するものとした芝苗押圧部とを備えた構成<br/>となし、使用中に全体が一体的に前進移動され、この移<br/>動中に連続して、耕耘処理部の飛散させた耕耘土が芝苗<br/>押圧部により地面に押圧された状態の芝ランナー上に落<br/>下することを特徴とする芝苗撒布植付け装置。</claim-text>
    </claim>
    <claim num="2">
      <claim-text>【請求項2】  芝ランナー群を積載するための芝苗供給<br/>台を備えると共に、この供給台に形成された芝苗落下孔<br/>の下方に横長状で縦向きの芝苗案内通路を設け、この案<br/>内通路の内方には、前記芝苗落下孔の直下で縦軸回りへ<br/>揺動駆動される芝苗振払い具と、この振払い具で左右方<br/>向へ振り払われて落下した芝ランナー群を一定速度で下<br/>方へ掻き出すものとした芝苗掻出し具とを装設したこと<br/>を特徴とする芝苗撒布植付け装置の芝苗撒布部。</claim-text>
    </claim>
    <claim num="3">
      <claim-text>【請求項3】  芝苗案内通路の内方で芝苗振払い具と芝<br/>苗掻出し具との間に左右向き軸回りへ繰返し揺動される<br/>縦向き係止棒群体を設け、この縦向き係止棒群体は前記<br/>左右向き軸に多数の係止棒を下向きとして左右方向へ並<br/>設したものであることを特徴とする請求項2記載の芝苗<br/>撒布植付け装置の芝苗撒布部。</claim-text>
    </claim>
    <claim num="4">
      <claim-text>【請求項4】  芝苗落下孔の直下近傍に液噴霧装置を設<br/>けたことを特徴とする請求項3記載の芝苗撒布植付け装<br/>置の芝苗撒布部。</claim-text>
    </claim>
    <claim num="5">
      <claim-text>【請求項5】  一定位置で回転自在に支持された左右向<br/>き軸に縦向きの多数のディスクを左右方向へ並設したも<br/>のとした多重ディスク体を前後に配置すると共に、前側<br/>の多重ディスク体に於ける隣接したディスク間に後側の<br/>多重ディスク体のディスクを位置させ、しかも前側の多<br/>重ディスク体のディスクと後側の多重ディスク体のディ<br/>スクとを側面視で部分的に重合させてあり、前後の多重<br/>ディスク体のディスクが芝ランナーを地面に圧下し密接<br/>させるように作動することを特徴とする芝苗撒布植付け<br/>装置の芝苗押圧部。</claim-text>
    </claim>
    <claim num="6">
      <claim-text>【請求項6】  前側の多重ディスク体の前方上部に左右<br/>向きの砕土用レーキを振動駆動可能に装設したことを特<br/>徴とする請求項5記載の芝苗撒布植付け装置の芝苗押圧<br/>部。</claim-text>
    </claim>
  </claims>
  <abstract>【要約】
【課題】  日本芝などのランナcで例えば10cmを越<BR>えるようなものであっても地面から浮き上がるような現<BR>象を生じさせることなく、これを確実且つ能率的に地面<BR>の適当深さに植え込むことを可能となす。また、これに<BR>より発芽率を向上させる。
【解決手段】  地面aを耕耘して耕耘土bを後方へ飛散<BR>させるものとした耕耘処理部Aと、この処理部Aの後方<BR>で芝ランナc群を地面aの一定巾内に均等に散布するも<BR>のとした芝苗散布部Bと、この散布部Bにより地面aに<BR>散布された芝ランナc群を圧下するものとした芝苗押圧<BR>部Bとを備えた構成となし、使用中には全体が前進移動<BR>され、この移動中に連続して、耕耘処理部Aの飛散させ<BR>た耕耘土bが芝苗押圧部Cにより押圧された状態の芝ラ<BR>ンナc上に落下するように作動する構成となす。
<EMI ID=000002 HE=100 WI=080 LX=1100 LY=1800></abstract>
</wips-patent-document>