<?xml version="1.0" encoding="UTF-8"?>
<configuration>
    
    <timestamp key="byYYYYMMDD" datePattern="yyyyMMdd"/>
    
	<!-- Send debug messages to System.out -->
	<appender name="STDOUT" class="ch.qos.logback.core.ConsoleAppender">
		<!-- 過濾掉低於INFO的log --> 
        <filter class="ch.qos.logback.classic.filter.ThresholdFilter">
              <level>INFO</level>
        </filter>
		<encoder>
			<pattern>%date [%thread] %-5level %logger{36} - %msg%n</pattern>
		</encoder>
	</appender>
	
	<!-- use the previously created timestamp to create a uniquely named log file -->  
    <appender name="FILE" class="ch.qos.logback.core.rolling.RollingFileAppender">
        <file>./logs/log-${byYYYYMMDD}.log</file>
        <append>true</append> 
        <rollingPolicy class="ch.qos.logback.core.rolling.TimeBasedRollingPolicy">
            <!-- daily rollover. Make sure the path matches the one in the file element or else
             the rollover logs are placed in the working directory. -->
            <fileNamePattern>./logs/log-%d{yyyyMMdd}.%i.log</fileNamePattern>
            <timeBasedFileNamingAndTriggeringPolicy class="ch.qos.logback.core.rolling.SizeAndTimeBasedFNATP">
                <maxFileSize>8MB</maxFileSize>
            </timeBasedFileNamingAndTriggeringPolicy>
            <!-- keep 30 days' worth of history -->
            <maxHistory>5</maxHistory>
        </rollingPolicy>
        <encoder>
            <charset>UTF-8</charset>
            <pattern>%date [%thread] %-5level %logger{50} - %msg%n</pattern>
        </encoder>
    </appender>

	<!-- By default, the level of the root level is set to DEBUG -->
	<root level="DEBUG">
		<appender-ref ref="STDOUT" />
		<!-- 
		<appender-ref ref="FILE" />
		-->
	</root>
    
</configuration>