<?xml version="1.0" encoding="UTF-8"?><?xml-stylesheet type="text/xsl" href="/3.0/style/exchange.xsl"?>
<ops:world-patent-data xmlns="http://www.epo.org/exchange" xmlns:ops="http://ops.epo.org" xmlns:xlink="http://www.w3.org/1999/xlink">
    <ops:meta name="elapsed-time" value="4"/>
    <exchange-documents>
        <exchange-document system="ops.epo.org" family-id="4330088" country="EP" doc-number="0096044" kind="A1">
            <bibliographic-data>
                <publication-reference>
                    <document-id document-id-type="docdb">
                        <country>EP</country>
                        <doc-number>0096044</doc-number>
                        <kind>A1</kind>
                        <date>19831221</date>
                    </document-id>
                    <document-id document-id-type="epodoc">
                        <doc-number>EP0096044</doc-number>
                        <date>19831221</date>
                    </document-id>
                </publication-reference>
                <classification-ipc>
                    <text>H02K37/00</text>
                    <text>H02K7/20</text>
                    <text>H02K21/24</text>
                </classification-ipc>
                <classifications-ipcr>
                    <classification-ipcr sequence="1">
                        <text>H02K   7/    20            A I                    </text>
                    </classification-ipcr>
                    <classification-ipcr sequence="2">
                        <text>H02K  21/    24            A I                    </text>
                    </classification-ipcr>
                    <classification-ipcr sequence="3">
                        <text>H02K  37/    00            A I                    </text>
                    </classification-ipcr>
                </classifications-ipcr>
                <patent-classifications/>
                <application-reference doc-id="16513068">
                    <document-id document-id-type="docdb">
                        <country>EP</country>
                        <doc-number>82903446</doc-number>
                        <kind>A</kind>
                    </document-id>
                    <document-id document-id-type="epodoc">
                        <doc-number>EP19820903446</doc-number>
                        <date>19821203</date>
                    </document-id>
                    <document-id document-id-type="original">
                        <doc-number>82903446</doc-number>
                    </document-id>
                </application-reference>
                <priority-claims>
                    <priority-claim sequence="1" kind="national">
                        <document-id document-id-type="epodoc">
                            <doc-number>CH19810007761</doc-number>
                            <date>19811204</date>
                        </document-id>
                    </priority-claim>
                    <priority-claim sequence="2" kind="national">
                        <document-id document-id-type="original">
                            <doc-number>776181</doc-number>
                        </document-id>
                    </priority-claim>
                </priority-claims>
                <parties>
                    <applicants>
                        <applicant sequence="1" data-format="epodoc">
                            <applicant-name>
                                <name>PORTESCAP?[CH]</name>
                            </applicant-name>
                        </applicant>
                        <applicant sequence="1" data-format="original">
                            <applicant-name>
                                <name>PORTESCAP</name>
                            </applicant-name>
                        </applicant>
                    </applicants>
                    <inventors>
                        <inventor sequence="1" data-format="epodoc">
                            <inventor-name>
                                <name>OUDET CLAUDE?[FR]</name>
                            </inventor-name>
                        </inventor>
                        <inventor sequence="1" data-format="original">
                            <inventor-name>
                                <name>OUDET, CLAUDE</name>
                            </inventor-name>
                        </inventor>
                    </inventors>
                </parties>
                <invention-title lang="fr">MOTEUR PAS A PAS ELECTRIQUE.</invention-title>
                <invention-title lang="en">ELECTRIC STEPPING MOTOR.</invention-title>
                <invention-title lang="de">ELEKTRISCHER SCHRITTMOTOR.</invention-title>
            </bibliographic-data>
            <abstract lang="fr">
                <p>Le moteur comporte un rotor en forme de disque ? aimantation permanent multipolaire le long d'une zone annulaire et un stator comprenant plusieurs circuits magn?tiques (9, 10, ...) agenc?s de fa?on que le champ magn?tique soit compris dans les deux portions d'espace cylindriques ayant pour base la zone annulaire aimant?e et situ?e de part et d'autre du rotor. Des moyens de compensation des harmoniques du couple sans courant et du couple d? au courant sont pr?vus, ainsi que l'agencement d'organes capteurs magn?tiques (25, 26). L'invention s'applique aux moteurs synchrones ? usage industriel pouvant fonctionner comme moteurs pas ? pas.</p>
            </abstract>
        </exchange-document>
    </exchange-documents>
</ops:world-patent-data>
