{
    "$schema": "http://json-schema.org/draft-04/schema#",
    "title": "patentInfoUspto example",
    "description": "JSON representation of patentInfoUspto",
    "type": "object",
    "properties": {
    	"pto": {
            "$ref": "#/definitions/pto"
        },
        "appNumber": {
            "type": "string",
            "pattern" : "[0-9]{2}\/[0-9]{6}"
        },
    	"stat": {
            "enum": [1, 2]
        },
    	"kindcode": {
            "type": "string"
        },
        "brief": {
            "$ref": "#/definitions/brief"
        },
        "assignees": {
            "$ref": "#/definitions/assignees"
        },
        "familyId": {
            "type": "integer"
        },
        "mainIPC": {
            "$ref": "#/definitions/classificationNumber"
        },
        "ipcs": {
            "$ref": "#/definitions/ipcs"
        },
        "truncate": {
            "type": "boolean"
        }
    },
    "required": ["pto", "appNumber", "stat", "truncate"],
    "definitions" : {
    	"pto": {
            "enum": ["USPTO", "CNIPR", "EPO", "WIPO", "TIPO", "JPO", "KIPO"]
        },
    	"ipcs": {
            "type": "array",
            "minItems": 1,
            "items": { "$ref": "#/definitions/classificationNumber" }
        },
        "assignees": {
            "type": "array",
            "minItems": 1,
            "items": { "$ref": "#/definitions/personType" }
        },
        "brief": {
            "$ref": "#/definitions/multiLang"
        },
        "classificationNumber" : {
        	"type": "string",
            "pattern": "[A-Z][0-9]{2}[A-Z]\\s*[0-9]*\/[0-9]*"
        },
        "personType" : {
        	"title": "personType",
            "description": "personType",
            "type": "object",
            "properties": {
                "name": {
                    "$ref": "#/definitions/multiLang"
                },
                "address": {
                    "$ref": "#/definitions/multiLang"
                },
                "country": {
                    "$ref": "#/definitions/country"
                }
            },
            "required": [ "name", "country"]
        },
        "multiLang" : {
        	"title": "multiLang",
            "description": "multiLang",
            "type": "object",
            "properties": {
                "origin": {
                    "type": "string"
                },
                "en": {
                    "type": "string"
                }
            },
            "required": [ "origin"]
        },
        "country" : {
        	"title": "country",
            "description": "country",
            "type": "object",
            "properties": {
                "origin": {
                    "type": "string",
                    "pattern" : "^[A-Z]{2}$"
                }
            },
            "required": [ "origin"]
        }
    
    }
}