{
    "$schema": "http://json-schema.org/draft-04/schema#",
    "title": "properties example",
    "description": "JSON representation of properties",
    "type": "object",
    "additionalProperties": false,
    "properties": {
        "kindcode": {
            "type": "string"
        },
        "stat" : {
        	"type" : "integer"
        },
        "truncate" : {
        	"type" : "boolean"
        },
        "ipcs" : {
        	"type" : "array"
        },
        "price" : {
        	"type" : "number"
        }
    },
    "required" : ["kindcode", "stat", "truncate", "ipcs", "price"]
}