{
    "$schema": "http://json-schema.org/draft-04/schema#",
    "title": "$ref example",
    "description": "JSON representation of $ref",
    "type": "object",
    "properties": {
        "brief": {
            "$ref": "#/definitions/brief"
        }
    },
    "definitions": {
        "brief": {
            "title": "brief",
            "description": "brief",
            "type": "object",
            "properties": {
                "origin": {
                    "type": "string"
                },
                "en": {
                    "type": "string"
                }
            },
            "required": [ "origin"]
        }
    }
}