{
  "$schema": "http://json-schema.org/draft-04/schema#",
  "title" : "Schema1",
  "description" : "Schema1",
  "type": "object",
  "patternProperties": {
        "^country$": {
            "$ref": "#/definitions/country"
        }
    },
  "properties": {
    "id": {
      "type": "integer"
    },
    "name": {
      "type": "string"
    },
    "price": {
      "type": "number"
    },
    "ipcs": {
    	"type": "array",
        "minItems": 1,
        "items": { "type": "string" }
    }
  },
  "required": [
    "id",
    "name",
    "price",
    "country",
    "ipcs"
  ],
  "definitions" : {
  	 "country" : {
            "type" : "object",
            "required" : ["weight", "date"],
            "properties" : {
                "weight" : { "type" : "number" },
                "date"   : { 
                    "type" : "string", 
                    "pattern" : "^\\d{2}([./-])\\d{2}\\1\\d{4}$"
                }
            }
        }
  }
}