{
    "type" : "object",
    "required" : ["title","origin","variety","process","roast","bag"],
    "properties" : {
        "title"    : { "type" : "string"  },
        "origin"   : { "type" : "string"  },
        "variety"  : { "type" : "array"   },
        "process"  : { "type" : "string" },
        "bag"      : { "$ref" : "#/definitions/bag" },
        "roast"    : { "$ref" : "#/definitions/roast" },
        "brew_tip" : { "$ref" : "#/definitions/brew_tip" }
    },
    "definitions" : {
        "roast" : {
            "type" : "object",
            "required" : ["level", "date"],
            "properties" : {
                "level" : { "type" : "integer" },
                "date"  : { 
                    "type" : "string", 
                    "pattern" : "^[0-9]{2}[.\/-][0-9]{2}[.\/-][0-9]{4}$"
                }
            }
        },
        "bag" : {
            "type" : "object",
            "required" : ["weight", "date"],
            "properties" : {
                "weight" : { "type" : "number" },
                "date"   : { 
                    "type" : "string", 
                    "pattern" : "^[0-9]{2}[.\/-][0-9]{2}[.\/-][0-9]{4}$"
                }
            }
        },
        "brew_tip" : {
            "type" : "object",
            "required" : ["method","grind","vessle"],
            "properties" : {
                "method" : { "type" : "string" },
                "grind"  : { "type" : "string" },
                "vessel" : { "type" : "string" }
            }
        }
    }
}