<?xml version="1.0" encoding="utf-8"?>
<something-else-entirely>
  <proxool>
    <alias>patentdata-test</alias>
    <driver-class>org.postgresql.Driver</driver-class>
    <driver-url>jdbc:postgresql://10.60.90.47:5432/patent_partition?readOnly=true</driver-url>
    <driver-properties>
      <property name="user" value="patentdata"/>
      <property name="password" value="patentdata"/>
    </driver-properties>
    <maximum-connection-count>500</maximum-connection-count>
    <maximum-active-time>600000</maximum-active-time>
    <house-keeping-test-sql>select 1</house-keeping-test-sql>
    <simultaneous-build-throttle>20</simultaneous-build-throttle>
    <jmx>true</jmx>
  </proxool>
  <proxool>
    <alias>patentdata-prod</alias>
    <driver-class>org.postgresql.Driver</driver-class>
    <driver-url>jdbc:postgresql://10.60.90.182:5432/patent_partition?readOnly=true</driver-url>
    <driver-properties>
      <property name="user" value="patentdata"/>
      <property name="password" value="patentdata"/>
    </driver-properties>
    <maximum-connection-count>500</maximum-connection-count>
    <maximum-active-time>600000</maximum-active-time>
    <house-keeping-test-sql>select 1</house-keeping-test-sql>
    <simultaneous-build-throttle>20</simultaneous-build-throttle>
    <jmx>true</jmx>
  </proxool>
</something-else-entirely>