<?xml version="1.0" encoding="UTF-8"?>
<!--
Log4j 2: http://logging.apache.org/log4j/2.x/manual/index.html
Configuration: http://logging.apache.org/log4j/2.x/manual/configuration.html
Appenders: http://logging.apache.org/log4j/2.x/manual/appenders.html
Layouts: http://logging.apache.org/log4j/2.x/manual/layouts.html
-->
<Configuration monitorInterval="30" status="warn" strict="true">
	<Properties>
		<Property name="log-path">/mnt/data/log/patentcloud/api</Property>
	</Properties>
	
	<Appenders>
		<Console name="console" target="SYSTEM_OUT">
			<PatternLayout pattern="%t %X{clientHost} %d %-5p [%C.%M:%L] - %m%n" />
		</Console>

		<RollingFile name="server" fileName="${log-path}/server.log"
			filePattern="${log-path}/$${date:yyyy-MM-dd}/server-%d{yyyy-MM-dd_HH}.%i.log">
			<ThresholdFilter level="debug" onMatch="ACCEPT" onMismatch="DENY" />
			<PatternLayout pattern="%t %X{clientHost} %d %-5p [%C.%M:%L] - %m%n" />
			<Policies>
				<OnStartupTriggeringPolicy />
				<TimeBasedTriggeringPolicy interval="1" modulate="true" />
				<SizeBasedTriggeringPolicy size="50 MB" />
			</Policies>
			<DefaultRolloverStrategy compressionLevel="6" max="30" />
		</RollingFile>
		
		<RollingFile name="server-err" fileName="${log-path}/server-err.log"
			filePattern="${log-path}/server-err-%d{yyyy-MM-dd_HH}.%i.log">
			<ThresholdFilter level="debug" onMatch="ACCEPT" onMismatch="DENY" />
			<PatternLayout pattern="%t %X{clientHost} %d %-5p [%C.%M:%L] - %m%n" />
			<Policies>
				<OnStartupTriggeringPolicy />
				<TimeBasedTriggeringPolicy interval="1" modulate="true" />
				<SizeBasedTriggeringPolicy size="50 MB" />
			</Policies>
			<DefaultRolloverStrategy max="30" />
		</RollingFile>
		
		<RollingFile name="solr" fileName="${log-path}/solr.log"
			filePattern="${log-path}/$${date:yyyy-MM-dd}/solr-%d{yyyy-MM-dd_HH}.%i.log">
			<ThresholdFilter level="debug" onMatch="ACCEPT" onMismatch="DENY" />
			<PatternLayout pattern="%t %X{clientHost} %d %-5p [%C.%M:%L] - %m%n" />
			<Policies>
				<OnStartupTriggeringPolicy />
				<TimeBasedTriggeringPolicy interval="1" modulate="true" />
				<SizeBasedTriggeringPolicy size="50 MB" />
			</Policies>
			<DefaultRolloverStrategy max="30" />
		</RollingFile>
	</Appenders>
	
	<Loggers>
		<Root level="info" additivity="false">
			<AppenderRef ref="server" />
		</Root>
		
		<Logger name="org.apache.solr" level="debug" additivity="false">
			<AppenderRef ref="solr" level="info" />
		</Logger>		
						
		<Logger name="com.patentcloud.api" level="debug" additivity="false">
			<AppenderRef ref="server" level="info" />
			<AppenderRef ref="server-err" level="warn" />
		</Logger>
	</Loggers>
</Configuration>
