<?xml version="1.0" encoding="UTF-8"?><?xml-stylesheet type="text/xsl" href="/3.0/style/exchange.xsl"?>
<ops:world-patent-data xmlns="http://www.epo.org/exchange" xmlns:ops="http://ops.epo.org" xmlns:xlink="http://www.w3.org/1999/xlink">
    <ops:meta name="elapsed-time" value="5"/>
    <exchange-documents>
        <exchange-document system="ops.epo.org" family-id="23251321" country="EP" doc-number="0093777" kind="A1">
            <bibliographic-data>
                <publication-reference>
                    <document-id document-id-type="docdb">
                        <country>EP</country>
                        <doc-number>0093777</doc-number>
                        <kind>A1</kind>
                        <date>19831116</date>
                    </document-id>
                    <document-id document-id-type="epodoc">
                        <doc-number>EP0093777</doc-number>
                        <date>19831116</date>
                    </document-id>
                </publication-reference>
                <classification-ipc>
                    <text>B62M1/04</text>
                </classification-ipc>
                <classifications-ipcr/>
                <patent-classifications>
                    <patent-classification sequence="1">
                        <classification-scheme office="" scheme="CPC"/>
                        <section>B</section>
                        <class>62</class>
                        <subclass>M</subclass>
                        <main-group>1</main-group>
                        <subgroup>28</subgroup>
                        <classification-value>I</classification-value>
                    </patent-classification>
                    <patent-classification sequence="2">
                        <classification-scheme office="" scheme="CPC"/>
                        <section>Y</section>
                        <class>10</class>
                        <subclass>T</subclass>
                        <main-group>74</main-group>
                        <subgroup>1547</subgroup>
                        <classification-value>A</classification-value>
                    </patent-classification>
                </patent-classifications>
                <application-reference doc-id="16539974">
                    <document-id document-id-type="docdb">
                        <country>EP</country>
                        <doc-number>83900143</doc-number>
                        <kind>A</kind>
                    </document-id>
                    <document-id document-id-type="epodoc">
                        <doc-number>EP19830900143</doc-number>
                        <date>19821116</date>
                    </document-id>
                    <document-id document-id-type="original">
                        <doc-number>83900143</doc-number>
                    </document-id>
                </application-reference>
                <priority-claims>
                    <priority-claim sequence="1" kind="national">
                        <document-id document-id-type="epodoc">
                            <doc-number>US19810321623</doc-number>
                            <date>19811116</date>
                        </document-id>
                        <document-id document-id-type="original">
                            <doc-number>321623</doc-number>
                        </document-id>
                    </priority-claim>
                </priority-claims>
                <parties>
                    <applicants>
                        <applicant sequence="1" data-format="epodoc">
                            <applicant-name>
                                <name>EFROS BORIS</name>
                            </applicant-name>
                        </applicant>
                        <applicant sequence="1" data-format="original">
                            <applicant-name>
                                <name>EFROS, BORIS</name>
                            </applicant-name>
                        </applicant>
                    </applicants>
                    <inventors>
                        <inventor sequence="1" data-format="epodoc">
                            <inventor-name>
                                <name>EFROS BORIS</name>
                            </inventor-name>
                        </inventor>
                        <inventor sequence="1" data-format="original">
                            <inventor-name>
                                <name>EFROS, BORIS</name>
                            </inventor-name>
                        </inventor>
                    </inventors>
                </parties>
                <invention-title lang="fr">CYCLE AMELIORE DE HAUTE VITESSE.</invention-title>
                <invention-title lang="en">IMPROVED HIGH SPEED CYCLE.</invention-title>
                <invention-title lang="de">VERBESSERTES FAHRRAD F?R HOHE GESCHWINDIGKEITEN.</invention-title>
            </bibliographic-data>
            <abstract lang="fr">
                <p>Un cycle, tel qu'une bicyclette, comprend des leviers de p?dales ? mouvements alternatifs (32) pour appliquer une force sur la roue arri?re (22) par l'interm?diaire d'une paire de cha?nes (54). Le levier de p?dalier (32) comprend une section s'?tendant vers l'avant permettant de recevoir le pied d'une personne et une portion s'?tendant vers l'arri?re permettant de recevoir un coulisseau (52) qui est connect? ? une extr?mit? de la cha?ne (54) qui applique la force au pignon. La partie s'?tendant vers l'arri?re du levier de p?dalier (32) comprend des crans (68) ayant des c?t?s perpendiculaires pour engager un linguet (84) sur le coulisseau (52).; Un organe de lib?ration (70) s'?tend longitudinalement le long de la partie arri?re du levier de p?dalier et comprend ?galement une s?rie de crans (72) de m?me ?tendue que ceux du levier de p?dalier, mais ayant des surfaces inclin?es, et ?tant espac?s diff?remment par rapport ? l'espacement des crans (68) du levier de p?dalier, de sorte que seul l'un des crans (72) sur l'organe de lib?ration allong?e (70) s'aligne avec un cran correspondant (68) sur le levier de p?dalier.; Un linguet (66) du coulisseau poss?de des ?l?ments ou doigts de commande (82, 84) s'?tendant dans les crans ? la fois dans le levier de p?dalier et ?galement sur l'organe de lib?ration, de sorte que, lorsque l'on change de position l'organe de lib?ration (70) pour changer les rapports de vitesse, le linguet (66) est forc? de sortir vers le haut et de se d?gager du cran (68) du levier de p?dalier et se d?place vers une nouvelle position o? les deux crans (68, 72) sont align?s, par rapport au linguet (66).; L'extr?mit? de la cha?ne (54) qui n'est pas reli?e au coulisseau (52) est maintenue sous tension par des agencements ? ressort (58) reli?s ? la partie s'?tendant vers l'avant du levier de p?dalier (32) pour rattraper sensiblement automatiquement le jeu et maintenir la tension de la cha?ne (54) sensiblement constante lorsqu'elle se d?place vers l'arri?re et vers l'avant fournissant de la puissance au</p>
            </abstract>
        </exchange-document>
    </exchange-documents>
</ops:world-patent-data>
