<included>

    <appender name="consoleLogForSD" class="ch.qos.logback.core.FileAppender">
        <Append>true</Append>
        <File>./cn_log/consoleLogForSD.log</File>
        <encoder>
            <pattern>%date [%thread] %-5level %logger - %msg%n
            </pattern>
        </encoder>
        <!-- <filter class="ch.qos.logback.classic.filter.ThresholdFilter"> <level>WARN</level> 
            </filter> -->
    </appender>

    <!-- TODO: rename ??? -->
    <appender name="nofilesForSD" class="ch.qos.logback.core.FileAppender">
        <Append>true</Append>
        <File>./cn_log/nofilesForSD.log</File>
        <encoder>
            <pattern>%date [%thread] %-5level %logger - %msg%n
            </pattern>
        </encoder>
        <!-- <filter class="ch.qos.logback.classic.filter.ThresholdFilter"> <level>WARN</level> 
            </filter> -->
    </appender>

    <!-- TODO: rename ??? -->
    <appender name="runErrorForSD" class="ch.qos.logback.core.FileAppender">
        <Append>true</Append>
        <File>./cn_log/runErrorForSD.log</File>
        <encoder>
            <pattern>%date [%thread] %-5level %logger - %msg%n
            </pattern>
        </encoder>
        <!-- <filter class="ch.qos.logback.classic.filter.ThresholdFilter"> <level>WARN</level> 
            </filter> -->
    </appender>
    
    <logger name="ConsoleLogForSD" level="WARN">
        <appender-ref ref="consoleLogForSD" />
    </logger>
    
    <logger name="NoFilesForSD" level="WARN">
        <appender-ref ref="nofilesForSD" />
    </logger>
    
    <logger name="RunErrorForSD" level="WARN">
        <appender-ref ref="runErrorForSD" />
    </logger>
    
</included>