<included>

    <appender name="consoleLogForFM" class="ch.qos.logback.core.FileAppender">
        <Append>true</Append>
        <File>./cn_log/consoleLogForFM.log</File>
        <encoder>
            <pattern>%date [%thread] %-5level %logger - %msg%n
            </pattern>
        </encoder>
        <!-- <filter class="ch.qos.logback.classic.filter.ThresholdFilter"> <level>WARN</level> 
            </filter> -->
    </appender>

	<!-- TODO: rename ??? -->
	<appender name="nofilesForFM" class="ch.qos.logback.core.FileAppender">
		<Append>true</Append>
		<File>./cn_log/nofilesForFM.log</File>
		<encoder>
			<pattern>%date [%thread] %-5level %logger - %msg%n
			</pattern>
		</encoder>
		<!-- <filter class="ch.qos.logback.classic.filter.ThresholdFilter"> <level>WARN</level> 
			</filter> -->
	</appender>

	<!-- TODO: rename ??? -->
	<appender name="runErrorForFM" class="ch.qos.logback.core.FileAppender">
		<Append>true</Append>
		<File>./cn_log/runErrorForFM.log</File>
		<encoder>
			<pattern>%date [%thread] %-5level %logger - %msg%n
			</pattern>
		</encoder>
		<!-- <filter class="ch.qos.logback.classic.filter.ThresholdFilter"> <level>WARN</level> 
			</filter> -->
	</appender>
	
	<logger name="ConsoleLogForFM" level="WARN">
        <appender-ref ref="consoleLogForFM" />
    </logger>
	
	<logger name="NoFilesForFM" level="WARN">
        <appender-ref ref="nofilesForFM" />
    </logger>
    
    <logger name="RunErrorForFM" level="WARN">
        <appender-ref ref="runErrorForFM" />
    </logger>
    
</included>