<included>

    <appender name="consoleLogForWG" class="ch.qos.logback.core.FileAppender">
        <Append>true</Append>
        <File>./cn_log/consoleLogForWG.log</File>
        <encoder>
            <pattern>%date [%thread] %-5level %logger - %msg%n
            </pattern>
        </encoder>
        <!-- <filter class="ch.qos.logback.classic.filter.ThresholdFilter"> <level>WARN</level> 
            </filter> -->
    </appender>

    <!-- TODO: rename ??? -->
    <appender name="nofilesForWG" class="ch.qos.logback.core.FileAppender">
        <Append>true</Append>
        <File>./cn_log/nofilesForWG.log</File>
        <encoder>
            <pattern>%date [%thread] %-5level %logger - %msg%n
            </pattern>
        </encoder>
        <!-- <filter class="ch.qos.logback.classic.filter.ThresholdFilter"> <level>WARN</level> 
            </filter> -->
    </appender>

    <!-- TODO: rename ??? -->
    <appender name="runErrorForWG" class="ch.qos.logback.core.FileAppender">
        <Append>true</Append>
        <File>./cn_log/runErrorForWG.log</File>
        <encoder>
            <pattern>%date [%thread] %-5level %logger - %msg%n
            </pattern>
        </encoder>
        <!-- <filter class="ch.qos.logback.classic.filter.ThresholdFilter"> <level>WARN</level> 
            </filter> -->
    </appender>
    
    <logger name="ConsoleLogForWG" level="WARN">
        <appender-ref ref="consoleLogForWG" />
    </logger>
    
    <logger name="NoFilesForWG" level="WARN">
        <appender-ref ref="nofilesForWG" />
    </logger>
    
    <logger name="RunErrorForWG" level="WARN">
        <appender-ref ref="runErrorForWG" />
    </logger>
    
</included>