<included>

    <appender name="consoleLogForXX" class="ch.qos.logback.core.FileAppender">
        <Append>true</Append>
        <File>./cn_log/consoleLogForXX.log</File>
        <encoder>
            <pattern>%date [%thread] %-5level %logger - %msg%n
            </pattern>
        </encoder>
        <!-- <filter class="ch.qos.logback.classic.filter.ThresholdFilter"> <level>WARN</level> 
            </filter> -->
    </appender>

    <!-- TODO: rename ??? -->
    <appender name="nofilesForXX" class="ch.qos.logback.core.FileAppender">
        <Append>true</Append>
        <File>./cn_log/nofilesForXX.log</File>
        <encoder>
            <pattern>%date [%thread] %-5level %logger - %msg%n
            </pattern>
        </encoder>
        <!-- <filter class="ch.qos.logback.classic.filter.ThresholdFilter"> <level>WARN</level> 
            </filter> -->
    </appender>

    <!-- TODO: rename ??? -->
    <appender name="runErrorForXX" class="ch.qos.logback.core.FileAppender">
        <Append>true</Append>
        <File>./cn_log/runErrorForXX.log</File>
        <encoder>
            <pattern>%date [%thread] %-5level %logger - %msg%n
            </pattern>
        </encoder>
        <!-- <filter class="ch.qos.logback.classic.filter.ThresholdFilter"> <level>WARN</level> 
            </filter> -->
    </appender>
    
    <logger name="ConsoleLogForXX" level="WARN">
        <appender-ref ref="consoleLogForXX" />
    </logger>
    
    <logger name="NoFilesForXX" level="WARN">
        <appender-ref ref="nofilesForXX" />
    </logger>
    
    <logger name="RunErrorForXX" level="WARN">
        <appender-ref ref="runErrorForXX" />
    </logger>
    
</included>