<?xml version="1.0" encoding="UTF-8"?>
<configuration>

	<!-- Send debug messages to System.out -->
	<appender name="STDOUT" class="ch.qos.logback.core.ConsoleAppender">
		<!-- By default, encoders are assigned the type ch.qos.logback.classic.encoder.PatternLayoutEncoder -->
		<encoder>
			<pattern>%date [%thread] %-5level %logger - %msg%n
			</pattern>
		</encoder>
	</appender>
    
    <appender name="FILE" class="ch.qos.logback.core.FileAppender">
        <Append>true</Append>
        <File>./cn_log/test.log</File>
        <encoder>
            <pattern>%date [%thread] %-5level %logger - %msg%n
            </pattern>
        </encoder>
        <!-- <filter class="ch.qos.logback.classic.filter.ThresholdFilter"> <level>WARN</level> 
            </filter> -->
    </appender>	

	<!-- By default, the level of the root level is set to DEBUG -->
	<root level="DEBUG">
		<appender-ref ref="STDOUT" />
		<appender-ref ref="FILE" />
	</root>
	
	<include resource="includedConfigForSD.xml"/>
		
    <!--
    <include resource="includedConfigForFM.xml"/>
    <include resource="includedConfigForSD.xml"/>
    <include resource="includedConfigForXX.xml"/>
    <include resource="includedConfigForWG.xml"/>
    -->

</configuration>
