AP,A,,,,Utility,Issued,1
AP,D0,,,,Utility,Publication,1
AP,U,,,,Model,Issued,1
AR,A1,,1996/9/24,,Utility,Issued,2
AR,A7,,,,Utility,Issued,1
AR,Q,,,,Others: Importation,Issued,1
AR,A1,1996/9/25,,,Utility,Publication,2
AR,A2,,,,Utility,Publication,1
AR,A3,,,,Utility,Publication,1
AR,A4,,,,Model,Publication,1
AR,A5,,,,Utility,Publication,1
AR,A6,,,,Utility,Publication,1
AR,B1,,,,Utility,Issued,1
AR,B2,,,,Utility,Issued,1
AR,B3,,,,Utility,Issued,1
AR,B4,,,,Model,Issued,1
AR,B5,,,,Model,Issued,1
AR,B6,,,,Model,Issued,1
AR,M,,,,Others: Supplement,Issued,1
AT,A,,,,Utility,Publication,1
AT,A1,,,,Utility,Publication,1
AT,A2,,,,Utility,Publication,1
AT,A3,,,,Others: Search Report,Publication,1
AT,A4,,,,Utility,Publication,1
AT,A5,,,,Others: Search Report,Issued,1
AT,A8,,,,Others: Amendment,Publication,1
AT,A9,,,,Others: Amendment,Publication,1
AT,B,,,,Utility,Issued,1
AT,B1,,,,Utility,Issued,1
AT,B2,,,,Utility,Issued,1
AT,B8,,,,Others: Amendment,Issued,1
AT,B9,,,,Others: Amendment,Issued,1
AT,D,,,,Utility,Publication,1
AT,T,,,,Utility,Issued,1
AT,U1,,,,Model,Issued,1
AT,U2,,,,Model,Issued,1
AT,U3,,,,Others: Search Report,Publication,1
AT,U8,,,,Others: Amendment,Issued,1
AT,U9,,,,Others: Amendment,Issued,1
AU,A,,,,Utility,Publication,1
AU,A3,,,,Others: Petty,Publication,1
AU,B,,,,Utility,Publication,1
AU,B1,,,,Utility,Publication,1
AU,B2,,,,Utility,Publication,1
AU,B3,,,^[0-9]{6}$,Others: Petty,Publication,3
AU,C,,,,Others: Amendment,Issued,1
AU,D,,,,Utility,Publication,1
AU,D0,,,,Utility,Publication,1
AU,A1,,,,Utility,Publication,1
AU,A2,,,,Utility,Publication,1
AU,A4,,,,Others: Innovation,Issued,1
AU,A5,,,,Others: Innovation,Publication,1
AU,A6,,,,Others: Amendment,Issued,1
AU,A8,,,,Others: Amendment,Publication,1
AU,A9,,,,Others: Amendment,Publication,1
AU,B3,,,^[0-9]{10}$,Others: Petty,Issued,3
AU,B4,,,,Others: Innovation,Issued,1
AU,B8,,,,Others: Amendment,Issued,1
AU,B9,,,,Others: Amendment,Issued,1
AU,C1,,,,Others: Petty,Issued,1
AU,C4,,,,Others: Innovation,Issued,1
AU,C8,,,,Others: Amendment,Issued,1
AU,C9,,,,Others: Amendment,Issued,1
AU,S,,,,Design,Issued,1
AW,A1,,,,Utility,Publication,1
BA,A,,,,Utility,Publication,1
BA,B,,,,Utility,Issued,1
BA,B1,,,,Utility,Issued,1
BD,S,,,,Design,Publication,1
BD,A,,,,Utility,Publication,1
BE,A0,,,,Utility,Publication,1
BE,D,,,,Utility,Publication,1
BE,B1,,,,Utility,Issued,1
BE,B2,,,,Utility,Issued,1
BE,B3,,,,Utility,Issued,1
BE,B4,,,,Utility,Issued,1
BE,B5,,,,Utility,Issued,1
BE,B6,,,,Others: small,Issued,1
BE,B7,,,,Others: small,Issued,1
BE,A,,,,Utility,Issued,1
BE,A1,,,>=1000000,Utility,Publication,3
BE,A2,,,>=1000000,Utility,Publication,3
BE,A3,,,>=1000000,Utility,Publication,3
BE,A4,,,>=1000000,Utility,Publication,3
BE,A5,,,>=1000000,Utility,Publication,3
BE,A6,,,>=1000000,Others: small,Publication,3
BE,A7,,,>=1000000,Others: small,Publication,3
BE,A1,,,<1000000,Utility,Issued,3
BE,A2,,,<1000000,Utility,Issued,3
BE,A3,,,<1000000,Utility,Issued,3
BE,A4,,,<1000000,Others: improvement,Issued,3
BE,A5,,,<1000000,Others: improvement,Issued,3
BE,A6,,,<1000000,Others: improvement,Issued,3
BE,A8,,,,Others: importation,Issued,1
BE,A9,,,,Others: importation,Issued,1
BE,T1,,,,Utility,Issued,1
BE,T2,,,,Utility,Issued,1
BE,A7,,,<1000000,Others: importation,Issued,3
BG,A1,,,,Others: Supplement,Issued,1
BG,A2,,,,Others: Supplement,Issued,1
BG,A3,,,,Utility,Issued,1
BG,A4,,,,Utility,Issued,1
BG,A,,,,Utility,Publication,1
BG,U,,,,Model,Publication,1
BG,U1,,,,Model,Issued,1
BG,B1,,,,Utility,Publication,1
BG,B2,,,,Utility,Publication,1
BG,Y1,,,,Model,Issued,1
BG,Y2,,,,Model,Issued,1
BO,A,,,,Utility,Publication,1
BO,U,,,,Model,Publication,1
BO,S,,,,Design,Publication,1
BO,B,,,,Utility,Issued,1
BO,Y,,,,Model,Issued,1
BO,S1,,,,Design,Issued,1
BR,A,,,,Utility,Publication,1
BR,B,,,,Utility,Publication,1
BR,C1,,,,Others: Supplement,Issued,1
BR,C2,,,,Others: Supplement,Issued,1
BR,C3,,,,Others: Supplement,Issued,1
BR,C4,,,,Others: Supplement,Issued,1
BR,C5,,,,Others: Supplement,Issued,1
BR,C6,,,,Others: Supplement,Issued,1
BR,C7,,,,Others: Supplement,Issued,1
BR,C8,,,,Others: Amendment,Issued,1
BR,C9,,,,Others: Amendment,Issued,1
BR,D0,,,^PI[0-9]+$,Utility,Publication,3
BR,D0,,,^MU[0-9]+$,Model,Publication,3
BR,D0,,,,Utility,Publication,1
BR,U,,,,Model,Publication,1
BR,Y,,,,Model,Issued,1
BR,S,,,,Design,Publication,1
BR,S1,,,,Design,Issued,1
BR,A2,,,,Utility,Publication,1
BR,A8,,,,Others: Amendment,Publication,1
BR,A9,,,,Others: Amendment,Publication,1
BR,B1,,,,Utility,Issued,1
BR,B8,,,,Others: Amendment,Issued,1
BR,B9,,,,Others: Amendment,Issued,1
BR,E2,,,,Others: Amendment,Issued,1
BR,E8,,,,Others: Amendment,Issued,1
BR,E9,,,,Others: Amendment,Issued,1
BR,F1,,,,Utility,Issued,1
BR,F8,,,,Others: Amendment,Issued,1
BR,F9,,,,Others: Amendment,Issued,1
BR,G8,,,,Others: Amendment,Issued,1
BR,G9,,,,Others: Amendment,Issued,1
BR,K1,,,,Others: Amendment,Publication,1
BR,K2,,,,Others: Amendment,Publication,1
BR,K4,,,,Others: Amendment,Publication,1
BR,K5,,,,Others: Amendment,Publication,1
BR,K6,,2011/12/31,,Design,Publication,2
BR,K6,2012/1/1,,,Others: Amendment,Publication,2
BR,K7,,,,Others: Amendment,Publication,1
BR,K8,,,,Others: Amendment,Publication,1
BR,U2,,,,Model,Publication,1
BR,U8,,,,Others: Amendment,Publication,1
BR,U9,,,,Others: Amendment,Publication,1
BR,Y1,,,,Model,Issued,1
BR,Y8,,,,Others: Amendment,Issued,1
BR,Y9,,,,Others: Amendment,Issued,1
BR,Z8,,,,Others: Amendment,Issued,1
BR,Z9,,,,Others: Amendment,Issued,1
BY,C1,,,,Utility,Issued,1
BY,C8,,,,Others: Amendment,Issued,1
BY,C9,,,,Utility,Issued,1
BY,U,,,,Model,Issued,1
BY,U8,,,,Others: Amendment,Issued,1
BY,U9,,,,Model,Issued,1
CA,A,,,,Utility,Issued,1
CA,A1,,,<=2000000,Utility,Issued,3
CA,A1,,,>2000000,Utility,Publication,3
CA,A2,,,,Utility,Issued,1
CA,B,,,,Utility,Issued,1
CA,C,,,,Utility,Issued,1
CA,C2,,,,Utility,Issued,1
CA,E,,,,Utility,Issued,1
CA,F,,,,Utility,Issued,1
CA,S,,,,Design,Issued,1
CH,E,,,,Utility,Publication,1
CH,A,,,,Utility,Publication,1
CH,A5,,,,Utility,Issued,1
CH,A4,,,,Utility,Publication,1
CH,B,,,,Utility,Issued,1
CH,B5,,,,Utility,Issued,1
CH,A3,,2008/6/30,,Utility,Publication,2
CH,A1,,,,Utility,Publication,1
CH,A2,,,,Utility,Publication,1
CH,A3,2008/7/1,,,Others: Amendment,Publication,2
CH,A8,,,,Others: Amendment,Publication,1
CH,A9,,,,Others: Amendment,Publication,1
CH,B1,,,,Utility,Issued,1
CH,B2,,,,Utility,Issued,1
CH,B8,,,,Others: Amendment,Issued,1
CH,B9,,,,Others: Amendment,Issued,1
CH,C1,,,,Utility,Publication,1
CH,C2,,,,Utility,Publication,1
CH,C3,,,,Utility,Publication,1
CH,C9,,,,Others: Amendment,Publication,1
CH,D,,,,Utility,Publication,1
CH,H1,,,,Utility,Issued,1
CH,H2,,,,Utility,Issued,1
CH,H3,,,,Utility,Issued,1
CH,H9,,,,Others: Amendment,Issued,1
CH,I2,,,,Others: SPC,Issued,1
CH,I3,,,,Others: SPC,Issued,1
CH,S1,,,,Design,Issued,1
CL,A1,,,,Utility,Publication,1
CL,A2,,,,Utility,Publication,1
CL,A3,,,,Utility,Publication,1
CL,U1,,,,Model,Publication,1
CL,P,,,,Others: Provisional,Publication,1
CL,S1,,,,Design,Publication,1
CL,B,,,,Utility,Issued,1
CL,Y,,,,Model,Issued,1
CL,S2,,,,Design,Issued,1
CO,A1,,,,Utility,Publication,1
CO,A2,,,,Utility,Publication,1
CO,A3,,,,Utility,Publication,1
CO,U,,,,Model,Issued,1
CO,U1,,,,Model,Issued,1
CO,S1,,,,Design,Issued,1
CO,K1,,,,Utility,Publication,1
CO,K4,,,,Model,Publication,1
CO,K6,,,,Design,Publication,1
CS,A,,,,Utility,Publication,1
CS,A1,,,,Others: Amendment,Publication,1
CS,A2,,,,Utility,Publication,1
CS,A3,,,,Utility,Publication,1
CS,A5,,,,Utility,Publication,1
CS,B1,,,,Others: Amendment,Issued,1
CS,B2,,,,Utility,Issued,1
CS,B3,,,,Others: Amendment,Issued,1
CS,B4,,,,Utility,Issued,1
CS,B5,,,,Utility,Issued,1
CS,B6,,,,Utility,Issued,1
CS,C,,,,Utility,Issued,1
CR,A,,,,Utility,Both,1
CR,A3,,,,Others: Amendment,Both,1
CR,A4,,,,Others: Amendment,Both,1
CR,U,,,,Model,Both,1
CR,U3,,,,Others: Amendment,Both,1
CR,U4,,,,Others: Amendment,Both,1
CR,S,,,,Design,Both,1
CR,S3,,,,Others: Amendment,Both,1
CR,S4,,,,Others: Amendment,Both,1
CR,K1,,,,Utility,Both,1
CR,K4,,,,Model,Both,1
CR,K6,,,,Design,Both,1
CU,A,,,,Utility,Publication,1
CU,L,,,,Others: Amendment,Both,1
CU,A1,,,,Others,Publication,1
CU,A2,,,,Others,Publication,1
CU,A3,,,,Utility,Issued,1
CU,A4,,,,Utility,Issued,1
CU,A5,,,,Others,Issued,1
CU,A6,,,,Others,Publication,1
CU,A7,,,,Utility,Publication,1
CU,B1,,,,Utility,Issued,1
CU,B6,,,,Others,Publication,1
CU,B7,,,,Others,Publication,1
CU,K1,,,,Utility,Publication,1
CU,K2,,,,Utility,Publication,1
CU,K4,,,,Model,Publication,1
CU,K5,,,,Model,Publication,1
CU,K6,,,,Design,Publication,1
CU,S1,,,,Others: Amendment,Issued,1
CU,S2,,,,Others: Amendment,Issued,1
CU,S3,,,,Design,Publication,1
CU,S4,,,,Design,Publication,1
CU,S5,,,,Design,Issued,1
CU,S6,,,,Design,Issued,1
CU,U,,,,Model,Publication,1
CU,Y,,,,Model,Issued,1
CY,A,,,,Utility,Issued,1
CY,A1,,,,Utility,Publication,1
CY,B1,,,,Utility,Issued,1
CY,B2,,,,Utility,Issued,1
CY,T1,,,,Utility,Issued,1
CY,T2,,,,Others: Amendment,Issued,1
CY,I1,,,,Others: SPC,Publication,1
CY,I2,,,,Others: SPC,Issued,1
CZ,A3,,,,Utility,Publication,1
CZ,B6,,,,Utility,Issued,1
CZ,U1,,,,Model,Issued,1
CZ,K1,,,,Utility,Publication,1
CZ,K2,,,,Utility,Publication,1
CZ,K4,,,,Model,Publication,1
DD,A5,,,,Utility,Publication,1
DD,A7,,,,Utility,Publication,1
DD,A8,,,,Utility,Publication,1
DD,A3,,,,Utility,Publication,1
DD,A4,,,,Utility,Publication,1
DD,A6,,,,Utility,Publication,1
DD,A2,,,,Utility,Publication,1
DD,A1,,,,Utility,Publication,1
DD,A,,,,Utility,Publication,1
DD,B,,,,Utility,Publication,1
DD,B1,,,,Utility,Publication,1
DD,B3,,,,Utility,Publication,1
DD,C2,,,,Utility,Publication,1
DD,C4,,,,Utility,Publication,1
DD,B2,,,,Utility,Issued,1
DD,A9,,,,Utility,Publication,1
DD,B5,,,,Utility,Publication,1
DD,B6,,,,Utility,Publication,1
DD,C5,,,,Utility,Publication,1
DD,T1,,,,Utility,Publication,1
DD,T9,,,,Utility,Publication,1
DD,U,,,,Utility,Publication,1
DE,A,,,,Utility,Publication,1
DE,A1,,,,Utility,Publication,1
DE,B,,,,Utility,Issued,1
DE,B1,,,,Utility,Issued,1
DE,B2,,,,Utility,Issued,1
DE,B4,,,,Utility,Issued,1
DE,C,,,,Utility,Issued,1
DE,C1,,,,Utility,Issued,1
DE,C2,,,,Utility,Issued,1
DE,C3,,,,Utility,Issued,1
DE,C4,,,,Utility,Issued,1
DE,C5,,,,Utility,Issued,1
DE,D1,,,,Utility,Issued,1
DE,D2,,,,Utility,Issued,1
DE,I1,,2003/12/31,,Others: SPC,Publication,2
DE,I2,,2003/12/31,,Others: SPC,Issued,2
DE,T,,,,Utility,Publication,1
DE,T1,,,,Utility,Publication,1
DE,T2,,,,Utility,Issued,1
DE,T3,,,,Utility,Issued,1
DE,T4,,,,Utility,Issued,1
DE,U,,,,Model,Issued,1
DE,U1,,2003/12/31,,Model,Issued,2
DE,A5,,,,Utility,Publication,1
DE,A8,,,,Others: Amendment,Publication,1
DE,A9,,,,Others: Amendment,Publication,1
DE,B3,,,,Utility,Issued,1
DE,B8,,,,Others: Amendment,Issued,1
DE,B9,,,,Others: Amendment,Issued,1
DE,C8,,,,Others: Amendment,Issued,1
DE,C9,,,,Others: Amendment,Issued,1
DE,I1,2004/1/1,,,Others: Amendment,Issued,2
DE,I2,2004/1/1,,,Others: Amendment,Issued,2
DE,T5,,,,Utility,Publication,1
DE,T8,,,,Others: Amendment,Issued,1
DE,T9,,,,Others: Amendment,Issued,1
DE,U1,2004/1/1,,,Utility,Issued,2
DE,U8,,,,Others: Amendment,Issued,1
DE,U9,,,,Others: Amendment,Issued,1
DK,A,,,,Utility,Publication,1
DK,A1,,,,Utility,Publication,1
DK,A8,,,,Others: Amendment,Publication,1
DK,A9,,,,Others: Amendment,Publication,1
DK,B,,,,Utility,Publication,1
DK,B1,,,,Utility,Publication,1
DK,B2,,,,Utility,Publication,1
DK,B3,,,,Utility,Publication,1
DK,B8,,,,Utility,Publication,1
DK,B9,,,,Utility,Publication,1
DK,C,,,,Utility,Issued,1
DK,D0,,,,Utility,Publication,1
DK,I1,,,,Others: SPC,Publication,1
DK,I2,,,,Others: SPC,Issued,1
DK,K1,,,,Utility,Publication,1
DK,K2,,,,Utility,Publication,1
DK,K3,,,,Utility,Publication,1
DK,K4,,,,Model,Publication,1
DK,K5,,,,Model,Publication,1
DK,K6,,,,Design,Publication,1
DK,K8,,,,Model,Publication,1
DK,L,,,,Utility,Publication,1
DK,S,,,,Design,Publication,1
DK,S1,,,,Design,Issued,1
DK,T1,,,,Utility,Publication,1
DK,T2,,,,Utility,Publication,1
DK,T3,,,,Utility,Issued,1
DK,T4,,,,Utility,Issued,1
DK,T5,,,,Utility,Issued,1
DK,T6,,,,Utility,Issued,1
DK,U1,,,,Model,Publication,1
DK,U3,,,,Model,Issued,1
DK,U4,,,,Model,Issued,1
DK,U8,,,,Others: Amendment,Issued,1
DK,U9,,,,Others: Amendment,Issued,1
DK,Y3,,,,Model,Issued,1
DK,Y4,,,,Model,Issued,1
DK,Y5,,,,Model,Issued,1
DK,Y6,,,,Model,Issued,1
DK,Y8,,,,Others: Amendment,Issued,1
DK,Y9,,,,Others: Amendment,Issued,1
DK,Z5,,,,Model,Issued,1
DK,Z6,,,,Model,Issued,1
DK,Z8,,,,Others: Amendment,Issued,1
DK,Z9,,,,Others: Amendment,Issued,1
DO,A,,,,Utility,Both,1
DO,U,,,,Model,Both,1
DO,S,,,,Design,Both,1
DZ,A1,,,,Utility,Both,1
EA,A1,,,,Utility,Publication,1
EA,A2,,,,Utility,Publication,1
EA,A3,,,,Others: Search Report,Publication,1
EA,A8,,,,Others: Amendment,Publication,1
EA,A9,,,,Others: Amendment,Publication,1
EA,B1,,,,Utility,Issued,1
EA,B2,,,,Utility,Issued,1
EA,B3,,,,Utility,Issued,1
EA,B8,,,,Others: Amendment,Issued,1
EA,B9,,,,Others: Amendment,Issued,1
EC,A,,,,Utility,Both,1
EC,U,,,,Model,Both,1
EC,S,,,,Design,Both,1
EC,K1,,,,Utility,Both,1
EC,K4,,,,Model,Both,1
EC,K6,,,,Design,Both,1
EE,A,,,,Utility,Publication,1
EE,A1,,,,Utility,Publication,1
EE,B1,,,,Utility,Issued,1
EE,B2,,,,Utility,Issued,1
EE,B3,,,,Utility,Issued,1
EE,U,,,,Model,Issued,1
EE,U1,,,,Model,Issued,1
EE,U2,,,,Model,Issued,1
EE,U3,,,,Model,Issued,1
EG,A,,,,Utility,Both,1
EG,A2,,,,Utility,Both,1
EM,S,,,,Design,Both,1
ES,H1,,,,Utility,Both,1
ES,H3,,,,Others: importation,Both,1
ES,A1,,,^[0-9]{5}[0-9]?$,Utility,Both,3
ES,A1,,,^[89][0-9]{6}[0-9]?$,Utility,Both,3
ES,A1,,,^2[0-9]{6}$,Utility,Publication,3
ES,X1,,,,Utility,Both,1
ES,A2,,,^[0-9]{5}[0-9]?$,Utility,Both,3
ES,A2,,,^[89][0-9]{6}[0-9]?$,Utility,Both,3
ES,A2,,,^2[0-9]{6}$,Utility,Publication,3
ES,X2,,,,Utility,Both,1
ES,A3,,,,Others: importation,Both,1
ES,X3,,,,Others: importation,Both,1
ES,U,,,,Model,Both,1
ES,U4,,,,Model,Both,1
ES,Y,,,,Model,Both,1
ES,Y4,,,,Model,Both,1
ES,YA,,,,Model,Both,1
ES,U8,,,,Others: Amendment,Both,1
ES,U9,,,,Others: Amendment,Both,1
ES,A4,,,,Utility,Publication,1
ES,A6,,,>=2000000 && <=2126538,Utility,Issued,3
ES,A6,,,>=2126539,Others: Amendment,Publication,3
ES,A6,,,^[0-9]{5}[0-9]?$,Utility,Both,3
ES,A8,,,,Others: Amendment,Publication,1
ES,A9,,,,Others: Amendment,Publication,1
ES,R,,,,Others: Search Report,Publication,1
ES,R1,,,,Others: Search Report,Publication,1
ES,R2,,,,Others: Search Report,Publication,1
ES,R8,,,,Others: Search Report,Publication,1
ES,R9,,,,Others: Search Report,Publication,1
ES,B1,,,,Utility,Publication,1
ES,B2,,,,Utility,Issued,1
ES,B3,,,,Utility,Issued,1
ES,B8,,,,Others: Amendment,Publication,1
ES,B9,,,,Others: Amendment,Publication,1
ES,T1,,,,Utility,Publication,1
ES,T2,,,,Utility,Publication,1
ES,T3,,,,Utility,Issued,1
ES,T4,,,,Utility,Issued,1
ES,T5,,,,Utility,Issued,1
ES,T6,,,,Utility,Publication,1
ES,T7,,,,Utility,Issued,1
ES,T8,,,,Utility,Both,1
ES,T9,,,,Utility,Both,1
ES,D0,,,,Utility,Both,1
ES,D,,,,Utility,Both,1
ES,K1,,,,Utility,Publication,1
ES,K2,,,,Utility,Publication,1
ES,K4,,,,Model,Publication,1
ES,K5,,,,Model,Publication,1
ES,K6,,,,Desin,Publication,1
FI,A7,,,,Utility,Issued,1
FI,A1,,,,Utility,Issued,1
FI,A,,,,Utility,Publication,1
FI,A0,,,,Utility,Publication,1
FI,B,,,,Utility,Issued,1
FI,B1,,,,Utility,Issued,1
FI,B2,,,,Utility,Issued,1
FI,B3,,,,Utility,Issued,1
FI,C,,,,Utility,Issued,1
FI,C1,,,,Others: Amendment,Issued,1
FI,C2,,,,Others: Amendment,Issued,1
FI,I1,,,,Others: SPC,Publication,1
FI,I2,,,,Others: SPC,Issued,1
FI,L,,,,Utility,Publication,1
FI,S,,,,Design,Publication,1
FI,S1,,,,Design,Issued,1
FI,T1,,,,Utility,Publication,1
FI,T2,,,,Utility,Publication,1
FI,T3,,,,Utility,Issued,1
FI,T4,,,,Utility,Issued,1
FI,T5,,,,Utility,Issued,1
FI,T6,,,,Utility,Publication,1
FI,T7,,,,Utility,Publication,1
FI,U0,,,,Model,Publication,1
FI,U1,,,,Model,Issued,1
FI,K1,,,,Utility,Publication,1
FI,K2,,,,Utility,Publication,1
FI,K3,,,,Utility,Publication,1
FI,K4,,,,Model,Publication,1
FI,K6,,,,Design,Publication,1
FR,A,,,,Utility,Both,1
FR,A1,,,,Utility,Publication,1
FR,A2,,,,Utility,Publication,1
FR,A3,,,,Others: Certificate of Utility,Publication,1
FR,A4,,,,Others: Certificate of Utility,Publication,1
FR,A5,,,,Utility,Publication,1
FR,A6,,,,Utility,Publication,1
FR,A7,,,,Utility,Publication,1
FR,A8,,,,Utility,Publication,1
FR,B,,,,Utility,Issued,1
FR,B1,,,,Utility,Issued,1
FR,B2,,,,Utility,Issued,1
FR,B3,,,,Others: Certificate of Utility,Issued,1
FR,B4,,,,Others: Certificate of Utility,Issued,1
FR,E,,,,Utility,Issued,1
FR,M,,,,Others: medicament,Publication,1
FR,F,,,,Others: medicament,Publication,1
FR,I1,,,,Others: SPC,Publication,1
FR,I2,,,,Others: SPC,Issued,1
FR,S1,,,,Design,Issued,1
FR,T,,,,Utility,Publication,1
GB,D0,,,,Utility,Publication,1
GB,A,,,,Utility,Publication,1
GB,B,,,,Utility,Issued,1
GB,A8,,,,Others: Amendment,Publication,1
GB,A9,,,,Others: Amendment,Publication,1
GB,B8,,,,Others: Amendment,Issued,1
GB,C,,,,Others: Amendment,Issued,1
GB,C2,,,,Utility,Issued,1
GB,C3,,,,Utility,Issued,1
GB,S,,,,Design,Issued,1
GC,A,,,,Utility,Issued,1
GC,K1,,,,Utility,Publication,1
GE,A,,,,Utility,Publication,1
GE,B,,,,Utility,Issued,1
GE,A1,,,,Utility,Publication,1
GE,U,,,,Model,Publication,1
GE,Y,,,,Model,Issued,1
GE,S,,,,Design,Issued,1
GE,S1,,,,Design,Issued,1
GR,A1,,,,Utility,Both,1
GR,A7,,,,Utility,Both,1
GR,A,,,,Utility,Publication,1
GR,B,,,,Utility,Issued,1
GR,U,,,,Model,Publication,1
GR,Y,,,,Model,Publication,1
GR,T1,,,,Utility,Publication,1
GR,T3,,,,Utility,Issued,1
GR,T6,,,,Utility,Publication,1
GR,T7,,,,Utility,Issued,1
GT,A,,,,Utility,Both,1
GT,U,,,,Model,Both,1
GT,S,,,,Design,Both,1
HK,A,,,,Utility,Issued,1
HK,A1,,,,Utility,Issued,1
HK,A2,,,,Others: Short Term,Issued,1
HN,A,,,,Utility,Both,1
HN,U,,,,Model,Both,1
HN,S1,,,,Design,Both,1
HN,K1,,,,Utility,Publication,1
HN,K4,,,,Model,Publication,1
HN,K6,,,,Design,Publication,1
HR,A2,,,,Utility,Publication,1
HR,A8,,,,Others: Amendment,Publication,1
HR,A9,,,,Others: Amendment,Publication,1
HR,B1,,,,Utility,Issued,1
HR,B2,,,,Utility,Issued,1
HR,B3,,,,Others: Short Term,Issued,1
HR,B4,,,,Others: Amendment,Issued,1
HR,B5,,,,Others: Amendment,Issued,1
HR,B6,,,,Utility,Issued,1
HR,B8,,,,Utility,Issued,1
HR,B9,,,,Utility,Issued,1
HR,C1,,,,Utility,Issued,1
HR,C6,,,,Others: Amendment,Issued,1
HR,C8,,,,Others: Amendment,Issued,1
HR,C9,,,,Others: Amendment,Issued,1
HR,K1,,,,Utility,Publication,1
HR,K2,,,,Others: Short Term,Publication,1
HR,K3,,,,Utility,Publication,1
HR,K6,,,,Design,Publication,1
HR,S1,,,,Design,Issued,1
HR,T1,,,,Utility,Issued,1
HR,T2,,,,Others: Amendment,Issued,1
HR,T3,,,,Utility,Issued,1
HR,T4,,,,Others: Amendment,Issued,1
HR,T5,,,,Others: Amendment,Issued,1
HR,T8,,,,Others: Amendment,Issued,1
HU,A,,1968/12/31,,Utility,Publication,2
HU,A,,,^T[0-9]{5}$,Utility,Publication,3
HU,A,,,^H[0-9]{4}$,Utility,Publication,3
HU,A,1983/1/1,1995/12/31,^[0-9]{1}[0-9]?[0-9]?[0-9]?[0-9]?$,Utility,Publication,4
HU,A,1972/1/1,2002/12/31,^[0-9]{6}[0-9]?[0-9]?$,Plant,Issued,4
HU,B,,,,Utility,Issued,1
HU,S,,,,Design,Publication,1
HU,S1,,,,Design,Issued,1
HU,D0,,,^[0-9]{5}[0-9]?[0-9]?$,Utility,Publication,3
HU,D0,,,^P[0-9]{5}[0-9]?[0-9]?$,Plant,Publication,3
HU,L,,,^[0-9]{6}$,Utility,Publication,3
HU,L,,,^[0-9]{5}$,Plant,Publication,3
HU,V0,,,,Model,Publication,1
HU,U,,,,Model,Issued,1
HU,A9,,,,Utility,Publication,1
HU,A1,,,,Utility,Publication,1
HU,A2,,,,Utility,Publication,1
HU,A3,,,,Others: Search Report,Publication,1
HU,B8,,,,Others: Amendment,Issued,1
HU,B9,,,,Others: Amendment,Issued,1
HU,B1,,,,Utility,Issued,1
HU,B2,,,,Utility,Issued,1
HU,P,,,,Plant,Publication,1
HU,P1,,,,Plant,Issued,1
HU,T1,,,,Utility,Issued,1
HU,T2,,,,Utility,Issued,1
HU,T3,,,,Others: Amendment,Issued,1
HU,T4,,,,Others: Amendment,Issued,1
HU,T5,,,,Utility,Issued,1
HU,T6,,,,Utility,Publication,1
HU,T7,,,,Utility,Issued,1
HU,T8,,,,Others: Amendment,Issued,1
HU,T9,,,,Others: Amendment,Issued,1
HU,I1,,,,Others: SPC,Publication,1
HU,I2,,,,Others: SPC,Issued,1
HU,K1,,,,Utility,Publication,1
HU,K2,,,,Utility,Publication,1
HU,K4,,,,Model,Publication,1
HU,K6,,,,Design,Publication,1
HU,K8,,,,Plant,Publication,1
ID,A,,,,Utility,Publication,1
ID,B,,,,Utility,Issued,1
ID,S,,,,Model,Issued,1
IE,A1,,,,Utility,Publication,1
IE,A2,,,,Others: Short Term,Publication,1
IE,A8,,,,Others: Amendment,Publication,1
IE,A9,,,,Others: Amendment,Publication,1
IE,B,,,,Utility,Issued,1
IE,B1,,,,Utility,Issued,1
IE,B2,,,,Others: Short Term,Issued,1
IE,B8,,,,Others: Amendment,Issued,1
IE,B9,,,,Others: Amendment,Issued,1
IE,I1,,,,Others: SPC,Publication,1
IE,I2,,,,Others: SPC,Issued,1
IE,L,,,^[0-9]{4}[0-9]?$,Others: Supplementary,Issued,3
IE,L,,,^S?[0-9]{6}[0-9]?[0-9]?$,Others: Supplementary,Publication,3
IE,S1,,,,Design,Issued,1
IL,D0,,,,Others: Supplementary,Publication,1
IL,A,,,,Utility,Both,1
IN,A1,,,,Utility,Both,1
IN,E,,,,Utility,Both,1
IS,A7,,,,Utility,Publication,1
IS,B6,,,,Utility,Issued,1
IS,B7,,,,Utility,Issued,1
IS,A,,,,Utility,Publication,1
IS,B,,,,Utility,Issued,1
IS,B2,,,,Utility,Issued,1
IS,B3,,,,Utility,Issued,1
IS,B8,,,,Others: Amendment,Issued,1
IS,B9,,,,Others: Amendment,Issued,1
IS,I1,,,,Others: SPC,Publication,1
IS,I2,,,,Others: SPC,Issued,1
IS,L,,,,Others: Supplementary,Publication,1
IS,T1,,,,Utility,Issued,1
IS,T2,,,,Utility,Issued,1
IS,T3,,,,Utility,Issued,1
IS,T4,,,,Utility,Issued,1
IS,T5,,,,Utility,Issued,1
IT,D0,,,,Utility,Publication,1
IT,A,,,,Utility,Publication,1
IT,A1,,,,Utility,Publication,1
IT,A2,,,,Utility,Publication,1
IT,A3,,,,Utility,Publication,1
IT,A4,,,,Utility,Publication,1
IT,B,,,,Utility,Issued,1
IT,B1,,,,Utility,Issued,1
IT,B2,,,,Utility,Issued,1
IT,K1,,,,Utility,Publication,1
IT,K2,,,,Utility,Publication,1
IT,K4,,,,Model,Publication,1
IT,K5,,,,Model,Publication,1
IT,K8,,,,Model,Publication,1
IT,T1,,,,Utility,Issued,1
IT,T2,,,,Utility,Publication,1
IT,T3,,,,Model,Publication,1
IT,V0,,,,Model,Publication,1
IT,Z2,,,,Model,Publication,1
IT,U1,,,,Model,Publication,1
IT,U2,,,,Model,Publication,1
IT,U3,,,,Model,Publication,1
IT,U4,,,,Model,Publication,1
IT,Y1,,,,Model,Issued,1
JO,B,,,,Utility,Issued,1
JO,E,,,,Utility,Issued,1
KE,A,,,,Utility,Both,1
KE,D,,,,Utility,Both,1
KG,C1,,,,Utility,Issued,1
KZ,B,,,,Utility,Issued,1
LT,A,,,,Utility,Publication,1
LT,B,,,,Utility,Issued,1
LT,R3,,,,Others: SU,Issued,1
LU,A,,,,Utility,Publication,1
LU,A1,,,,Utility,Publication,1
LU,A7,,,,Utility,Issued,1
LU,D,,,,Utility,Publication,1
LU,A2,,,,Utility,Publication,1
LU,I2,,,,Others: SPC,Issued,1
LV,A,,,,Utility,Publication,1
LV,A3,,,,Others: Importation,Publication,1
LV,A4,,,,Utility,Publication,1
LV,B,,,,Utility,Issued,1
LV,B4,,,,Utility,Issued,1
MA,A1,,,,Utility,Publication,1
MA,B1,,,,Utility,Issued,1
MC,A,,,,Utility,Publication,1
MC,E,,,,Utility,Publication,1
MD,A,,,,Utility,Publication,1
MD,A0,,,,Utility,Publication,1
MD,A1,,,,Utility,Publication,1
MD,A2,,,,Utility,Publication,1
MD,A3,,,,Others: Search Report,Publication,1
MD,A8,,,,Others: Amendment,Publication,1
MD,A9,,,,Others: Amendment,Publication,1
MD,B1,,,,Utility,Issued,1
MD,B2,,,,Utility,Issued,1
MD,B8,,,,Others: Amendment,Issued,1
MD,B9,,,,Others: Amendment,Issued,1
MD,C1,,,,Utility,Issued,1
MD,C2,,,,Utility,Issued,1
MD,C3,,,,Utility,Issued,1
MD,C8,,,,Others: Amendment,Issued,1
MD,C9,,,,Others: Amendment,Issued,1
MD,F1,,,,Utility,Issued,1
MD,F2,,,,Utility,Issued,1
MD,G1,,,,Utility,Issued,1
MD,G2,,,,Utility,Issued,1
MD,G8,,,,Others: Amendment,Issued,1
MD,G9,,,,Others: Amendment,Issued,1
MD,M,,,,Others: SPC,Issued,1
MD,U,,,,Model,Publication,1
MD,U0,,,,Model,Publication,1
MD,U8,,,,Others: Amendment,Publication,1
MD,U9,,,,Others: Amendment,Publication,1
MD,Y,,,,Model,Issued,1
MD,Y1,,,,Model,Issued,1
MD,Y2,,,,Model,Issued,1
MD,Y3,,,,Model,Issued,1
MD,Y8,,,,Others: Amendment,Issued,1
MD,Y9,,,,Others: Amendment,Issued,1
MD,Z,,,,Model,Issued,1
MD,Z1,,,,Model,Issued,1
MD,Z2,,,,Model,Issued,1
MD,Z3,,,,Model,Issued,1
MD,Z4,,,,Model,Issued,1
MD,Z5,,,,Model,Issued,1
MD,Z6,,,,Model,Issued,1
MD,Z8,,,,Utility,Issued,1
MD,Z9,,,,Utility,Issued,1
MD,W1,,,,Model,Issued,1
MD,W2,,,,Model,Issued,1
MD,W8,,,,Model,Issued,1
MD,W9,,,,Model,Issued,1
MD,I1,,,,Model,Issued,1
MD,I2,,,,Model,Issued,1
MD,E,,,,Plant,Publication,1
MD,F3,,,,Plant,Publication,1
MD,P,,,,Plant,Issued,1
ME,A,,,,Utility,Publication,1
ME,B,,,,Utility,Issued,1
ME,S,,,,Design,Publication,1
ME,S1,,,,Design,Issued,1
MN,A1,,,,Utility,Both,1
MN,A7,,,,Utility,Both,1
MN,A6,,,,Others,Both,1
MN,A8,,,,Others,Both,1
MT,A,,,,Utility,Both,1
MW,A1,,,,Utility,Both,1
MW,E,,,,Utility,Both,1
MX,A,,,^[0-9]{6}$,Utility,Both,3
MX,A,,,^[0-9]{7}$,Utility,Publication,3
MX,A,,,^[0-9A-Z]{2}[0-9]{8}$,Utility,Publication,3
MX,A,,,^[0-9]{10}$,Utility,Both,3
MX,E,,,,Others,Both,1
MX,R,,,,Utility,Both,1
MX,B,,,,Utility,Issued,1
MX,U,,,^[0-9]{7}$,Model,Issued,3
MX,U,,,^[0-9A-Z]{2}[0-9]{8}$,Model,Issued,3
MX,U,,,^[0-9]{10}$,Model,Both,3
MY,A,,1986/9/30,,Utility,Issued,2
MY,A,1986/10/1,2009/12/31,^[0-9]{5}[0-9]?[0-9]?[0-9]?$,Utility,Publication,4
MY,A,2010/1/1,,^[0-9]{10}$,Utility,Publication,4
MY,A,1990/9/1,,^[0-9]{5}[0-9]?$,Utility,Issued,4
MY,U,,,,Model,Both,1
NI,A,,,,Utility,Both,1
NI,U,,,,Model,Both,1
NI,S,,,,Design,Both,1
NL,A,,,,Utility,Publication,1
NL,A8,,,,Others: Amendment,Publication,1
NL,A9,,,,Others: Amendment,Publication,1
NL,B,,,,Utility,Publication,1
NL,C,,,,Utility,Issued,1
NL,A1,,,,Utility,Publication,1
NL,C1,,,,Model,Issued,1
NL,C2,,,,Utility,Issued,1
NL,C8,,,,Others: Amendment,Issued,1
NL,C9,,,,Others: Amendment,Issued,1
NL,K1,,,,Utility,Publication,1
NL,K2,,,,Utility,Publication,1
NL,K3,,,,Utility,Publication,1
NL,I1,,,,Others: SPC,Publication,1
NL,I2,,,,Others: SPC,Issued,1
NL,T,,,,Utility,Publication,1
NO,A,,,,Utility,Publication,1
NO,D0,,,,Utility,Publication,1
NO,B,,,,Utility,Publication,1
NO,B1,,,,Utility,Issued,1
NO,B2,,,,Utility,Issued,1
NO,B3,,,,Utility,Issued,1
NO,C,,,,Utility,Issued,1
NO,I1,,,,Others: SPC,Publication,1
NO,I2,,,,Others: SPC,Issued,1
NO,L,,,,Others: Supplimentary,Publication,1
NO,T1,,,,Utility,Publication,1
NO,T2,,,,Utility,Publication,1
NO,T3,,,,Utility,Issued,1
NZ,D0,,,,Utility,Publication,1
NZ,A,,,,Utility,Both,1
OA,A,,,,Utility,Both,1
OA,E,,,,Utility,Both,1
PA,A1,,,,Utility,Both,1
PA,A2,,,,Utility,Both,1
PA,A3,,,,Utility,Both,1
PA,R,,,,Others: Search Report,Both,1
PA,U,,,,Model,Both,1
PA,S,,,,Design,Both,1
PE,A1,,,,Utility,Publication,1
PE,B,,,,Utility,Issued,1
PE,R,,,,Utility,Both,1
PE,Z,,,,Model,Publication,1
PE,Y,,,,Model,Issued,1
PE,S,,,,Design,Publication,1
PE,S1,,,,Design,Issued,1
PH,A,,,,Utility,Issued,1
PH,S,,,,Design,Issued,1
PH,Z,,,,Model,Issued,1
PH,A1,,,,Utility,Publication,1
PH,B1,,,,Utility,Issued,1
PH,S1,,,,Design,Publication,1
PH,S2,,,,Design,Issued,1
PH,U,,,,Model,Publication,1
PH,U1,,,,Model,Publication,1
PH,Y1,,,,Model,Issued,1
PL,A5,,,,Others,Both,1
PL,B3,,,,Utility,Issued,1
PL,A6,,,,Others,Both,1
PL,A1,,,,Utility,Publication,1
PL,B1,,,,Utility,Issued,1
PL,A2,,,,Utility,Publication,1
PL,A3,,,,Utility,Publication,1
PL,A4,,,,Utility,Publication,1
PL,B2,,,,Utility,Issued,1
PL,B4,,,,Utility,Issued,1
PL,C1,,,,Utility,Issued,1
PL,C3,,,,Utility,Issued,1
PL,K1,,,,Utility,Publication,1
PL,K2,,,,Utility,Issued,1
PL,K3,,,,Utility,Issued,1
PL,K4,,,,Model,Publication,1
PL,K5,,,,Model,Issued,1
PL,T3,,,,Utility,Issued,1
PL,T4,,,,Utility,Issued,1
PL,T5,,,,Utility,Issued,1
PL,T6,,,,Utility,Issued,1
PL,U1,,,,Model,Publication,1
PL,U3,,,,Model,Issued,1
PL,Y1,,,,Model,Publication,1
PL,Y3,,,,Model,Issued,1
PT,A,,,,Utility,Publication,1
PT,A1,,,,Utility,Publication,1
PT,B,,,,Utility,Issued,1
PT,B1,,,,Utility,Issued,1
PT,D,,,,Utility,Publication,1
PT,E,,,,Utility,Issued,1
PT,T,,,,Model,Publication,1
PT,U,,1991/12/31,,Model,Publication,2
PT,U,1992/1/1,,,Model,Issued,2
PT,W,,,,Utility,Issued,1
PT,Y,,,,Model,Issued,1
PY,A,,,,Utility,Both,1
PY,R,,,,Utility,Both,1
PY,U,,,,Model,Both,1
PY,S,,,,Design,Both,1
RO,A,,,,Utility,Publication,1
RO,A0,,,,Utility,Publication,1
RO,A1,,,,Utility,Publication,1
RO,A2,,,,Utility,Publication,1
RO,A3,,,,Utility,Publication,1
RO,A4,,,,Utility,Publication,1
RO,A7,,,,Others: Amendment,Publication,1
RO,A8,,,,Others: Amendment,Publication,1
RO,A9,,,,Others: Amendment,Publication,1
RO,B,,,,Utility,Issued,1
RO,B1,,,,Utility,Issued,1
RO,B2,,,,Utility,Issued,1
RO,B8,,,,Others: Amendment,Issued,1
RO,B9,,,,Others: Amendment,Issued,1
RO,C,,,,Utility,Issued,1
RO,C1,,,,Utility,Issued,1
RO,C2,,,,Utility,Issued,1
RO,C3,,,,Utility,Issued,1
RO,C4,,,,Utility,Issued,1
RO,C8,,,,Others: Amendment,Issued,1
RO,C9,,,,Others: Amendment,Issued,1
RO,I1,,,,Others: SPC,Publication,1
RO,I2,,,,Others: SPC,Issued,1
RO,T,,,,Utility,Issued,1
RO,T1,,,,Utility,Issued,1
RO,T2,,,,Utility,Issued,1
RO,T3,,,,Utility,Issued,1
RO,T8,,,,Others: Amendment,Issued,1
RO,T9,,,,Others: Amendment,Issued,1
RO,U1,,,,Model,Issued,1
RO,U2,,,,Model,Issued,1
RO,U3,,,,Others: Search Report,Publication,1
RO,U4,,,,Others: Search Report,Publication,1
RO,U8,,,,Others: Amendment,Issued,1
RO,U9,,,,Others: Amendment,Issued,1
RO,Y,,,,Others: Search Report,Issued,1
RO,Z,,,,Model,Issued,1
RO,K1,,,,Utility,Publication,1
RO,K2,,,,Utility,Publication,1
RO,K3,,,,Utility,Publication,1
RO,K4,,,,Model,Publication,1
RO,K5,,,,Others: Search Report,Publication,1
RO,K9,,,,Model,Publication,1
RS,A,,,,Utility,Publication,1
RS,A1,,,,Utility,Publication,1
RS,A2,,,,Utility,Publication,1
RS,A3,,,,Others: Search Report,Publication,1
RS,B,,,,Utility,Issued,1
RS,B1,,,,Utility,Issued,1
RS,B2,,,,Utility,Issued,1
RS,U,,,,Others: Petty,Issued,1
RS,U1,,,,Others: Petty,Issued,1
RS,U2,,,,Others: Petty,Issued,1
RU,C,,,,Utility,Issued,1
RU,C1,,,,Utility,Issued,1
RU,C2,,,,Utility,Issued,1
RU,C8,,,,Others: Amendment,Issued,1
RU,C9,,,,Others: Amendment,Issued,1
RU,A,,,,Utility,Publication,1
RU,A8,,,,Others: Amendment,Publication,1
RU,A9,,,,Others: Amendment,Publication,1
RU,S,,,,Design,Issued,1
RU,U1,,,,Model,Issued,1
RU,U8,,,,Others: Amendment,Issued,1
RU,U9,,,,Others: Amendment,Issued,1
RU,K1,,,,Utility,Publication,1
RU,K3,,,,Utility,Publication,1
RU,K4,,,,Model,Publication,1
RU,K6,,,,Design,Publication,1
SE,C1,,,,Utility,Issued,1
SE,A,,,,Utility,Publication,1
SE,D0,,,,Utility,Publication,1
SE,L,,,,Others: Supplementary,Publication,1
SE,L1,,,,Others: Supplementary,Publication,1
SE,A0,,,,Utility,Publication,1
SE,A1,,,,Utility,Publication,1
SE,A2,,,,Others: Amendment,Publication,1
SE,A3,,,,Utility,Publication,1
SE,A4,,,,Others: Amendment,Publication,1
SE,B,,,,Utility,Publication,1
SE,B5,,,,Others: Amendment,Publication,1
SE,C,,,,Utility,Issued,1
SE,C5,,,,Others: Amendment,Issued,1
SE,C2,,,,Utility,Issued,1
SE,C3,,,,Others: Amendment,Issued,1
SE,C8,,,,Others: Amendment,Issued,1
SE,E,,,,Others: Amendment,Issued,1
SE,E1,,,,Others: Amendment,Issued,1
SE,E5,,,,Others: Amendment,Issued,1
SE,E8,,,,Others: Amendment,Issued,1
SE,E9,,,,Others: Amendment,Issued,1
SE,K1,,,,Utility,Publication,1
SE,K2,,,,Utility,Publication,1
SE,K3,,,,Utility,Publication,1
SE,K9,,,,Others: Amendment,Publication,1
SE,T1,,,,Utility,Issued,1
SE,T2,,,,Utility,Issued,1
SE,T3,,,,Utility,Issued,1
SE,T4,,,,Utility,Issued,1
SE,T5,,,,Others: Amendment,Issued,1
SE,T6,,,,Utility,Issued,1
SE,T8,,,,Others: Amendment,Issued,1
SE,T9,,,,Others: Amendment,Issued,1
SG,G,,,,Utility,Issued,1
SG,A1,,,,Utility,Both,1
SG,A2,,,,Utility,Both,1
SI,A,,,,Utility,Both,1
SI,A1,,,,Utility,Both,1
SI,A2,,,,Model,Both,1
SI,A8,,,,Utility,Both,1
SI,B,,,,Utility,Both,1
SI,L,,,,Others: Supplement,Publications,1
SI,T1,,,,Utility,Issued,1
SI,T2,,,,Utility,Issued,1
SK,A3,,,,Utility,Publication,1
SK,B6,,,,Utility,Issued,1
SK,U,,,,Model,Issued,1
SK,U1,,,,Model,Publications,1
SK,Y1,,,,Model,Issued,1
SK,Y2,,,,Model,Issued,1
SK,K1,,,,Utility,Publications,1
SK,K2,,,,Utility,Publications,1
SK,K4,,,,Model,Publications,1
SK,K5,,,,Model,Publications,1
SM,A,,,,Utility,Publication,1
SM,B,,,,Utility,Issued,1
SM,S,,,,Design,Publications,1
SM,S1,,,,Design,Issued,1
SM,S2,,,,Design,Publications,1
SM,S3,,,,Design,Issued,1
SM,S4,,,,Design,Issued,1
SU,A,,,,Utility,Publications,1
SU,A1,,,,Others,Publications,1
SU,A2,,,,Others,Publications,1
SU,A3,,,,Utility,Publications,1
SU,A4,,,,Utility,Publications,1
SU,C,,,,Others,Publications,1
SU,K1,,,,Utility,Publications,1
SU,K3,,,,Others,Publications,1
SU,T,,,,Utility,Publications,1
SV,A,,,,Utility,Both,1
SV,U,,,,Model,Both,1
SV,S,,,,Design,Both,1
TH,A,,,,Utility,Both,1
TH,S,,,,Design,Both,1
TH,U,,,,Model,Both,1
TJ,A,,2000/12/31,,Utility,Publication,2
TJ,A,2001/1/1,,,Utility,Issued,2
TJ,B,,,,Utility,Issued,1
TJ,C,,,,Utility,Issued,1
TJ,R3,,,,Utility,Issued,1
TJ,U,,,,Model,Issued,1
TJ,Y3,,,,Model,Issued,1
TN,A1,,,,Utility,Publication,1
TN,A7,,,,Utility,Publication,1
TN,B1,,,,Utility,Issued,1
TN,B7,,,,Utility,Issued,1
TN,S,,,,Design,Issued,1
TR,A,,,,Utility,Publication,1
TR,A1,,,,Utility,Publication,1
TR,A2,,,,Utility,Publication,1
TR,A3,,,,Utility,Publication,1
TR,B,,,,Utility,Issued,1
TR,T1,,,,Utility,Publication,1
TR,T2,,,,Utility,Publication,1
TR,T3,,,,Utility,Issued,1
TR,T4,,,,Utility,Issued,1
TR,U,,,,Model,Publication,1
TR,U1,,,,Model,Publication,1
TR,U2,,,,Model,Publication,1
TR,Y,,,,Model,Issued,1
TR,K1,,,,Utility,Publication,1
TR,K2,,,,Utility,Publication,1
TR,K4,,,,Model,Publication,1
TR,K5,,,,Model,Publication,1
UA,A1,,,,Utility,Issued,1
UA,A,,,,Utility,Issued,1
UA,C1,,,,Utility,Issued,1
UA,C2,,,,Utility,Issued,1
UA,U,,,,Model,Issued,1
UY,A1,,,,Utility,Both,1
UY,A2,,,,Utility,Both,1
UY,A3,,,,Utility,Both,1
UY,A,,,,Utility,Both,1
UY,K1,,,,Utility,Publication,1
UY,K4,,,,Model,Publication,1
UY,K7,,,,Design,Publication,1
UY,Q,,,,Design,Both,1
UY,S,,,,Design,Both,1
UY,U,,,,Model,Both,1
VN,A6,,,,Others,Issued,1
VN,A1,,,,Utility,Publication,1
VN,A7,,,,Utility,Publication,1
VN,A8,,,,Others,Issued,1
VN,B,,,,Utility,Issued,1
VN,U,,,,Model,Publication,1
VN,Y,,,,Model,Issued,1
YU,A,,,^[0-9]{3}[0-9]+$,Utility,Publication,3
YU,A,,,^S[0-9]{3}[0-9]+$,Others,Issued,3
YU,B,,,,Utility,Issued,1
YU,U,,,,Others: Petty,Issued,1
ZA,A,,,,Utility,Both,1
ZA,D,,,,Utility,Both,1
ZM,A1,,,,Utility,Both,1
ZM,D,,,,Utility,Both,1
ZM,E,,,,Utility,Both,1
ZW,A1,,,,Utility,Both,1
ZW,E,,,,Utility,Both,1
AM,A2,,,,Utility,Publication,1
AM,U,,,,Model,Publication,1
CN,A,,,,Utility,Publication,1
CN,A8,,,,Others: Amendment,Publication,1
CN,A9,,,,Others: Amendment,Publication,1
CN,B,,,^[0-9]{7}[0-9]?$,Utility,Publication,3
CN,B,,,^1[0-9]{8}$,Utility,Issued,3
CN,B8,,,,Others: Amendment,Issued,1
CN,B9,,,,Others: Amendment,Issued,1
CN,C,,,,Utility,Issued,1
CN,C1,,,,Utility,Issued,1
CN,C2,,,,Utility,Issued,1
CN,C3,,,,Utility,Issued,1
CN,C4,,,,Utility,Issued,1
CN,C5,,,,Utility,Issued,1
CN,C6,,,,Utility,Issued,1
CN,C7,,,,Utility,Issued,1
CN,U,,,^[0-9]{7}[0-9]?$,Model,Publication,3
CN,U,,,^2[0-9]{8}$,Model,Issued,3
CN,U8,,,,Others: Amendment,Issued,1
CN,U9,,,,Others: Amendment,Issued,1
CN,Y,,,,Model,Issued,1
CN,Y1,,,,Model,Issued,1
CN,Y2,,,,Model,Issued,1
CN,Y3,,,,Model,Issued,1
CN,Y4,,,,Model,Issued,1
CN,Y5,,,,Model,Issued,1
CN,Y6,,,,Model,Issued,1
CN,Y7,,,,Model,Issued,1
CN,S,,,,Design,Issued,1
CN,S1,,,,Design,Issued,1
CN,S2,,,,Design,Issued,1
CN,S3,,,,Design,Issued,1
CN,S4,,,,Design,Issued,1
CN,S5,,,,Design,Issued,1
CN,S6,,,,Design,Issued,1
CN,S7,,,,Design,Issued,1
CN,S9,,,,Others: Amendment,Issued,1
CN,K1,,,,Utility,Publication,1
CN,K2,,,,Utility,Publication,1
CN,K3,,,,Utility,Publication,1
CN,K4,,,,Model,Publication,1
CN,K5,,,,Model,Publication,1
CN,K6,,,,Design,Publication,1
EP,A,,,,Utility,Publication,1
EP,A1,,,,Utility,Publication,1
EP,A2,,,,Utility,Publication,1
EP,A3,,,,Others: Search Report,Publication,1
EP,A4,,,,Others: Search Report,Publication,1
EP,A8,,,,Others: Amendment,Publication,1
EP,A9,,,,Others: Amendment,Publication,1
EP,B1,,,,Utility,Issued,1
EP,B2,,,,Utility,Issued,1
EP,B3,,,,Utility,Issued,1
EP,B8,,,,Others: Amendment,Issued,1
EP,B9,,,,Others: Amendment,Issued,1
EP,X,,,,Utility,Publication,1
JP,C1,,,,Utility,Issued,1
JP,S,,,,Design,Issued,1
JP,Z1,,,,Model,Issued,1
JP,C2,,,,Utility,Issued,1
JP,B,,,,Utility,Issued,1
JP,B1,,,,Utility,Issued,1
JP,Y1,,,,Model,Issued,1
JP,Z2,,,,Model,Issued,1
JP,I,,,,Others: Amendment,Issued,1
JP,H,,,,Others: Amendment,Issued,1
JP,A,,,,Utility,Publication,1
JP,A5,,,,Others: Amendment,Publication,1
JP,A6,,,,Others: Amendment,Publication,1
JP,B2,,,,Utility,Issued,1
JP,B6,,,,Others: Amendment,Issued,1
JP,B1,,,,Utility,Issued,1
JP,U,,,,Model,Publication,1
JP,U3,,,,Others,Publication,1
JP,U5,,,,Others: Amendment,Publication,1
JP,U6,,,,Others: Amendment,Publication,1
JP,U7,,,,Others: Amendment,Publication,1
JP,Y2,,,,Model,Issued,1
JP,Y6,,,,Others: Amendment,Issued,1
JP,A1,,,,Utility,Publication,1
JP,A5,,,,Others: Amendment,Publication,1
JP,S3,,,,Design,Publication,1
JP,K1,,,,Utility,Publication,1
JP,K2,,,,Utility,Publication,1
JP,K3,,,,Utility,Publication,1
JP,K4,,,,Model,Publication,1
JP,K5,,,,Model,Publication,1
JP,K6,,,,Design,Publication,1
JP,K7,,,,Others,Publication,1
JP,K8,,,,Model,Publication,1
JP,K9,,,,Others,Publication,1
KR,A,,,,Utility,Publication,1
KR,B1,,,,Utility,Issued,1
KR,K1,,,,Utility,Publication,1
KR,K2,,,,Utility,Publication,1
KR,K4,,,,Model,Publication,1
KR,K5,,,,Model,Publication,1
KR,K6,,,,Design,Publication,1
KR,U,,,,Model,Publication,1
KR,Y1,,,,Model,Issued,1
KR,S,,,,Design,Issued,1
TW,A,,,,Utility,Publication,1
TW,B,,,,Utility,Issued,1
TW,S,,,,Design,Issued,1
TW,U,,,,Model,Issued,1
TW,Y,,,,Model,Issued,1
TW,K1,,,,Utility,Publication,1
TW,K2,,,,Utility,Publication,1
TW,K4,,,,Model,Publication,1
TW,K6,,,,Design,Publication,1
US,I1,,,,Utility,Issued,1
US,I2,,,,Utility,Issued,1
US,I3,,,,Utility,Issued,1
US,I5,,,,Utility,Publication,1
US,I5,,,,Utility,Publication,1
US,A,,,,Utility,Issued,1
US,P,,,,Plant,Issued,1
US,B,,,,Utility,Issued,1
US,B1,,,,Utility,Issued,1
US,B2,,,,Utility,Issued,1
US,B3,,,,Utility,Issued,1
US,E,,,,Utility,Issued,1
US,F1,,,,Utility,Issued,1
US,F2,,,,Utility,Issued,1
US,F3,,,,Utility,Issued,1
US,H,,,,Others: SIR,Publication,1
US,I4,,,,Others: Defensive,Publication,1
US,S,,,,Design,Issued,1
US,A1,,,,Utility,Publication,1
US,A2,,,,Utility,Publication,1
US,A9,,,,Others: Amendment,Publication,1
US,B8,,,,Others: Amendment,Issued,1
US,B9,,,,Others: Amendment,Issued,1
US,C1,,,,Utility,Issued,1
US,C2,,,,Utility,Issued,1
US,C3,,,,Utility,Issued,1
US,C4,,,,Utility,Issued,1
US,C5,,,,Utility,Issued,1
US,C6,,,,Utility,Issued,1
US,C7,,,,Utility,Issued,1
US,C8,,,,Utility,Issued,1
US,C9,,,,Utility,Issued,1
US,E1,,,,Utility,Issued,1
US,F4,,,,Utility,Issued,1
US,F5,,,,Utility,Issued,1
US,F6,,,,Utility,Issued,1
US,F7,,,,Utility,Issued,1
US,F8,,,,Utility,Issued,1
US,F9,,,,Utility,Issued,1
US,H1,,,,Others: SIR,Publication,1
US,P1,,,,Plant,Publication,1
US,P2,,,,Plant,Issued,1
US,P3,,,,Plant,Issued,1
US,P4,,,,Plant,Publication,1
US,P9,,,,Others: Amendment,Publication,1
US,S1,,,,Design,Issued,1
WO,A1,,,,Utility,Publication,1
WO,A2,,,,Utility,Publication,1
WO,A3,,,,Others: Amendment,Publication,1
WO,B1,,,,Others: Amendment,Publication,1
WO,A8,,,,Others: Amendment,Publication,1
WO,A9,,,,Others: Amendment,Publication,1
WO,B8,,,,Others: Amendment,Publication,1
WO,B9,,,,Others: Amendment,Publication,1
WO,A4,,,,Others: Amendment,Publication,1
WO,K1,,,,Utility,Publication,1
