<?xml version="1.0" encoding="UTF-8"?>
<!DOCTYPE log4j:configuration SYSTEM "log4j.dtd">
<log4j:configuration xmlns:log4j="http://jakarta.apache.org/log4j/">

    <appender name="console" class="org.apache.log4j.ConsoleAppender">
        <param name="target" value="System.out" />
        <layout class="org.apache.log4j.PatternLayout">
            <!-- Slower output: "[%p] %d{MM/dd HH:mm:ss.SSS} %t [%C-%M] %m%n" -->
            <param name="ConversionPattern" value="%d{MM/dd HH:mm:ss.SSS} [%t] %-5p %c %x - %m%n"/>
        </layout>
    </appender>

    <appender name="console_simple" class="org.apache.log4j.ConsoleAppender">
        <param name="target" value="System.out" />
        <layout class="org.apache.log4j.PatternLayout">
            <param name="ConversionPattern" value="%d{MM/dd HH:mm:ss.SSS} %-5p %m%n"/>
        </layout>
    </appender>

    <logger name="org.tsaikd.java" additivity="false">
        <level value="debug"/>
        <appender-ref ref="console"/>
    </logger>

    <logger name="org.tsaikd.java.utils.ProcessStdoutThread" additivity="false">
        <level value="debug"/>
        <appender-ref ref="console_simple"/>
    </logger>

    <logger name="org.tsaikd.java.utils.ConfigHttpClient" additivity="false">
        <level value="info"/>
        <appender-ref ref="console"/>
    </logger>

    <logger name="org.tsaikd.java.utils.SolrUtils" additivity="false">
        <level value="info"/>
        <appender-ref ref="console"/>
    </logger>

    <logger name="org.tsaikd.java.mongodb.MappedClass" additivity="false">
        <level value="info"/>
        <appender-ref ref="console"/>
    </logger>

    <logger name="itec" additivity="false">
        <level value="debug"/>
        <appender-ref ref="console"/>
    </logger>

    <logger name="org.apache.solr.client.solrj.impl.HttpClientUtil" additivity="false">
        <level value="warn"/>
        <appender-ref ref="console"/>
    </logger>

    <root>
        <priority value ="info"/>
        <appender-ref ref="console"/>
    </root>

</log4j:configuration>
