<?xml version="1.0" encoding="UTF-8"?>
<!--
Log4j 2: http://logging.apache.org/log4j/2.x/manual/index.html
Configuration: http://logging.apache.org/log4j/2.x/manual/configuration.html
Appenders: http://logging.apache.org/log4j/2.x/manual/appenders.html
Layouts: http://logging.apache.org/log4j/2.x/manual/layouts.html
-->
<Configuration monitorInterval="30" status="warn" strict="true">
	<Properties>
		<Property name="log-path">/log/patentcloud/api</Property>
	</Properties>
	
	<Appenders>
		<Console name="console" target="SYSTEM_OUT">
			<PatternLayout pattern="%t %X{clientHost} %d %-5p [%C.%M:%L] - %m%n" />
		</Console>

		<RollingFile name="server" fileName="${log-path}/server.log"
			filePattern="${log-path}/server-%d{yyyy-MM-dd_HH}.%i.log">
			<ThresholdFilter level="debug" onMatch="ACCEPT" onMismatch="DENY" />
			<PatternLayout pattern="%t %X{clientHost} %d %-5p [%C.%M:%L] - %m%n" />
			<Policies>
				<TimeBasedTriggeringPolicy interval="1" modulate="true" />
				<SizeBasedTriggeringPolicy size="20 MB" />
			</Policies>
		</RollingFile>
	</Appenders>
	
	<Loggers>
		<Root level="info" additivity="false">
			<AppenderRef ref="console" />
			<!-- <AppenderRef ref="server" /> -->
		</Root>
				
		<Logger name="com.patentcloud.api" level="debug" additivity="false">
			<AppenderRef ref="console" level="debug" />
			<!-- <AppenderRef ref="server" level="info" /> -->
		</Logger>
	</Loggers>
</Configuration>