<?xml version="1.0" encoding="UTF-8"?>
<beans xmlns="http://www.springframework.org/schema/beans"
    xmlns:xsi="http://www.w3.org/2001/XMLSchema-instance"
    xmlns:context="http://www.springframework.org/schema/context"
    xmlns:tx="http://www.springframework.org/schema/tx"
    xmlns:aop="http://www.springframework.org/schema/aop"
    xmlns:p="http://www.springframework.org/schema/p"
    xsi:schemaLocation="
    http://www.springframework.org/schema/beans http://www.springframework.org/schema/beans/spring-beans-4.0.xsd
    http://www.springframework.org/schema/context http://www.springframework.org/schema/context/spring-context-4.0.xsd
    http://www.springframework.org/schema/tx http://www.springframework.org/schema/tx/spring-tx-4.0.xsd
    http://www.springframework.org/schema/aop http://www.springframework.org/schema/aop/spring-aop-3.0.xsd">

	<bean id="masterDataSource" class="org.logicalcobwebs.proxool.ProxoolDataSource" >
        <property name="driver" value="${jdbc.write.driver}" />
        <property name="driverUrl" value="${jdbc.write.url}" />
        <property name="user" value="${jdbc.write.username}" />
        <property name="password" value="${jdbc.write.password}" />

        <property name="alias" value="proxool_master" />
        <property name="maximumConnectionCount" value="30" />
        <property name="houseKeepingTestSql" value="select 1" />
    </bean>
    
	<bean id="slaveDataSource" class="org.logicalcobwebs.proxool.ProxoolDataSource">
        <property name="driver" value="${jdbc.read.driver}" />
        <property name="driverUrl" value="${jdbc.read.url}" />
        <property name="user" value="${jdbc.read.username}" />
        <property name="password" value="${jdbc.read.password}" />

        <property name="alias" value="proxool_slave" />
        <property name="maximumConnectionCount" value="30" />
        <property name="houseKeepingTestSql" value="select 1" />
    </bean>
    
    <bean id="dataSource" class="com.airpatent.common.datasource.RoutingDataSource">
		<property name="targetDataSources">
			<map key-type="java.lang.String">
				<entry key="master" value-ref="masterDataSource"></entry>
				<entry key="slave" value-ref="slaveDataSource"></entry>
			</map>
		</property>	
		<property name="defaultTargetDataSource" ref="slaveDataSource" />
	</bean>
    
</beans>
