<?xml version="1.0" encoding="UTF-8"?>
<beans xmlns="http://www.springframework.org/schema/beans"
    xmlns:xsi="http://www.w3.org/2001/XMLSchema-instance"
    xmlns:context="http://www.springframework.org/schema/context"
    xmlns:tx="http://www.springframework.org/schema/tx"
    xmlns:aop="http://www.springframework.org/schema/aop"
    xmlns:p="http://www.springframework.org/schema/p"
    xsi:schemaLocation="
    http://www.springframework.org/schema/beans http://www.springframework.org/schema/beans/spring-beans-4.0.xsd
    http://www.springframework.org/schema/context http://www.springframework.org/schema/context/spring-context-4.0.xsd
    http://www.springframework.org/schema/tx http://www.springframework.org/schema/tx/spring-tx-4.0.xsd
    http://www.springframework.org/schema/aop http://www.springframework.org/schema/aop/spring-aop-3.0.xsd">

	<context:component-scan base-package="com.airpatent" />
	<aop:aspectj-autoproxy />
	
	<bean id="yamlProperties" class="org.springframework.beans.factory.config.YamlPropertiesFactoryBean">
	    <property name="resources" value="classpath:airpatent/config.yml"/>
	</bean>
	
	<context:property-placeholder properties-ref="yamlProperties"/>
	
	<bean id="sessionFactory"
        class="org.springframework.orm.hibernate5.LocalSessionFactoryBean"
        parent="abstractSessionFactory">
        <property name="mappingLocations" value="classpath:conf/hbm/*.hbm.xml"/>
    </bean>

    <bean id="hibernateProperties"
        class="org.springframework.beans.factory.config.PropertiesFactoryBean">
        <property name="properties">
            <props>
                <prop key="hibernate.dialect">org.hibernate.dialect.PostgreSQL82Dialect</prop>
                <prop key="hibernate.show_sql">false</prop>
                <prop key="hibernate.transaction.flush_before_completion">true</prop>
                <prop key="hibernate.jdbc.batch_size">25</prop>
                <prop key="hibernate.cache.use_second_level_cache">false</prop>
                <prop key="hibernate.transaction.auto_close_session">false</prop>
                <prop key="hibernate.connection.release_mode">auto</prop>
            </props>
        </property>
    </bean>
    
	<bean id="abstractSessionFactory" abstract="true">
        <property name="dataSource" ref="dataSource" />
        <property name="hibernateProperties">
            <ref bean="hibernateProperties" />
        </property>
    </bean>

    <bean id="transactionManager"
        class="org.springframework.orm.hibernate5.HibernateTransactionManager">
        <property name="sessionFactory">
            <ref bean="sessionFactory" />
        </property>
    </bean>
	
	<tx:advice id="txHelperAdvice" transaction-manager="transactionManager">
        <tx:attributes>
            <tx:method name="*" read-only="true"/>
        </tx:attributes>
    </tx:advice>

	<tx:advice id="txServiceAdvice" transaction-manager="transactionManager">
        <tx:attributes>
            <tx:method name="*" propagation="REQUIRED" />
        </tx:attributes>
    </tx:advice>
    
    <tx:annotation-driven transaction-manager="transactionManager" />
    
    <bean id="dataSourceAspect" class="com.airpatent.common.datasource.DataSourceAspect">
	</bean>
	
    <aop:config>
        <aop:pointcut id="txHelperPoint" 
        		expression="execution(* com.airpatent.helper..*.*(..))"/>
        
        <aop:pointcut id="txServicePoint" 
        		expression="execution(* com.airpatent.service..*.*(..))"/>
        
        <aop:advisor advice-ref="txServiceAdvice" pointcut-ref="txServicePoint" order="2"/>
        <aop:advisor advice-ref="txHelperAdvice" pointcut-ref="txHelperPoint" order="2"/>

        <aop:aspect id="dsAspect" ref="dataSourceAspect" order="0">
            <aop:before method="useMasterDS" pointcut-ref="txServicePoint" />
        </aop:aspect>
    </aop:config>
    
    <beans profile="redis">
	    <bean class="org.springframework.session.data.redis.config.annotation.web.http.RedisHttpSessionConfiguration"/>
		<bean class="org.springframework.data.redis.connection.jedis.JedisConnectionFactory"
			p:host-name="${spring.redis.host}" p:port="${spring.redis.port}" />
	</beans>
</beans>
