<?xml version="1.0" encoding="UTF-8" ?>

<schema name="patentcloud" version="1.5">
    <field name="_version_"                      type="long"               indexed="true"  stored="true"/>
    <field name="_root_"                         type="string"             indexed="true"  stored="true"/>
    <field name="ptopid"                         type="string"             indexed="true"  stored="true"  multiValued="false"  omitNorms="true"  required="true"/>
    <field name="id"                             type="stringLower"        indexed="true"  stored="true"  multiValued="false"  omitNorms="true"  required="true"/>
    <field name="pto"                            type="stringLower"        indexed="true"  stored="true"  multiValued="false"  omitNorms="true"/>
    <field name="country"                        type="string"             indexed="true"  stored="true"  multiValued="false"  omitNorms="true"  docValues="true"/>
    <field name="mainCPC"                        type="string"             indexed="true"  stored="true"  multiValued="false"  omitNorms="true"/>
    <field name="mainCPCClass"                   type="string"             indexed="true"  stored="true"  multiValued="false"  omitNorms="true"/>
    <field name="mainCPCSubClass"                type="string"             indexed="true"  stored="true"  multiValued="false"  omitNorms="true"/>
    <field name="mainCPCGroup"                   type="string"             indexed="true"  stored="true"  multiValued="false"  omitNorms="true"/>
    <field name="mainCPCSubGroup"                type="string"             indexed="true"  stored="true"  multiValued="false"  omitNorms="true"/>
    <field name="mainCPCNormal"                  type="string"             indexed="true"  stored="true"  multiValued="false"  omitNorms="true"/>
    <field name="mainIPC"                        type="string"             indexed="true"  stored="true"  multiValued="false"  omitNorms="true"/>
    <field name="mainIPCNormal"                  type="string"             indexed="true"  stored="true"  multiValued="false"  omitNorms="true"/>
    <field name="mainIPCClass"                   type="string"             indexed="true"  stored="true"  multiValued="false"  omitNorms="true"/>
    <field name="mainIPCSubClass"                type="string"             indexed="true"  stored="true"  multiValued="false"  omitNorms="true"/>
    <field name="mainIPCGroup"                   type="string"             indexed="true"  stored="true"  multiValued="false"  omitNorms="true"/>
    <field name="mainIPCSubGroup"                type="string"             indexed="true"  stored="true"  multiValued="false"  omitNorms="true"/>
    <field name="mainIPCR"                       type="string"             indexed="true"  stored="true"  multiValued="false"  omitNorms="true"/>
    <field name="mainIPCRNormal"                 type="string"             indexed="true"  stored="true"  multiValued="false"  omitNorms="true"/>
    <field name="mainLOC"                        type="string"             indexed="true"  stored="true"  multiValued="false"  omitNorms="true"/>
    <field name="mainLOCClass"                   type="string"             indexed="true"  stored="true"  multiValued="false"  omitNorms="true"/>
    <field name="mainUSPC"                       type="string"             indexed="true"  stored="true"  multiValued="false"  omitNorms="true"/>
    <field name="mainFI"                         type="string"             indexed="true"  stored="true"  multiValued="false"  omitNorms="true"/>
    <field name="mainFIAll"                      type="stringLower"        indexed="true"  stored="true"  multiValued="true"   omitNorms="true"/>
    <field name="mainFICClass"                   type="string"             indexed="true"  stored="true"  multiValued="false"  omitNorms="true"/>
    <field name="mainFISubClass"                 type="string"             indexed="true"  stored="true"  multiValued="false"  omitNorms="true"/>
    <field name="mainFIGroup"                    type="string"             indexed="true"  stored="true"  multiValued="false"  omitNorms="true"/>
    <field name="mainFISubGroup"                 type="string"             indexed="true"  stored="true"  multiValued="false"  omitNorms="true"/>
    <field name="mainFterm"                      type="string"             indexed="true"  stored="true"  multiValued="false"  omitNorms="true"/>
    <field name="mainDI"                         type="string"             indexed="true"  stored="true"  multiValued="false"  omitNorms="true"/>
    <field name="mainDTerm"                      type="string"             indexed="true"  stored="true"  multiValued="false"  omitNorms="true"/>
    <field name="cpcs"                           type="string"             indexed="true"  stored="true"  multiValued="true"   omitNorms="true"  docValues="true"/>
    <field name="cpcsClass"                      type="string"             indexed="true"  stored="true"  multiValued="true"   omitNorms="true"/>
    <field name="cpcsSubClass"                   type="string"             indexed="true"  stored="true"  multiValued="true"   omitNorms="true"/>
    <field name="cpcsGroup"                      type="string"             indexed="true"  stored="true"  multiValued="true"   omitNorms="true"/>
    <field name="cpcsSubGroup"                   type="string"             indexed="true"  stored="true"  multiValued="true"   omitNorms="true"/>
    <field name="cpcsNormal"                     type="string"             indexed="true"  stored="true"  multiValued="true"   omitNorms="true"/>
    <field name="uspcs"                          type="string"             indexed="true"  stored="true"  multiValued="true"   omitNorms="true"  docValues="true"/> 
    <field name="ipcs"                           type="string"             indexed="true"  stored="true"  multiValued="true"   omitNorms="true"  docValues="true"/>
    <field name="ipcsClass"                      type="string"             indexed="true"  stored="true"  multiValued="true"   omitNorms="true"/>
    <field name="ipcsSubClass"                   type="string"             indexed="true"  stored="true"  multiValued="true"   omitNorms="true"/>
    <field name="ipcsGroup"                      type="string"             indexed="true"  stored="true"  multiValued="true"   omitNorms="true"/>
    <field name="ipcsSubGroup"                   type="string"             indexed="true"  stored="true"  multiValued="true"   omitNorms="true"/>
    <field name="ipcsNormal"                     type="string"             indexed="true"  stored="true"  multiValued="true"   omitNorms="true"/>
    <field name="ipcrs"                          type="string"             indexed="true"  stored="true"  multiValued="true"   omitNorms="true"/>
    <field name="ipcrsNormal"                    type="string"             indexed="true"  stored="true"  multiValued="true"   omitNorms="true"/>
    <field name="locs"                           type="string"             indexed="true"  stored="true"  multiValued="true"   omitNorms="true"  docValues="true"/>
    <field name="locsClass"                      type="string"             indexed="true"  stored="true"  multiValued="true"   omitNorms="true"/>
    <field name="fis"                            type="string"             indexed="true"  stored="true"  multiValued="true"   omitNorms="true"/>
    <field name="fisAll"                         type="stringLower"        indexed="true"  stored="true"  multiValued="true"   omitNorms="true"/>
    <field name="fisClass"                       type="string"             indexed="true"  stored="true"  multiValued="true"   omitNorms="true"/>
    <field name="fisSubClass"                    type="string"             indexed="true"  stored="true"  multiValued="true"   omitNorms="true"/>
    <field name="fisGroup"                       type="string"             indexed="true"  stored="true"  multiValued="true"   omitNorms="true"/>
    <field name="fisSubGroup"                    type="string"             indexed="true"  stored="true"  multiValued="true"   omitNorms="true"/>
    <field name="fterms"                         type="string"             indexed="true"  stored="true"  multiValued="true"   omitNorms="true"/>
    <field name="dis"                            type="string"             indexed="true"  stored="true"  multiValued="true"   omitNorms="true"/>
    <field name="dterms"                         type="string"             indexed="true"  stored="true"  multiValued="true"   omitNorms="true"/>
    <field name="eclas"                          type="string"             indexed="true"  stored="true"  multiValued="true"   omitNorms="true"/>
    <field name="agents"                         type="stringLower"        indexed="false" stored="true"  multiValued="true"   omitNorms="true"/>
    <field name="agentOperators"                 type="stringLower"        indexed="false" stored="true"  multiValued="true"   omitNorms="true"/>
    <field name="applicants"                     type="stringLower"        indexed="false" stored="true"  multiValued="true"   omitNorms="true"/>
    <field name="assignees"                      type="stringLower"        indexed="false" stored="true"  multiValued="true"   omitNorms="true"/>
    <field name="docdbAssignees"                 type="stringLower"        indexed="false" stored="true"  multiValued="true"   omitNorms="true"/>
    <field name="docdbaAssignees"                type="stringLower"        indexed="false" stored="true"  multiValued="true"   omitNorms="true"/>
    <field name="inventors"                      type="stringLower"        indexed="false" stored="true"  multiValued="true"   omitNorms="true"/>
    <field name="docdbInventors"                 type="stringLower"        indexed="false" stored="true"  multiValued="true"   omitNorms="true"/>
    <field name="docdbaInventors"                type="stringLower"        indexed="false" stored="true"  multiValued="true"   omitNorms="true"/>
    <field name="examinerMasters"                type="stringLower"        indexed="false" stored="true"  multiValued="true"   omitNorms="true"/>
    <field name="examinerSlaves"                 type="stringLower"        indexed="false" stored="true"  multiValued="true"   omitNorms="true"/>
    <field name="filePageClaim"                  type="int"                indexed="true"  stored="true"  multiValued="false"  omitNorms="true"/>
    <field name="filePageDesc"                   type="int"                indexed="true"  stored="true"  multiValued="false"  omitNorms="true"/>
    <field name="filePageFig"                    type="int"                indexed="true"  stored="true"  multiValued="false"  omitNorms="true"/>
    <field name="filePageFirst"                  type="int"                indexed="true"  stored="true"  multiValued="false"  omitNorms="true"/>
    <field name="filePageNumber"                 type="int"                indexed="true"  stored="true"  multiValued="false"  omitNorms="true"/>
    <field name="gazettePageNumber"              type="int"                indexed="true"  stored="true"  multiValued="false"  omitNorms="true"/>
    <field name="clipPageNumber"                 type="int"                indexed="true"  stored="true"  multiValued="false"  omitNorms="true"/>
    <field name="figurePageNumber"               type="int"                indexed="true"  stored="true"  multiValued="false"  omitNorms="true"/>
    <field name="firstImagePageFlag"             type="boolean"            indexed="true"  stored="true"  multiValued="false"  omitNorms="true"/>
    <field name="otherReferencesStem"            type="textLowerStem"      indexed="true"  stored="false" multiValued="true"   omitNorms="true"/>
    <field name="otherReferences"                type="textLower"          indexed="true"  stored="true"  multiValued="true"   omitNorms="true"/>
    <field name="kindcode"                       type="string"             indexed="true"  stored="true"  multiValued="false"  omitNorms="true"  required="true"  docValues="true"/>
    <field name="type"                           type="stringLower"        indexed="true"  stored="true"  multiValued="false"  omitNorms="true"/>
    <field name="typeCode"                       type="int"                indexed="true"  stored="true"  multiValued="false"  omitNorms="true"  docValues="true"/>
    <field name="stats"                          type="int"                indexed="true"  stored="true"  multiValued="true"   omitNorms="true"/>
    <field name="familyId"                       type="int"                indexed="true"  stored="true"  multiValued="false"  omitNorms="true"/>
    <field name="familyIdGroup"                  type="string"             indexed="true"  stored="true"  multiValued="false"  omitNorms="true"  docValues="true"/>
    <field name="briefStem"                      type="textLowerStem"      indexed="true"  stored="false" multiValued="false"  omitNorms="false"/>
    <field name="brief"                          type="textLower"          indexed="true"  stored="true"  multiValued="false"  omitNorms="false"/>
    <field name="claimStem"                      type="textLowerStem"      indexed="true"  stored="false" multiValued="false"  omitNorms="false"/>
    <field name="claim"                          type="textLower"          indexed="true"  stored="true"  multiValued="false"  omitNorms="false"/>
    <field name="descriptionStem"                type="textLowerStem"      indexed="true"  stored="false" multiValued="false"  omitNorms="false"/>
    <field name="description"                    type="textLower"          indexed="true"  stored="true"  multiValued="false"  omitNorms="false"/>
    <field name="titleStem"                      type="textLowerStem"      indexed="true"  stored="false" multiValued="false"  omitNorms="false"/>
    <field name="title"                          type="textLower"          indexed="true"  stored="true"  multiValued="false"  omitNorms="false"/>
    <field name="truncate"                       type="boolean"            indexed="true"  stored="true"  multiValued="false"  omitNorms="true"/>
    <field name="solrIndexTime"                  type="date"               indexed="true"  stored="true"  multiValued="false"  omitNorms="true"  required="true"/>
    <field name="partyStem"                      type="textLowerStem"      indexed="true"  stored="false" multiValued="true"   omitNorms="false"/>
    <field name="party"                          type="textLower"          indexed="true"  stored="false" multiValued="true"   omitNorms="false"/>
    <field name="allStem"                        type="textLowerStem"      indexed="true"  stored="false" multiValued="true"   omitNorms="false"/>
    <field name="all"                            type="textLower"          indexed="true"  stored="false" multiValued="true"   omitNorms="false"/>

    <dynamicField name="*Date"                   type="date"               indexed="true"  stored="true"  multiValued="false"  omitNorms="true"/>
    <dynamicField name="*Year"                   type="int"                indexed="true"  stored="true"  multiValued="false"  omitNorms="true"/>
    <dynamicField name="*Yearmon"                type="int"                indexed="true"  stored="true"  multiValued="false"  omitNorms="true"/>
    <dynamicField name="*Number"                 type="stringLower"        indexed="true"  stored="true"  multiValued="false"  omitNorms="true"/>
    <dynamicField name="*NumberAll"              type="stringLower"        indexed="true"  stored="true"  multiValued="true"   omitNorms="true"/>
    <dynamicField name="*NumberGroup"            type="string"             indexed="true"  stored="true"  multiValued="false"  omitNorms="true"  docValues="true"/>
    <dynamicField name="*Name"                   type="nameEntityLower"    indexed="true"  stored="true"  multiValued="true"   omitNorms="true"/>
    <dynamicField name="*Address"                type="nameEntityLower"    indexed="true"  stored="false" multiValued="true"   omitNorms="true"/>
    <dynamicField name="*Country"                type="stringLower"        indexed="true"  stored="false" multiValued="true"   omitNorms="true"/>
    <dynamicField name="*Facetname"              type="facet"              indexed="true"  stored="true"  multiValued="true"   omitNorms="true"/>
    <dynamicField name="*Patents"                type="textLower"          indexed="true"  stored="true"  multiValued="true"   omitNorms="true"/>
    <dynamicField name="*Patent"                 type="textLower"          indexed="true"  stored="true"  multiValued="false"  omitNorms="true"/>

    <!-- project usage -->
    <field name="patentId"                       type="stringLower"        indexed="true"  stored="true"  multiValued="false"  omitNorms="true"/>
    <field name="projectId"                      type="stringLower"        indexed="true"  stored="true"  multiValued="true"   omitNorms="true"/>
    <field name="treeId"                         type="stringLower"        indexed="true"  stored="true"  multiValued="true"   omitNorms="true"/>
    <field name="nodeId"                         type="stringLower"        indexed="true"  stored="true"  multiValued="true"   omitNorms="true"/>
    <field name="tag"                            type="stringLower"        indexed="true"  stored="true"  multiValued="true"   omitNorms="true"/>
    <field name="tagValue"                       type="stringLower"        indexed="true"  stored="true"  multiValued="true"   omitNorms="true"/>
    <field name="source"                         type="int"                indexed="true"  stored="true"  multiValued="false"  omitNorms="true"/>
    
    <!--search result usage-->
    <field name="isPcNormal"                     type="boolean"            indexed="true"  stored="true"  multiValued="false"  omitNorms="true"/>

    <!--lawsuit info WILL REMOVE-->
    <field name="lawsuitIds"                     type="stringLower"        indexed="true"  stored="true"  multiValued="true"   omitNorms="false"/>
    <field name="lawsuitTitles"                  type="textLowerStem"      indexed="true"  stored="true"  multiValued="true"   omitNorms="false"/>
    <field name="lawsuitDocketNumbers"           type="stringLower"        indexed="true"  stored="true"  multiValued="true"   omitNorms="false"/>
    <field name="lawsuitCounts"                  type="nameEntityLower"    indexed="true"  stored="true"  multiValued="true"   omitNorms="false"/>
    <field name="lawsuitDatesField"              type="date"               indexed="true"  stored="true"  multiValued="true"   omitNorms="false"/>
    <field name="lawsuitCauses"                  type="textLowerStem"      indexed="true"  stored="true"  multiValued="true"   omitNorms="false"/>
    <field name="lawsuitPlaintiffs"              type="textLowerStem"      indexed="true"  stored="true"  multiValued="true"   omitNorms="false"/>
    <field name="lawsuitDefendants"              type="nameEntityLower"    indexed="true"  stored="true"  multiValued="true"   omitNorms="false"/>
    <field name="lawsuitCases"                   type="textLowerStem"      indexed="true"  stored="true"  multiValued="true"   omitNorms="false"/>
    <field name="lawsuitDocketInfoDates"         type="date"               indexed="true"  stored="true"  multiValued="true"   omitNorms="false"/>
    <field name="lawsuitTypes"                   type="stringLower"        indexed="true"  stored="true"  multiValued="true"   omitNorms="false"/>
    <field name="lawsuitDescs"                   type="textLowerStem"      indexed="true"  stored="true"  multiValued="true"   omitNorms="false"/>
    <field name="lawsuitRelatedCases"            type="textLowerStem"      indexed="true"  stored="true"  multiValued="true"   omitNorms="false"/>
    <field name="lawsuitCounterDefendants"       type="nameEntityLower"    indexed="true"  stored="true"  multiValued="true"   omitNorms="false"/>
    <field name="lawsuitCounterClaimants"        type="textLowerStem"      indexed="true"  stored="true"  multiValued="true"   omitNorms="false"/>
    <field name="lawsuitAdditionalDefendants"    type="nameEntityLower"    indexed="true"  stored="true"  multiValued="true"   omitNorms="false"/>
    <field name="lawsuitConsolCounterClaimants"  type="textLowerStem"      indexed="true"  stored="true"  multiValued="true"   omitNorms="false"/>
    <field name="lawsuitMediators"               type="textLowerStem"      indexed="true"  stored="true"  multiValued="true"   omitNorms="false"/>
    <field name="lawsuitThirdPartyPlaintiffs"    type="textLowerStem"      indexed="true"  stored="true"  multiValued="true"   omitNorms="false"/>
    <field name="lawsuitThirdPartyDefendants"    type="nameEntityLower"    indexed="true"  stored="true"  multiValued="true"   omitNorms="false"/>
    <field name="lawsuitRegistrationNos"         type="stringLower"        indexed="true"  stored="true"  multiValued="true"   omitNorms="false"/>
    <field name="lawsuitContents"                type="stringLower"        indexed="true"  stored="true"  multiValued="true"   omitNorms="false"/>
    <field name="lawsuitTotalCount"              type="int"                indexed="true"  stored="true"  multiValued="false"  omitNorms="false"/>

    <!-- assignment -->
    <field name="assignmentAssignors"            type="nameEntityLower"    indexed="true"  stored="true"  multiValued="true"   omitNorms="false"/>
    <field name="assignmentAssignees"            type="nameEntityLower"    indexed="true"  stored="true"  multiValued="true"   omitNorms="false"/>
    <field name="assignmentAssigneeDates"        type="date"               indexed="true"  stored="true"  multiValued="true"   omitNorms="false"/>
    <field name="assignmentAssigneeCount"        type="int"                indexed="true"  stored="true"  multiValued="false"  omitNorms="false"/>
    <field name="assignmentLicensors"            type="nameEntityLower"    indexed="true"  stored="true"  multiValued="true"   omitNorms="false"/>
    <field name="assignmentLicensees"            type="nameEntityLower"    indexed="true"  stored="true"  multiValued="true"   omitNorms="false"/>
    <field name="assignmentLicenseeDates"        type="date"               indexed="true"  stored="true"  multiValued="true"   omitNorms="false"/>
    <field name="assignmentLicenseeCount"        type="int"                indexed="true"  stored="true"  multiValued="false"  omitNorms="false"/>
    <field name="assignmentMortgageCreditors"    type="nameEntityLower"    indexed="true"  stored="true"  multiValued="true"   omitNorms="false"/>
    <field name="assignmentMortgageApplicants"   type="nameEntityLower"    indexed="true"  stored="true"  multiValued="true"   omitNorms="false"/>
    <field name="assignmentMortgageApplicantDates" type="date"             indexed="true"  stored="true"  multiValued="true"   omitNorms="false"/>
    <field name="assignmentMortgageApplicantCount" type="int"              indexed="true"  stored="true"  multiValued="false"  omitNorms="false"/>

    <!-- litigation -->
    <field name="litigationCaseTypes"            type="stringLower"        indexed="true"  stored="true"  multiValued="true"   omitNorms="false"/>
    <field name="litigationCaseNumbers"          type="stringLower"        indexed="true"  stored="true"  multiValued="true"   omitNorms="false"/>
    <field name="litigationCaseNames"            type="textLower"          indexed="true"  stored="true"  multiValued="true"   omitNorms="false"/>
    <field name="litigationCaseStatus"           type="stringLower"        indexed="true"  stored="true"  multiValued="true"   omitNorms="false"/>
    <field name="litigationCounts"               type="textLower"          indexed="true"  stored="true"  multiValued="true"   omitNorms="false"/>
    <field name="litigationPleading"             type="textLower"          indexed="true"  stored="true"  multiValued="true"   omitNorms="false"/>
    <field name="litigationPleadingType"         type="stringLower"        indexed="true"  stored="true"  multiValued="true"   omitNorms="false"/>
    <field name="litigationFilingDates"          type="date"               indexed="true"  stored="true"  multiValued="true"   omitNorms="false"/>
    <field name="litigationPlaintiffs"           type="nameEntityLower"    indexed="true"  stored="true"  multiValued="true"   omitNorms="false"/>
    <field name="litigationDefendants"           type="nameEntityLower"    indexed="true"  stored="true"  multiValued="true"   omitNorms="false"/>
    <field name="litigationPlaintiffFirms"       type="nameEntityLower"    indexed="true"  stored="true"  multiValued="true"   omitNorms="false"/>
    <field name="litigationDefendantFirms"       type="nameEntityLower"    indexed="true"  stored="true"  multiValued="true"   omitNorms="false"/>
    <field name="litigationPatentValidity"       type="stringLower"        indexed="true"  stored="true"  multiValued="true"   omitNorms="false"/>
    <field name="litigationPatentInfringement"   type="stringLower"        indexed="true"  stored="true"  multiValued="true"   omitNorms="false"/>
    <field name="litigationContents"             type="stringLower"        indexed="false" stored="true"  multiValued="true"   omitNorms="true"/>
    <field name="litigationTotalCount"           type="int"                indexed="true"  stored="true"  multiValued="false"  omitNorms="false"/>

    <!--copy field-->
    <copyField source="id"                            dest="all"/>
    <copyField source="brief"                         dest="all"/>
    <copyField source="claim"                         dest="all"/>
    <copyField source="description"                   dest="all"/>
    <copyField source="title"                         dest="all"/>
    <copyField source="otherReferences"               dest="all"/>

    <copyField source="certificateNumberAll"          dest="patentNumberAll"/>
    <copyField source="decisionNumberAll"             dest="patentNumberAll"/>
    <copyField source="openNumberAll"                 dest="patentNumberAll"/>

    <copyField source="*NumberAll"                    dest="all"/>
    <copyField source="*Name"                         dest="all"/>
    <copyField source="*Address"                      dest="all"/>
    <copyField source="*Patents"                      dest="all"/>
    <copyField source="*Patent"                       dest="all"/>

    <copyField source="id"                            dest="allStem"/>
    <copyField source="brief"                         dest="allStem"/>
    <copyField source="claim"                         dest="allStem"/>
    <copyField source="description"                   dest="allStem"/>
    <copyField source="title"                         dest="allStem"/>
    <copyField source="otherReferences"               dest="allStem"/>

    <copyField source="*NumberAll"                    dest="allStem"/>
    <copyField source="*Name"                         dest="allStem"/>
    <copyField source="*Address"                      dest="allStem"/>
    <copyField source="*Patents"                      dest="allStem"/>
    <copyField source="*Patents"                      dest="allStem"/>
    <copyField source="*Patent"                       dest="allStem"/>

    <copyField source="*Name"                         dest="party"/>
    <copyField source="*Name"                         dest="partyStem"/>

    <copyField source="brief"                         dest="briefStem"/>
    <copyField source="title"                         dest="titleStem"/>
    <copyField source="claim"                         dest="claimStem"/>
    <copyField source="description"                   dest="descriptionStem"/>
    <copyField source="otherReferences"               dest="otherReferencesStem"/>

    <uniqueKey>ptopid</uniqueKey>

    <fieldType name="string" class="solr.StrField" positionIncrementGap="100"/>
    <fieldType name="boolean" class="solr.BoolField" sortMissingLast="true"/>
    <fieldType name="int" class="solr.TrieIntField" precisionStep="0" positionIncrementGap="0"/>
    <fieldType name="float" class="solr.TrieFloatField" precisionStep="0" positionIncrementGap="0"/>
    <fieldType name="long" class="solr.TrieLongField" precisionStep="0" positionIncrementGap="0"/>
    <fieldType name="double" class="solr.TrieDoubleField" precisionStep="0" positionIncrementGap="0"/>
    <fieldType name="tint" class="solr.TrieIntField" precisionStep="8" positionIncrementGap="0"/>
    <fieldType name="tfloat" class="solr.TrieFloatField" precisionStep="8" positionIncrementGap="0"/>
    <fieldType name="tlong" class="solr.TrieLongField" precisionStep="8" positionIncrementGap="0"/>
    <fieldType name="tdouble" class="solr.TrieDoubleField" precisionStep="8" positionIncrementGap="0"/>
    <fieldType name="date" class="solr.TrieDateField" precisionStep="0" positionIncrementGap="0"/>
    <fieldType name="tdate" class="solr.TrieDateField" precisionStep="6" positionIncrementGap="0"/>
    <fieldType name="binary" class="solr.BinaryField"/>
    <fieldType name="random" class="solr.RandomSortField" indexed="true" />

    <fieldType name="stringLower" class="solr.TextField" positionIncrementGap="100">
        <analyzer type="index">
            <charFilter class="solr.MappingCharFilterFactory" mapping="mapping-FoldToASCII.txt"/>
            <tokenizer class="solr.KeywordTokenizerFactory"/>
            <filter class="solr.TrimFilterFactory"/>
            <filter class="solr.LowerCaseFilterFactory"/>
            <!-- only use synonyms at query time -->
        </analyzer>
        <analyzer type="query">
            <charFilter class="solr.MappingCharFilterFactory" mapping="mapping-FoldToASCII.txt"/>
            <tokenizer class="solr.KeywordTokenizerFactory"/>
            <filter class="solr.TrimFilterFactory"/>
            <filter class="solr.LowerCaseFilterFactory"/>
            <filter class="solr.SynonymFilterFactory" synonyms="synonyms.txt" ignoreCase="true" expand="true"/>
            <filter class="solr.SynonymFilterFactory" synonyms="synonyms-zh-s2t.txt" ignoreCase="true" expand="true"/>
            <filter class="solr.SynonymFilterFactory" synonyms="synonyms-zh-ps2t.txt" ignoreCase="true" expand="true"/>
        </analyzer>
    </fieldType>


    <fieldType name="facet" class="solr.TextField" positionIncrementGap="100">
        <analyzer type="index">
            <charFilter class="solr.MappingCharFilterFactory" mapping="mapping-FoldToASCII.txt"/>
            <charFilter class="solr.PatternReplaceCharFilterFactory" pattern="&quot;" replacement=""/>
            <tokenizer class="solr.KeywordTokenizerFactory"/>
            <filter class="solr.TrimFilterFactory"/>
            <filter class="solr.LowerCaseFilterFactory"/>
            <!-- only use synonyms at query time -->
        </analyzer>
        <analyzer type="query">
            <charFilter class="solr.MappingCharFilterFactory" mapping="mapping-FoldToASCII.txt"/>
            <charFilter class="solr.PatternReplaceCharFilterFactory" pattern="&quot;" replacement=""/>
            <tokenizer class="solr.KeywordTokenizerFactory"/>
            <filter class="solr.TrimFilterFactory"/>
            <filter class="solr.LowerCaseFilterFactory"/>
            <filter class="solr.SynonymFilterFactory" synonyms="synonyms.txt" ignoreCase="true" expand="true"/>
            <filter class="solr.SynonymFilterFactory" synonyms="synonyms-zh-s2t.txt" ignoreCase="true" expand="true"/>
            <filter class="solr.SynonymFilterFactory" synonyms="synonyms-zh-ps2t.txt" ignoreCase="true" expand="true"/>
        </analyzer>
    </fieldType>

    <fieldType name="nameEntityLower" class="solr.TextField" positionIncrementGap="100">
        <analyzer type="index">
            <charFilter class="solr.PatternReplaceCharFilterFactory" pattern="(\W)\$(date|oid)(\W)" replacement="$1__$2__$3"/>
            <charFilter class="solr.PatternReplaceCharFilterFactory" pattern="(\W)(_id|pto|appDate|decisionDate|openDate|appNumber|decisionNumber|openNumber|patentNumber|kindcode|type|stat|doDate|origin|en|zhTW|zhCN|jp|kr|fr|de|ru|es)(\W\s*:)" replacement="$1__$2__$3"/>
            <charFilter class="solr.PatternReplaceCharFilterFactory" pattern="(\W\d\d\d\d-\d\d-\d\d)T00:00:00.000Z(\W)" replacement="$1$2"/>
            <charFilter class="solr.MappingCharFilterFactory" mapping="mapping-FoldToASCII.txt"/>
            <charFilter class="solr.HTMLStripCharFilterFactory"/>
            <tokenizer class="solr.StandardTokenizerFactory"/>
            <filter class="solr.TrimFilterFactory"/>
            <filter class="solr.LowerCaseFilterFactory"/>
            <filter class="solr.StopFilterFactory" ignoreCase="true" words="stopwords_mongo.txt"/>
            <filter class="solr.DelimitedPayloadTokenFilterFactory" encoder="float"/>
            <filter class="solr.RemoveDuplicatesTokenFilterFactory"/>
        </analyzer>
        <analyzer type="query">
            <charFilter class="solr.MappingCharFilterFactory" mapping="mapping-FoldToASCII.txt"/>
            <charFilter class="solr.HTMLStripCharFilterFactory"/>
            <tokenizer class="solr.StandardTokenizerFactory"/>
            <filter class="solr.TrimFilterFactory"/>
            <filter class="solr.LowerCaseFilterFactory"/>
            <filter class="solr.DelimitedPayloadTokenFilterFactory" encoder="float"/>
            <filter class="solr.RemoveDuplicatesTokenFilterFactory"/>
            <filter class="solr.SynonymFilterFactory" synonyms="synonyms.txt" ignoreCase="true" expand="true"/>
            <filter class="solr.SynonymFilterFactory" synonyms="synonyms-zh-s2t.txt" ignoreCase="true" expand="true"/>
            <filter class="solr.SynonymFilterFactory" synonyms="synonyms-zh-ps2t.txt" ignoreCase="true" expand="true"/>
        </analyzer>
    </fieldType>

    <fieldType name="textLowerStem" class="solr.TextField" positionIncrementGap="100">
        <analyzer type="index">
            <charFilter class="solr.PatternReplaceCharFilterFactory" pattern="(\W)\$(date|oid)(\W)" replacement="$1__$2__$3"/>
            <charFilter class="solr.PatternReplaceCharFilterFactory" pattern="(\W)(_id|pto|appDate|decisionDate|openDate|appNumber|decisionNumber|openNumber|patentNumber|kindcode|type|stat|doDate|origin|en|zhTW|zhCN|jp|kr|fr|de|ru|es)(\W\s*:)" replacement="$1__$2__$3"/>
            <charFilter class="solr.PatternReplaceCharFilterFactory" pattern="(\W\d\d\d\d-\d\d-\d\d)T00:00:00.000Z(\W)" replacement="$1$2"/>
            <charFilter class="solr.MappingCharFilterFactory" mapping="mapping-FoldToASCII.txt"/>
            <charFilter class="solr.HTMLStripCharFilterFactory"/>
            <tokenizer class="solr.StandardTokenizerFactory"/>
            <filter class="solr.TrimFilterFactory"/>
            <filter class="solr.LowerCaseFilterFactory"/>
            <filter class="solr.StopFilterFactory" ignoreCase="true" words="stopwords_mongo.txt"/>
            <filter class="solr.StopFilterFactory" ignoreCase="true" words="stopwords_en.txt"/>
            <filter class="solr.DelimitedPayloadTokenFilterFactory" encoder="float"/>
            <filter class="solr.RemoveDuplicatesTokenFilterFactory"/>
            <filter class="solr.SnowballPorterFilterFactory" language="English" />
        </analyzer>
        <analyzer type="query">
            <charFilter class="solr.MappingCharFilterFactory" mapping="mapping-FoldToASCII.txt"/>
            <charFilter class="solr.HTMLStripCharFilterFactory"/>
            <tokenizer class="solr.StandardTokenizerFactory"/>
            <filter class="solr.TrimFilterFactory"/>
            <filter class="solr.LowerCaseFilterFactory"/>
            <filter class="solr.StopFilterFactory" ignoreCase="true" words="stopwords_en.txt"/>
            <filter class="solr.DelimitedPayloadTokenFilterFactory" encoder="float"/>
            <filter class="solr.RemoveDuplicatesTokenFilterFactory"/>
            <filter class="solr.SynonymFilterFactory" synonyms="synonyms.txt" ignoreCase="true" expand="true"/>
            <filter class="solr.SynonymFilterFactory" synonyms="synonyms-zh-s2t.txt" ignoreCase="true" expand="true"/>
            <filter class="solr.SynonymFilterFactory" synonyms="synonyms-zh-ps2t.txt" ignoreCase="true" expand="true"/>
            <filter class="solr.SnowballPorterFilterFactory" language="English" />
        </analyzer>
    </fieldType>

    <fieldType name="textLower" class="solr.TextField" positionIncrementGap="100">
        <analyzer type="index">
            <charFilter class="solr.PatternReplaceCharFilterFactory" pattern="(\W)\$(date|oid)(\W)" replacement="$1__$2__$3"/>
            <charFilter class="solr.PatternReplaceCharFilterFactory" pattern="(\W)(_id|pto|appDate|decisionDate|openDate|appNumber|decisionNumber|openNumber|patentNumber|kindcode|type|stat|doDate|origin|en|zhTW|zhCN|jp|kr|fr|de|ru|es)(\W\s*:)" replacement="$1__$2__$3"/>
            <charFilter class="solr.PatternReplaceCharFilterFactory" pattern="(\W\d\d\d\d-\d\d-\d\d)T00:00:00.000Z(\W)" replacement="$1$2"/>
            <charFilter class="solr.MappingCharFilterFactory" mapping="mapping-FoldToASCII.txt"/>
            <charFilter class="solr.HTMLStripCharFilterFactory"/>
            <tokenizer class="solr.StandardTokenizerFactory"/>
            <filter class="solr.TrimFilterFactory"/>
            <filter class="solr.LowerCaseFilterFactory"/>
            <filter class="solr.StopFilterFactory" ignoreCase="true" words="stopwords_mongo.txt"/>
            <filter class="solr.StopFilterFactory" ignoreCase="true" words="stopwords_en.txt"/>
            <filter class="solr.DelimitedPayloadTokenFilterFactory" encoder="float"/>
            <filter class="solr.RemoveDuplicatesTokenFilterFactory"/>
        </analyzer>
        <analyzer type="query">
            <charFilter class="solr.MappingCharFilterFactory" mapping="mapping-FoldToASCII.txt"/>
            <charFilter class="solr.HTMLStripCharFilterFactory"/>
            <tokenizer class="solr.StandardTokenizerFactory"/>
            <filter class="solr.TrimFilterFactory"/>
            <filter class="solr.LowerCaseFilterFactory"/>
            <filter class="solr.StopFilterFactory" ignoreCase="true" words="stopwords_en.txt"/>
            <filter class="solr.DelimitedPayloadTokenFilterFactory" encoder="float"/>
            <filter class="solr.RemoveDuplicatesTokenFilterFactory"/>
            <filter class="solr.SynonymFilterFactory" synonyms="synonyms.txt" ignoreCase="true" expand="true"/>
            <filter class="solr.SynonymFilterFactory" synonyms="synonyms-zh-s2t.txt" ignoreCase="true" expand="true"/>
            <filter class="solr.SynonymFilterFactory" synonyms="synonyms-zh-ps2t.txt" ignoreCase="true" expand="true"/>
        </analyzer>
    </fieldType>

    <fieldType name="lowercase" class="solr.TextField" positionIncrementGap="100">
      <analyzer>
        <tokenizer class="solr.KeywordTokenizerFactory"/>
        <filter class="solr.LowerCaseFilterFactory" />
      </analyzer>
    </fieldType>
    <fieldType name="ignored" stored="false" indexed="false" multiValued="true" class="solr.StrField" />
    <fieldType name="point" class="solr.PointType" dimension="2" subFieldSuffix="_d"/>
    <fieldType name="location" class="solr.LatLonType" subFieldSuffix="_coordinate"/>
    <fieldType name="location_rpt" class="solr.SpatialRecursivePrefixTreeFieldType"
        geo="true" distErrPct="0.025" maxDistErr="0.001" distanceUnits="kilometers" />
    <fieldType name="bbox" class="solr.BBoxField"
               geo="true" distanceUnits="kilometers" numberType="_bbox_coord" />
    <fieldType name="_bbox_coord" class="solr.TrieDoubleField" precisionStep="8" docValues="true" stored="false"/>
    <fieldType name="currency" class="solr.CurrencyField" precisionStep="8" defaultCurrency="USD" currencyConfig="currency.xml" />

</schema>
