<?xml version="1.0" encoding="utf-8"?>
<!DOCTYPE hibernate-configuration PUBLIC
"-//Hibernate/Hibernate Configuration DTD 3.0//EN"
"http://www.hibernate.org/dtd/hibernate-configuration-3.0.dtd">
<hibernate-configuration>
    <session-factory>
        
        <!-- origin setting -->
        <property name="hibernate.bytecode.use_reflection_optimizer">false</property>
        <property name="hibernate.connection.driver_class">org.postgresql.Driver</property>
        <property name="hibernate.connection.password">patentdata</property>
        <property name="hibernate.connection.url">jdbc:postgresql://10.60.90.47:5432/patentdata</property>
        <property name="hibernate.connection.username">patentdata</property>
        <property name="hibernate.default_schema">public</property>
        <property name="hibernate.dialect">org.hibernate.dialect.PostgreSQLDialect</property>
        <property name="hibernate.dataSource.cachePrepStmts">true</property>
        <property name="hibernate.dataSource.prepStmtCacheSize">250</property>
        <property name="hibernate.dataSource.prepStmtCacheSqlLimit">2048</property>
        
        <mapping class="com.patentdata.model.ZooBookStore" />
        
    </session-factory>
</hibernate-configuration>
