﻿<?xml version="1.0" encoding="utf-8"?>
<!-- Copyright ©2015 LexisNexis Univentio, The Netherlands. -->
<lexisnexis-patent-document schema-version="1.13" date-produced="20150611" file="US8479319B1.xml" produced-by="LexisNexis-Univentio" lang="eng" date-inserted="20130709" time-inserted="043925" date-changed="20150126" time-changed="032203">
  <bibliographic-data lang="eng">
    <publication-reference publ-type="Grant" publ-desc="Patent without a pre-grant publication">
      <document-id>
        <country>US</country>
        <doc-number>8479319</doc-number>
        <kind>B1</kind>
        <date>20130709</date>
      </document-id>
    </publication-reference>
    <application-reference appl-type="utility">
      <document-id>
        <country>US</country>
        <doc-number>13251257</doc-number>
        <date>20111002</date>
      </document-id>
    </application-reference>
    <application-series-code>13</application-series-code>
    <language-of-filing>eng</language-of-filing>
    <language-of-publication>eng</language-of-publication>
    <priority-claims>
      <priority-claim sequence="1" generated="true" kind="national">
        <country>US</country>
        <doc-number>13251257</doc-number>
        <kind>A</kind>
        <date>20111002</date>
      </priority-claim>
    </priority-claims>
    <dates-of-public-availability date-changed="20130718">
      <printed-with-grant>
        <date>20130709</date>
      </printed-with-grant>
    </dates-of-public-availability>
    <term-of-grant>
      <us-term-extension>10</us-term-extension>
    </term-of-grant>
    <classifications-ipcr date-changed="20130922">
      <classification-ipcr sequence="1">
        <text>A42B   1/18        20060101AFI20130709BHUS        </text>
        <ipc-version-indicator>
          <date>20060101</date>
        </ipc-version-indicator>
        <classification-level>A</classification-level>
        <section>A</section>
        <class>42</class>
        <subclass>B</subclass>
        <main-group>1</main-group>
        <subgroup>18</subgroup>
        <symbol-position>F</symbol-position>
        <classification-value>I</classification-value>
        <action-date>
          <date>20130709</date>
        </action-date>
        <generating-office>
          <country>US</country>
        </generating-office>
        <classification-status>B</classification-status>
        <classification-data-source>H</classification-data-source>
      </classification-ipcr>
    </classifications-ipcr>
    <classifications-cpc date-changed="20130922">
      <classification-cpc sequence="1">
        <text>A42B   1/067       20130101 FI20130101BHEP        </text>
        <cpc-version-indicator>
          <date>20130101</date>
        </cpc-version-indicator>
        <section>A</section>
        <class>42</class>
        <subclass>B</subclass>
        <main-group>1</main-group>
        <subgroup>067</subgroup>
        <symbol-position>F</symbol-position>
        <classification-value>I</classification-value>
        <action-date>
          <date>20130101</date>
        </action-date>
        <generating-office>
          <country>EP</country>
        </generating-office>
        <classification-status>B</classification-status>
        <classification-data-source>H</classification-data-source>
      </classification-cpc>
      <classification-cpc sequence="2">
        <text>A42B   1/206       20130101 LI20130101BHEP        </text>
        <cpc-version-indicator>
          <date>20130101</date>
        </cpc-version-indicator>
        <section>A</section>
        <class>42</class>
        <subclass>B</subclass>
        <main-group>1</main-group>
        <subgroup>206</subgroup>
        <symbol-position>L</symbol-position>
        <classification-value>I</classification-value>
        <action-date>
          <date>20130101</date>
        </action-date>
        <generating-office>
          <country>EP</country>
        </generating-office>
        <classification-status>B</classification-status>
        <classification-data-source>H</classification-data-source>
      </classification-cpc>
    </classifications-cpc>
    <classification-national date-changed="20130922">
      <country>US</country>
      <main-classification>
        <text>2/175.6</text>
        <class>2</class>
        <subclass>175.6</subclass>
      </main-classification>
      <further-classification sequence="1">
        <text>2/172</text>
        <class>2</class>
        <subclass>172</subclass>
      </further-classification>
      <further-classification sequence="2">
        <text>2/184.5</text>
        <class>2</class>
        <subclass>184.5</subclass>
      </further-classification>
      <further-classification sequence="3">
        <text>2/195.1</text>
        <class>2</class>
        <subclass>195.1</subclass>
      </further-classification>
      <further-classification sequence="4">
        <text>2/209.11</text>
        <class>2</class>
        <subclass>209.11</subclass>
      </further-classification>
    </classification-national>
    <field-of-search date-changed="20130709">
      <classification-national>
        <country>US</country>
        <main-classification>
          <text>2/172</text>
          <class>2</class>
          <subclass>172</subclass>
        </main-classification>
      </classification-national>
      <classification-national>
        <country>US</country>
        <main-classification>
          <text>2/184.5</text>
          <class>2</class>
          <subclass>184.5</subclass>
        </main-classification>
      </classification-national>
      <classification-national>
        <country>US</country>
        <main-classification>
          <text>2/202</text>
          <class>2</class>
          <subclass>202</subclass>
        </main-classification>
      </classification-national>
      <classification-national>
        <country>US</country>
        <main-classification>
          <text>2/205</text>
          <class>2</class>
          <subclass>205</subclass>
        </main-classification>
      </classification-national>
      <classification-national>
        <country>US</country>
        <main-classification>
          <text>2/207</text>
          <class>2</class>
          <subclass>207</subclass>
        </main-classification>
      </classification-national>
      <classification-national>
        <country>US</country>
        <main-classification>
          <text>2/209.11</text>
          <class>2</class>
          <subclass>209.11</subclass>
        </main-classification>
      </classification-national>
      <classification-national>
        <country>US</country>
        <main-classification>
          <text>2/209.12</text>
          <class>2</class>
          <subclass>209.12</subclass>
        </main-classification>
      </classification-national>
      <classification-national>
        <country>US</country>
        <main-classification>
          <text>2/209.13</text>
          <class>2</class>
          <subclass>209.13</subclass>
        </main-classification>
      </classification-national>
      <classification-national>
        <country>US</country>
        <main-classification>
          <text>2/175.6</text>
          <class>2</class>
          <subclass>175.6</subclass>
        </main-classification>
      </classification-national>
      <classification-national>
        <country>US</country>
        <main-classification>
          <text>2/195.1</text>
          <class>2</class>
          <subclass>195.1</subclass>
        </main-classification>
      </classification-national>
      <classification-national>
        <country>US</country>
        <main-classification>
          <text>D02/866</text>
          <class>D02</class>
          <subclass>866</subclass>
        </main-classification>
      </classification-national>
      <classification-national>
        <country>US</country>
        <main-classification>
          <text>D02/867</text>
          <class>D02</class>
          <subclass>867</subclass>
        </main-classification>
      </classification-national>
      <classification-national>
        <country>US</country>
        <main-classification>
          <text>D02/892</text>
          <class>D02</class>
          <subclass>892</subclass>
        </main-classification>
      </classification-national>
      <classification-national>
        <country>US</country>
        <main-classification>
          <text>D02/895</text>
          <class>D02</class>
          <subclass>895</subclass>
        </main-classification>
      </classification-national>
    </field-of-search>
    <number-of-claims>4</number-of-claims>
    <exemplary-claim>1</exemplary-claim>
    <invention-title id="title_eng" date-changed="20130709" lang="eng" format="original">Method for using a head covering apparatus</invention-title>
    <references-cited date-changed="20150519">
      <patent-citations name="patcit" date-changed="20130709" />
      <citation srep-phase="e">
        <patcit num="1" dnum="US128780A" dnum-type="publication number">
          <document-id>
            <country>US</country>
            <doc-number>128780</doc-number>
            <kind>A</kind>
            <name>Battle</name>
            <date>18720709</date>
          </document-id>
        </patcit>
        <classification-national>
          <country>US</country>
          <main-classification>
            <text>2/10</text>
            <class>2</class>
            <subclass>10</subclass>
          </main-classification>
        </classification-national>
      </citation>
      <citation srep-phase="e">
        <patcit num="2" dnum="US437807A" dnum-type="publication number">
          <document-id>
            <country>US</country>
            <doc-number>437807</doc-number>
            <kind>A</kind>
            <name>Wustemann</name>
            <date>18901007</date>
          </document-id>
          <application-date>
            <date>18891216</date>
          </application-date>
        </patcit>
        <classification-national>
          <country>US</country>
          <main-classification>
            <text>2/181.2</text>
            <class>2</class>
            <subclass>181.2</subclass>
          </main-classification>
        </classification-national>
      </citation>
      <citation srep-phase="1">
        <patcit num="3" dnum="US1615780A" dnum-type="publication number">
          <document-id>
            <country>US</country>
            <doc-number>1615780</doc-number>
            <kind>A</kind>
            <name>Wesala</name>
            <date>19270125</date>
          </document-id>
          <application-date>
            <date>19241113</date>
          </application-date>
        </patcit>
      </citation>
      <citation srep-phase="1">
        <patcit num="4" dnum="US1706205A" dnum-type="publication number">
          <document-id>
            <country>US</country>
            <doc-number>1706205</doc-number>
            <kind>A</kind>
            <name>Alonzo</name>
            <date>19290319</date>
          </document-id>
          <application-date>
            <date>19270718</date>
          </application-date>
        </patcit>
        <classification-national>
          <country>US</country>
          <main-classification>
            <text>2/172</text>
            <class>2</class>
            <subclass>172</subclass>
          </main-classification>
        </classification-national>
      </citation>
      <citation srep-phase="1">
        <patcit num="5" dnum="US2897510A" dnum-type="publication number">
          <document-id>
            <country>US</country>
            <doc-number>2897510</doc-number>
            <kind>A</kind>
            <name>Forbes</name>
            <date>19590804</date>
          </document-id>
          <application-date>
            <date>19550815</date>
          </application-date>
        </patcit>
        <classification-national>
          <country>US</country>
          <main-classification>
            <text>2/172</text>
            <class>2</class>
            <subclass>172</subclass>
          </main-classification>
        </classification-national>
      </citation>
      <citation srep-phase="1">
        <patcit num="6" dnum="US3166766A" dnum-type="publication number">
          <document-id>
            <country>US</country>
            <doc-number>3166766</doc-number>
            <kind>A</kind>
            <name>Banello, Jr.</name>
            <date>19650126</date>
          </document-id>
          <application-date>
            <date>19640130</date>
          </application-date>
        </patcit>
      </citation>
      <citation srep-phase="1">
        <patcit num="7" dnum="US3469264A" dnum-type="publication number">
          <document-id>
            <country>US</country>
            <doc-number>3469264</doc-number>
            <kind>A</kind>
            <name>Harris</name>
            <date>19690930</date>
          </document-id>
          <application-date>
            <date>19660517</date>
          </application-date>
        </patcit>
      </citation>
      <citation srep-phase="1">
        <patcit num="8" dnum="US4312076A" dnum-type="publication number">
          <document-id>
            <country>US</country>
            <doc-number>4312076</doc-number>
            <kind>A</kind>
            <name>Gamm</name>
            <date>19820126</date>
          </document-id>
          <application-date>
            <date>19801009</date>
          </application-date>
        </patcit>
      </citation>
      <citation srep-phase="e">
        <patcit num="9" dnum="US5406645A" dnum-type="publication number">
          <document-id>
            <country>US</country>
            <doc-number>5406645</doc-number>
            <kind>A</kind>
            <name>Lin</name>
            <date>19950418</date>
          </document-id>
          <application-date>
            <date>19930702</date>
          </application-date>
        </patcit>
        <classification-national>
          <country>US</country>
          <main-classification>
            <text>2/10</text>
            <class>2</class>
            <subclass>10</subclass>
          </main-classification>
        </classification-national>
      </citation>
      <citation srep-phase="1">
        <patcit num="10" dnum="USD381191S" dnum-type="publication number">
          <document-id>
            <country>US</country>
            <doc-number>D0381191</doc-number>
            <kind>S</kind>
            <name>Monkhouse et al.</name>
            <date>19970722</date>
          </document-id>
          <application-date>
            <date>19950929</date>
          </application-date>
        </patcit>
      </citation>
      <citation srep-phase="1">
        <patcit num="11" dnum="US5659896A" dnum-type="publication number">
          <document-id>
            <country>US</country>
            <doc-number>5659896</doc-number>
            <kind>A</kind>
            <name>Taylor</name>
            <date>19970826</date>
          </document-id>
          <application-date>
            <date>19950926</date>
          </application-date>
        </patcit>
        <classification-national>
          <country>US</country>
          <main-classification>
            <text>2/12</text>
            <class>2</class>
            <subclass>12</subclass>
          </main-classification>
        </classification-national>
      </citation>
      <citation srep-phase="1">
        <patcit num="12" dnum="US5694648A" dnum-type="publication number">
          <document-id>
            <country>US</country>
            <doc-number>5694648</doc-number>
            <kind>A</kind>
            <name>Nucifora</name>
            <date>19971209</date>
          </document-id>
          <application-date>
            <date>19940913</date>
          </application-date>
        </patcit>
      </citation>
      <citation srep-phase="e">
        <patcit num="13" dnum="US5862520A" dnum-type="publication number">
          <document-id>
            <country>US</country>
            <doc-number>5862520</doc-number>
            <kind>A</kind>
            <name>Wyant</name>
            <date>19990126</date>
          </document-id>
          <application-date>
            <date>19970804</date>
          </application-date>
        </patcit>
        <classification-national>
          <country>US</country>
          <main-classification>
            <text>2/10</text>
            <class>2</class>
            <subclass>10</subclass>
          </main-classification>
        </classification-national>
      </citation>
      <citation srep-phase="1">
        <patcit num="14" dnum="US5875493A" dnum-type="publication number">
          <document-id>
            <country>US</country>
            <doc-number>5875493</doc-number>
            <kind>A</kind>
            <name>MacDonald et al.</name>
            <date>19990302</date>
          </document-id>
          <application-date>
            <date>19961119</date>
          </application-date>
        </patcit>
      </citation>
      <citation srep-phase="1">
        <patcit num="15" dnum="USD413426S" dnum-type="publication number">
          <document-id>
            <country>US</country>
            <doc-number>D0413426</doc-number>
            <kind>S</kind>
            <name>Lape</name>
            <date>19990907</date>
          </document-id>
          <application-date>
            <date>19980722</date>
          </application-date>
        </patcit>
        <classification-national>
          <country>US</country>
          <main-classification>
            <text>D02/882</text>
            <class>D02</class>
            <subclass>882</subclass>
          </main-classification>
        </classification-national>
      </citation>
      <citation srep-phase="e">
        <patcit num="16" dnum="US6052830A" dnum-type="publication number">
          <document-id>
            <country>US</country>
            <doc-number>6052830</doc-number>
            <kind>A</kind>
            <name>Payne</name>
            <date>20000425</date>
          </document-id>
          <application-date>
            <date>19990105</date>
          </application-date>
        </patcit>
        <classification-national>
          <country>US</country>
          <main-classification>
            <text>2/171.1</text>
            <class>2</class>
            <subclass>171.1</subclass>
          </main-classification>
        </classification-national>
      </citation>
      <citation srep-phase="1">
        <patcit num="17" dnum="US6131201A" dnum-type="publication number">
          <document-id>
            <country>US</country>
            <doc-number>6131201</doc-number>
            <kind>A</kind>
            <name>Chu</name>
            <date>20001017</date>
          </document-id>
          <application-date>
            <date>19990706</date>
          </application-date>
        </patcit>
      </citation>
      <citation srep-phase="1">
        <patcit num="18" dnum="US6260204B1" dnum-type="publication number">
          <document-id>
            <country>US</country>
            <doc-number>6260204</doc-number>
            <kind>B1</kind>
            <name>Morrissey</name>
            <date>20010717</date>
          </document-id>
          <application-date>
            <date>20000313</date>
          </application-date>
        </patcit>
        <classification-national>
          <country>US</country>
          <main-classification>
            <text>2/172</text>
            <class>2</class>
            <subclass>172</subclass>
          </main-classification>
        </classification-national>
      </citation>
      <citation srep-phase="1">
        <patcit num="19" dnum="US6317892B1" dnum-type="publication number">
          <document-id>
            <country>US</country>
            <doc-number>6317892</doc-number>
            <kind>B1</kind>
            <name>Galigani</name>
            <date>20011120</date>
          </document-id>
          <application-date>
            <date>20000330</date>
          </application-date>
        </patcit>
      </citation>
      <citation srep-phase="1">
        <patcit num="20" dnum="US6808146B2" dnum-type="publication number">
          <document-id>
            <country>US</country>
            <doc-number>6808146</doc-number>
            <kind>B2</kind>
            <name>Swan</name>
            <date>20041026</date>
          </document-id>
          <application-date>
            <date>20020531</date>
          </application-date>
        </patcit>
      </citation>
      <citation srep-phase="e">
        <patcit num="21" dnum="USD504004S" dnum-type="publication number">
          <document-id>
            <country>US</country>
            <doc-number>D0504004</doc-number>
            <kind>S</kind>
            <name>Cashin</name>
            <date>20050419</date>
          </document-id>
          <application-date>
            <date>20030409</date>
          </application-date>
        </patcit>
        <classification-national>
          <country>US</country>
          <main-classification>
            <text>D02/891</text>
            <class>D02</class>
            <subclass>891</subclass>
          </main-classification>
        </classification-national>
      </citation>
      <citation srep-phase="e">
        <patcit num="22" dnum="US6996852B1" dnum-type="publication number">
          <document-id>
            <country>US</country>
            <doc-number>6996852</doc-number>
            <kind>B1</kind>
            <name>Cabrera</name>
            <date>20060214</date>
          </document-id>
          <application-date>
            <date>20030818</date>
          </application-date>
        </patcit>
        <classification-national>
          <country>US</country>
          <main-classification>
            <text>2/172</text>
            <class>2</class>
            <subclass>172</subclass>
          </main-classification>
        </classification-national>
      </citation>
      <citation srep-phase="1">
        <patcit num="23" dnum="US7310829B1" dnum-type="publication number">
          <document-id>
            <country>US</country>
            <doc-number>7310829</doc-number>
            <kind>B1</kind>
            <name>Engel-Wilson</name>
            <date>20071225</date>
          </document-id>
          <application-date>
            <date>20051214</date>
          </application-date>
        </patcit>
        <classification-national>
          <country>US</country>
          <main-classification>
            <text>2/209.13</text>
            <class>2</class>
            <subclass>209.13</subclass>
          </main-classification>
        </classification-national>
      </citation>
      <citation srep-phase="e">
        <patcit num="24" dnum="US7406721B2" dnum-type="publication number">
          <document-id>
            <country>US</country>
            <doc-number>7406721</doc-number>
            <kind>B2</kind>
            <name>Husbands et al.</name>
            <date>20080805</date>
          </document-id>
          <application-date>
            <date>20060316</date>
          </application-date>
        </patcit>
        <classification-national>
          <country>US</country>
          <main-classification>
            <text>2/172</text>
            <class>2</class>
            <subclass>172</subclass>
          </main-classification>
        </classification-national>
      </citation>
      <citation srep-phase="e">
        <patcit num="25" dnum="US2008/0016602A1" dnum-type="publication number">
          <document-id>
            <country>US</country>
            <doc-number>20080016602</doc-number>
            <kind>A1</kind>
            <name>Baldwin</name>
            <date>20080124</date>
          </document-id>
          <application-date>
            <date>20070720</date>
          </application-date>
        </patcit>
        <classification-national>
          <country>US</country>
          <main-classification>
            <text>2/209.13</text>
            <class>2</class>
            <subclass>209.13</subclass>
          </main-classification>
        </classification-national>
      </citation>
      <citation srep-phase="1">
        <patcit num="26" dnum="US2008/0066216A1" dnum-type="publication number">
          <document-id>
            <country>US</country>
            <doc-number>20080066216</doc-number>
            <kind>A1</kind>
            <name>Yun</name>
            <date>20080320</date>
          </document-id>
          <application-date>
            <date>20070912</date>
          </application-date>
        </patcit>
      </citation>
      <citation></citation>
      <citation></citation>
    </references-cited>
    <related-documents date-changed="20130709">
      <division>
        <relation>
          <parent-doc>
            <document-id>
              <country>US</country>
              <doc-number>12495466</doc-number>
              <date>20090630</date>
            </document-id>
            <document-id data-format="original">
              <country>US</country>
              <doc-number>12495466</doc-number>
              <date>20090630</date>
            </document-id>
            <parent-status>GRANTED</parent-status>
            <parent-grant-document>
              <document-id>
                <country>US</country>
                <doc-number>8051497</doc-number>
              </document-id>
              <document-id data-format="original">
                <country>US</country>
                <doc-number>8051497</doc-number>
              </document-id>
            </parent-grant-document>
          </parent-doc>
          <child-doc>
            <document-id>
              <country>US</country>
              <doc-number>13251257</doc-number>
            </document-id>
            <document-id data-format="original">
              <country>US</country>
              <doc-number>13251257</doc-number>
            </document-id>
          </child-doc>
        </relation>
      </division>
      <provisional-application>
        <document-id>
          <country>US</country>
          <doc-number>61102905</doc-number>
          <date>20081006</date>
        </document-id>
        <document-id data-format="original">
          <country>US</country>
          <doc-number>61102905</doc-number>
          <date>20081006</date>
        </document-id>
      </provisional-application>
    </related-documents>
    <parties date-changed="20130709">
      <applicants>
        <applicant sequence="1" app-type="applicant" designation="us-only">
          <addressbook lang="eng">
            <last-name>Erhardt</last-name>
            <first-name>James C.</first-name>
            <address>
              <city>Okeana</city>
              <state>OH</state>
              <country>US</country>
            </address>
          </addressbook>
          <residence>
            <country>US</country>
          </residence>
        </applicant>
      </applicants>
      <inventors>
        <inventor sequence="1" designation="us-only">
          <addressbook lang="eng">
            <last-name>Erhardt</last-name>
            <first-name>James C.</first-name>
            <address>
              <city>Okeana</city>
              <state>OH</state>
              <country>US</country>
            </address>
          </addressbook>
        </inventor>
      </inventors>
      <agents>
        <agent sequence="1" rep-type="attorney">
          <addressbook lang="eng">
            <last-name>Gribbell</last-name>
            <first-name>Frederick H.</first-name>
          </addressbook>
        </agent>
      </agents>
    </parties>
    <examiners>
      <primary-examiner>
        <last-name>Huynh</last-name>
        <first-name>Khoa</first-name>
        <department>3765</department>
      </primary-examiner>
      <assistant-examiner>
        <last-name>Haden</last-name>
        <first-name>Sally</first-name>
      </assistant-examiner>
    </examiners>
  </bibliographic-data>
</lexisnexis-patent-document>