﻿<?xml version="1.0" encoding="utf-8"?>
<!-- Copyright ©2015 LexisNexis Univentio, The Netherlands. -->
<lexisnexis-patent-document schema-version="1.13" date-produced="20150611" file="US8968331B1.xml" produced-by="LexisNexis-Univentio" lang="eng" date-inserted="20150303" time-inserted="033704" date-changed="20150407" time-changed="123643">
  <bibliographic-data lang="eng">
    <publication-reference publ-type="Grant" publ-desc="Patent without a pre-grant publication">
      <document-id>
        <country>US</country>
        <doc-number>8968331</doc-number>
        <kind>B1</kind>
        <date>20150303</date>
      </document-id>
    </publication-reference>
    <application-reference appl-type="utility">
      <document-id>
        <country>US</country>
        <doc-number>12766867</doc-number>
        <date>20100424</date>
      </document-id>
    </application-reference>
    <application-series-code>12</application-series-code>
    <language-of-filing>eng</language-of-filing>
    <language-of-publication>eng</language-of-publication>
    <priority-claims>
      <priority-claim sequence="1" generated="true" kind="national">
        <country>US</country>
        <doc-number>12766867</doc-number>
        <date>20100424</date>
      </priority-claim>
    </priority-claims>
    <dates-of-public-availability date-changed="20150312">
      <printed-with-grant>
        <date>20150303</date>
      </printed-with-grant>
    </dates-of-public-availability>
    <term-of-grant>
      <us-term-extension>1349</us-term-extension>
    </term-of-grant>
    <classifications-ipcr date-changed="20150407">
      <classification-ipcr sequence="1">
        <text>A61B  19/00        20060101AFI20150303BHUS        </text>
        <ipc-version-indicator>
          <date>20060101</date>
        </ipc-version-indicator>
        <classification-level>A</classification-level>
        <section>A</section>
        <class>61</class>
        <subclass>B</subclass>
        <main-group>19</main-group>
        <subgroup>00</subgroup>
        <symbol-position>F</symbol-position>
        <classification-value>I</classification-value>
        <action-date>
          <date>20150303</date>
        </action-date>
        <generating-office>
          <country>US</country>
        </generating-office>
        <classification-status>B</classification-status>
        <classification-data-source>H</classification-data-source>
      </classification-ipcr>
    </classifications-ipcr>
    <classifications-cpc date-changed="20150407">
      <classification-cpc sequence="1">
        <text>A61B  19/00        20130101 FI20150402BHEP        </text>
        <cpc-version-indicator>
          <date>20130101</date>
        </cpc-version-indicator>
        <section>A</section>
        <class>61</class>
        <subclass>B</subclass>
        <main-group>19</main-group>
        <subgroup>00</subgroup>
        <symbol-position>F</symbol-position>
        <classification-value>I</classification-value>
        <action-date>
          <date>20150402</date>
        </action-date>
        <generating-office>
          <country>EP</country>
        </generating-office>
        <classification-status>B</classification-status>
        <classification-data-source>H</classification-data-source>
      </classification-cpc>
    </classifications-cpc>
    <classification-national date-changed="20150407">
      <country>US</country>
      <main-classification>
        <text>606/129</text>
        <class>606</class>
        <subclass>129</subclass>
      </main-classification>
    </classification-national>
    <field-of-search date-changed="20150303">
      <classification-national>
        <country>US</country>
        <main-classification>
          <text>606/129</text>
          <class>606</class>
          <subclass>129</subclass>
        </main-classification>
      </classification-national>
      <classification-national>
        <country>US</country>
        <main-classification>
          <text>607/116</text>
          <class>607</class>
          <subclass>116</subclass>
        </main-classification>
      </classification-national>
      <classification-national>
        <country>US</country>
        <main-classification>
          <text>600/372</text>
          <class>600</class>
          <subclass>372</subclass>
        </main-classification>
      </classification-national>
      <classification-national>
        <country>US</country>
        <main-classification>
          <text>600/373</text>
          <class>600</class>
          <subclass>373</subclass>
        </main-classification>
      </classification-national>
      <classification-national>
        <country>US</country>
        <main-classification>
          <text>600/378</text>
          <class>600</class>
          <subclass>378</subclass>
        </main-classification>
      </classification-national>
      <classification-national>
        <country>US</country>
        <main-classification>
          <text>604/166.01</text>
          <class>604</class>
          <subclass>166.01</subclass>
        </main-classification>
      </classification-national>
      <classifications-cpc>
        <classification-cpc sequence="1">
          <text>A61B 5/042</text>
        </classification-cpc>
        <classification-cpc sequence="2">
          <text>A61B 2018/1405</text>
        </classification-cpc>
        <classification-cpc sequence="3">
          <text>A61N 1/04</text>
        </classification-cpc>
        <classification-cpc sequence="4">
          <text>A61N 1/05</text>
        </classification-cpc>
        <classification-cpc sequence="5">
          <text>A61N 1/0529</text>
        </classification-cpc>
        <classification-cpc sequence="6">
          <text>A61N 1/0531</text>
        </classification-cpc>
        <classification-cpc sequence="7">
          <text>A61N 1/0534</text>
        </classification-cpc>
        <classification-cpc sequence="8">
          <text>A61N 2001/0578</text>
        </classification-cpc>
      </classifications-cpc>
    </field-of-search>
    <number-of-claims>58</number-of-claims>
    <exemplary-claim>1</exemplary-claim>
    <invention-title id="title_eng" date-changed="20150303" lang="eng" format="original">Implantable lead and surgical accessories</invention-title>
    <references-cited date-changed="20150407">
      <patent-citations name="patcit" date-changed="20150303" />
      <citation srep-phase="1">
        <patcit num="1" dnum="US5843148A" dnum-type="publication number">
          <document-id>
            <country>US</country>
            <doc-number>5843148</doc-number>
            <kind>A</kind>
            <name>Gijsbers et al.</name>
            <date>19981201</date>
          </document-id>
          <application-date>
            <date>19960927</date>
          </application-date>
        </patcit>
      </citation>
      <citation srep-phase="1">
        <patcit num="2" dnum="US6413263B1" dnum-type="publication number">
          <document-id>
            <country>US</country>
            <doc-number>6413263</doc-number>
            <kind>B1</kind>
            <name>Lobdill et al.</name>
            <date>20020702</date>
          </document-id>
          <application-date>
            <date>20000424</date>
          </application-date>
        </patcit>
      </citation>
      <citation srep-phase="1">
        <patcit num="3" dnum="US6477427B1" dnum-type="publication number">
          <document-id>
            <country>US</country>
            <doc-number>6477427</doc-number>
            <kind>B1</kind>
            <name>Stolz et al.</name>
            <date>20021105</date>
          </document-id>
          <application-date>
            <date>20000331</date>
          </application-date>
        </patcit>
      </citation>
      <citation srep-phase="1">
        <patcit num="4" dnum="US6606521B2" dnum-type="publication number">
          <document-id>
            <country>US</country>
            <doc-number>6606521</doc-number>
            <kind>B2</kind>
            <name>Paspa et al.</name>
            <date>20030812</date>
          </document-id>
          <application-date>
            <date>20010709</date>
          </application-date>
        </patcit>
      </citation>
      <citation srep-phase="1">
        <patcit num="5" dnum="US7033326B1" dnum-type="publication number">
          <document-id>
            <country>US</country>
            <doc-number>7033326</doc-number>
            <kind>B1</kind>
            <name>Pianca et al.</name>
            <date>20060425</date>
          </document-id>
          <application-date>
            <date>20011228</date>
          </application-date>
        </patcit>
      </citation>
      <citation srep-phase="1">
        <patcit num="6" dnum="US7450997B1" dnum-type="publication number">
          <document-id>
            <country>US</country>
            <doc-number>7450997</doc-number>
            <kind>B1</kind>
            <name>Pianca et al.</name>
            <date>20081111</date>
          </document-id>
          <application-date>
            <date>20060421</date>
          </application-date>
        </patcit>
      </citation>
      <citation srep-phase="1">
        <patcit num="7" dnum="US7454251B2" dnum-type="publication number">
          <document-id>
            <country>US</country>
            <doc-number>7454251</doc-number>
            <kind>B2</kind>
            <name>Rezai et al.</name>
            <date>20081118</date>
          </document-id>
          <application-date>
            <date>20031230</date>
          </application-date>
        </patcit>
      </citation>
      <!-- <citation></citation> -->
    </references-cited>
    <parties date-changed="20150303">
      <applicants>
        <applicant sequence="1" app-type="applicant" designation="us-only">
          <addressbook lang="eng">
            <last-name>Sochor</last-name>
            <first-name>Jerzy Roman</first-name>
            <address>
              <city>Sunnyvale</city>
              <state>CA</state>
              <country>US</country>
            </address>
          </addressbook>
          <residence>
            <country>US</country>
          </residence>
        </applicant>
      </applicants>
      <inventors>
        <inventor sequence="1" designation="us-only">
          <addressbook lang="eng">
            <last-name>Sochor</last-name>
            <first-name>Jerzy Roman</first-name>
            <address>
              <city>Sunnyvale</city>
              <state>CA</state>
              <country>US</country>
            </address>
          </addressbook>
        </inventor>
      </inventors>
    </parties>
    <examiners>
      <primary-examiner>
        <last-name>Dowe</last-name>
        <first-name>Katherine</first-name>
        <department>3734</department>
      </primary-examiner>
    </examiners>
  </bibliographic-data>
</lexisnexis-patent-document>