﻿<?xml version="1.0" encoding="UTF-8"?>
<!DOCTYPE cn-patent-document SYSTEM "\dtd\cn-patent-document-06-10-27.dtd"[]>
<?xml-stylesheet type="text/xsl" href="/showxml/xsl/XSL0117new.xsl"?>
<cn-patent-document lang="zh" country="CN">
  <cn-bibliographic-data>
    <cn-publication-reference>
      <document-id>
        <country>CN</country>
        <doc-number>105027615</doc-number>
        <kind>A</kind>
        <date>20151104</date>
      </document-id>
      <gazette-reference>
        <gazette-num>31-45</gazette-num>
        <date>20151104</date>
      </gazette-reference>
    </cn-publication-reference>
    <application-reference appl-type="发明专利">
      <document-id>
        <country>CN</country>
        <doc-number>201180074796.X</doc-number>
        <date>20111111</date>
      </document-id>
    </application-reference>
    <classifications-ipcr>
      <classification-ipcr>
        <text>H04W   28/08    (2006.01)</text>
      </classification-ipcr>
      <classification-ipcr>
        <text>
        </text>
      </classification-ipcr>
    </classifications-ipcr>
    <invention-title>在无线通信系统中使用的上行链路负载控制方法和设备</invention-title>
    <abstract>
      <p num="1">本发明公开用于执行考虑上行链路BLER统计的负载控制的方案。在无线通信系统中提供上行链路负载控制方法和设备。该上行链路负载控制方法包括：估计无线通信系统的小区中的上行链路负载预算；基于小区中的非保护比特率（非GBR）用户的误块率（BLER）统计和/或所述小区中的快速拥挤控制（FCC）动作统计来确定所述是否过载；如果确定小区过载则使上行链路负载预算减小；以及如果确定小区未过载则使上行链路负载预算增加。优选地，使上行链路负载预算增加或减小基于由FCC对准的用户的BLER统计BLER<sub>statistic</sub>。凭借BLER和FCC状态，FUL用户的BLER可以控制在可接受范围中同时在提高负载利用以及因此尽可能多地提高上行链路吞吐量方面使FCC的益处最大化。另一方面，上行链路负载控制方法可以进一步包括基于保护比特率（GBR）用户的BLER统计来调整RoT目标RoT<sub>tgt</sub>以便在适合的条件下使对于非GBR用户可用的负载净空增加而不妨碍GBR用户的性能。</p>
    </abstract>
    <cn-abstract-drawing>
      <figure num="1">
        <img he="613.329684" wi="661" file="201180074796.TIF" img-format="tif" />
      </figure>
    </cn-abstract-drawing>
    <cn-related-publication />
    <cn-related-documents />
    <cn-parties>
      <cn-applicants cn-representative-is="北京市朝阳区利泽东街5号爱立信大厦">
        <cn-applicant sequence="1">
          <addressbook lang="zh">
            <name>爱立信（中国）通信有限公司</name>
            <address>
              <text>北京市朝阳区利泽东街5号爱立信大厦</text>
            </address>
          </addressbook>
        </cn-applicant>
      </cn-applicants>
      <cn-inventors>
        <cn-inventor sequence="1" cn-not-to-be-published-request-by-inventor="no">
          <name>刘进华</name>
        </cn-inventor>
        <cn-inventor sequence="2" cn-not-to-be-published-request-by-inventor="no">
          <name>张璋</name>
        </cn-inventor>
        <cn-inventor sequence="3" cn-not-to-be-published-request-by-inventor="no">
          <name>M.布洛姆格伦</name>
        </cn-inventor>
        <cn-inventor sequence="4" cn-not-to-be-published-request-by-inventor="no">
          <name>K.约翰森</name>
        </cn-inventor>
      </cn-inventors>
      <cn-agents>
        <cn-agent sequence="1" rep-type="agent">
          <cn-agency>
            <name>中国专利代理(香港)有限公司 72001</name>
          </cn-agency>
          <name>徐予红</name>
        </cn-agent>
        <cn-agent sequence="2" rep-type="agent">
          <cn-agency>
            <name>中国专利代理(香港)有限公司 72001</name>
          </cn-agency>
          <name>胡莉莉</name>
        </cn-agent>
      </cn-agents>
    </cn-parties>
    <date-pct-article-22-39-fulfilled>
      <date>20140512</date>
    </date-pct-article-22-39-fulfilled>
    <pct-or-regional-filing-data>
      <document-id>
        <country>CN</country>
        <doc-number>PCT/CN2011/001888</doc-number>
        <date>20111111</date>
      </document-id>
    </pct-or-regional-filing-data>
    <pct-or-regional-publishing-data>
      <document-id lang="EN">
        <country>WO</country>
        <doc-number>2013/067656</doc-number>
        <date>20130516</date>
      </document-id>
    </pct-or-regional-publishing-data>
  </cn-bibliographic-data>
  <application-body lang="zh" country="CN">
    <description>
      <invention-title id="tilte1">在无线通信系统中使用的上行链路负载控制方法和设备</invention-title>
      <p id="p0001" num="0001">技术领域
	</p>
      <p id="p0002" num="0002">本发明涉及在无线通信系统中使用的上行链路负载控制方法和上行链路负载控制设备。
	</p>
      <p id="p0003" num="0003">背景技术
	</p>
      <p id="p0004" num="0004">在无线通信系统的上行链路中，在用户终端之间共享的公共无线电资源是总可忍受干扰量，其限定为所有RX天线上的平均干扰。总干扰的相对度量是热上升（RoT），即相对于热噪声的总干扰。
	</p>
      <p id="p0005" num="0005">在一个小区中的所有上行链路用户之间共享的总上行链路负载预算可以如在方程1中那样估计
	</p>
      <p id="p0006" num="0006">
        <img wi="165" he="44" file="206234DEST_PATH_IMAGE001.TIF" img-format="jpg" img-content="drawing" orientation="portrait" inline="no" />               方程1
	</p>
      <p id="p0007" num="0007">其中L<sub>UL</sub>是总上行链路负载预算，RoT<sub>tgt</sub>是RoT目标，L<sub>margin</sub>是用于处理未被监视的小区间干扰和小区间干扰振荡的保留负载裕度。
	</p>
      <p id="p0008" num="0008">小区中的RoT水平影响覆盖和上行链路（UL）容量，即，更高的RoT水平意指可更高的上行链路负载可用于小区但覆盖更小。覆盖（目标RoT）受到保护比特率（GBR）用户和或小区边缘处的尽力而为用户的期望最小需要比特率的限制。
	</p>
      <p id="p0009" num="0009">
        <b>上行链路负载控制</b>
      </p>
      <p id="p0010" num="0010">上行链路负载控制基于例如热上升或接收的总宽带功率（RTWP）等测量从由每个小区的不同类型的业务和信道产生的小区负载方面估计资源利用。负载控制还确定并且分配总可使用增强上行链路（EUL）负载，其包括对于EUL用户的分配负载净空和可以被进一步分配的可用EUL负载。此外，负载控制基于上行链路（UL）负载使用来检测拥挤。例如，负载控制在测量的RoT超出RoT目标水平时检测拥挤。图1图示下面的用于处理检测的拥挤的若干负载控制方案。
	</p>
      <p id="p0011" num="0011">
        <b>上行链路调度</b>
      </p>
      <p id="p0012" num="0012">EUL调度器应该对需要更高上行链路比特率的EUL用户分配可用UL负载并且在系统过载时减少一些EUL用户的被授权的上行链路比特率。在当前的WCDMA-EUL系统中，根据EUL用户的可用EUL负载和带宽请求，EUL调度器估计增强专用信道（E-DCH）功率偏移并且由增强绝对授权信道（E-AGCH）将该EDCH功率偏移信号传递到该用户设备（UE）。UE将接收的E-DCH功率偏移映射到它可以使用的最大增强传输格式组合（E-TFC）。被授权的比特率取决于该最大E-TFC。调整UE比特率的另一个方法是使用增强相对授权信道（E-RGCH），其用于以预定义的相对步骤使被授权的比特率增加或减小。
	</p>
      <p id="p0013" num="0013">原则上，当小区中的测量UL负载超出某一预定阈值（例如，该小区的测量UL RoT超出RoT目标）时，UL负载控制使对于该小区的总可使用增强上行链路（EUL）负载减少并且UL调度器相应地使一些EUL用户的被授权比特率减少。因为在该过程中存在大的延迟（其包括RoT测量延迟、节点B处理延迟、E-RGCH/E-AGCH列队延迟和UE处理延迟等），可以出现大的RoT振荡（高于或低于RoT目标）并且RoT峰可以在RoT减少到可接受水平之前持续长的时间。该过程中的总延迟可以是几十毫秒或甚至更长。这意指凭借仅由调度器减少被授权的比特率未能高效控制RoT。此外，RoT可以减小到太低的水平并且上行链路调度器必须使一些用户的被授权比特率从低的被授权比特率缓慢增加，这导致上行链路资源浪费。
	</p>
      <p id="p0014" num="0014">
        <b>控制</b>
      </p>
      <p id="p0015" num="0015">对于发布99和EUL两者，上行链路数据传送以配置的误块率（BLER）目标为目标。存在用于在通过调整对于每个UE的专用物理控制信道（DPCCH）信号干扰比（SIR）目标而达到目标传送尝试时确保满足BLER目标的外部回路功率控制。
	</p>
      <p id="p0016" num="0016">对于通过EUL的一些延迟敏感服务（例如，VoIP），在达到目标传送尝试时总是满足配置的BLER目标以便满足延迟要求，这是重要的。而对于通过EUL的一些非延迟敏感服务，BLER中的一些变化可以是可忍受的，但BLER仍不应太高以避免性能下降。
	</p>
      <p id="p0017" num="0017">对于通过DCH的服务，需要可以满足BLER目标使得RLC重新传送概率可以保持在最小水平。
	</p>
      <p id="p0018" num="0018">
        <b>快速拥挤控制</b>
      </p>
      <p id="p0019" num="0019">为了迅速减少RoT峰值水平并且抑制RoT峰，引入快速拥挤控制（FCC）。在WO/2001/080575和US 2003/0003921 A1中，提出在测量的RoT超出目标水平时将传送功率控制（TPC）下降命令发送到能对准的用户。对于选择的要由FCC对准的UE，
	</p>
      <p id="p0020" num="0020">?          如果由内部回路功率控制产生的TPC是TPC下降命令，则
	</p>
      <p id="p0021" num="0021">将TPC下降命令发送到该UE而不改变TPC命令。
	</p>
      <p id="p0022" num="0022">?          如果由内部回路功率控制产生的TPC是TPC上升命令，FCC
	</p>
      <p id="p0023" num="0023">使TPC命令变成下降并且将TPC下降命令发送到该UE，其在下文称为被迫TPC下降命令。
	</p>
      <p id="p0024" num="0024">当RoT超出RoT目标时，比调度器快得多地触发FCC，这意指FCC可以使RoT振荡减小并且提高UL负载利用。如果FCC独自不足以将RoT抑制到目标水平（例如，对于可以被FCC对准的所有用户命中预定义最小DPCCH SINR），上行链路调度器将使EUL用户的被授权比特率减少。根据之前的研究，即使存在RoT测量误差和延迟，FCC方案已经示出相当大的益处。此外，在未来FCC可以是对于相当大益处的低成本实现。
	</p>
      <p id="p0025" num="0025">然而，由FCC对准的用户的BLER将相应地增加。根据上文的章节“BLER控制”，仅对准通过EUL的非延迟敏感用户，这是优选的。
	</p>
      <p id="p0026" num="0026">因此，上文的现有技术的负载控制方案具有下列问题：
	</p>
      <p id="p0027" num="0027">1. 现有技术的负载控制的低下行链路资源利用
	</p>
      <p id="p0028" num="0028">FCC是有希望的抑制RoT峰的方法，但由FCC对准的用户的
	</p>
      <p id="p0029" num="0029">BLER可明显增加，并且没有由于采用FCC而明确控制增加的BLER的手段。这导致FCC的相当保守的使用，甚至在启用FCC的情况下也如此。另一方面，仍然在相当程度上，我们需要依靠现有技术的负载控制和调度器来控制上行链路负载和RoT，然而，如在章节“上行链路调度”中提到的，负载控制和调度器中的大的延迟将仍然导致不足的上行链路负载利用。
	</p>
      <p id="p0030" num="0030">2. RoT目标保守地配置成确保最坏情况的覆盖
	</p>
      <p id="p0031" num="0031">在高RoT目标的情况下，系统可以从高负载利用获益，但系统可
	</p>
      <p id="p0032" num="0032">以经受覆盖问题。在低RoT目标的情况下，系统具有良好的覆盖但差的容量。
	</p>
      <p id="p0033" num="0033">发明内容
	</p>
      <p id="p0034" num="0034">为了解决上面提到的现有技术中的问题中的至少一个，本发明提供在无线通信系统中使用的改进的上行链路负载控制方法和上行链路负载控制设备。
	</p>
      <p id="p0035" num="0035">根据本发明的方面，提供用于在无线通信系统中使用的上行链路负载控制方法。该上行链路负载控制方法包括：估计无线通信系统的小区中的上行链路负载预算；基于小区中的用户的误块率（BLER）统计和/或小区中的快速拥挤控制（FCC）动作统计来确定小区是否过载；如果确定小区过载则使上行链路负载预算减小。
	</p>
      <p id="p0036" num="0036">优选地，上行链路负载控制方法进一步包括如果确定小区未过载则使上行链路负载预算增加。
	</p>
      <p id="p0037" num="0037">优选地，过载确定基于小区中非保护比特率（非GBR）用户的BLER统计。
	</p>
      <p id="p0038" num="0038">优选地，如果非GBR用户的BLER统计BLER<sub>statistic</sub>超出预定BLER目标BLER<sub>tgt,sch</sub>和/或FCC动作统计超出预定阈值则确定过载。
	</p>
      <p id="p0039" num="0039">优选地，FCC动作统计包括下列中的任何一个：
	</p>
      <p id="p0040" num="0040">FCC抑制RoT峰的FCC有效时间与预定FCC监视期的比率；以及
	</p>
      <p id="p0041" num="0041">在预定FCC动作监视期内被迫TPC下降命令与由FCC对准的用户的总TPC命令的比率。
	</p>
      <p id="p0042" num="0042">优选地，使上行链路负载预算增加或减小基于由FCC对准的用户的BLER统计BLER<sub>statistic</sub>。
	</p>
      <p id="p0043" num="0043">优选地，上行链路负载预算包括对于增强上行链路（EUL）用户的EUL负载预算，
	</p>
      <p id="p0044" num="0044">其中EUL负载预算根据以下而减小：
	</p>
      <p id="p0045" num="0045">
        <img wi="271" he="21" file="123375DEST_PATH_IMAGE002.TIF" img-format="jpg" img-content="drawing" orientation="portrait" inline="no" />
      </p>
      <p id="p0046" num="0046">其中L<sub>eul</sub>和L<sub>eul,1</sub>分别是EUL负载预算减小之前和之后的EUL负载预算，X<sub>1</sub>是控制使EUL负载预算减小的速度的系数；
	</p>
      <p id="p0047" num="0047">和/或
	</p>
      <p id="p0048" num="0048">其中EUL负载预算根据下列公式而增加：
	</p>
      <p id="p0049" num="0049">
        <img wi="273" he="21" file="903112DEST_PATH_IMAGE003.TIF" img-format="jpg" img-content="drawing" orientation="portrait" inline="no" />
      </p>
      <p id="p0050" num="0050">其中L<sub>eul</sub>和L<sub>eul,2</sub>分别是EUL负载预算增加之前和之后的EUL负载预算，X<sub>2</sub>是控制使EUL负载预算增加的速度的系数。
	</p>
      <p id="p0051" num="0051">优选地，上行链路负载控制方法进一步包括基于保护比特率（GBR）用户的BLER统计来调整RoT目标RoT<sub>tgt</sub>。
	</p>
      <p id="p0052" num="0052">根据本发明的另一个方面，提供用于在无线通信系统中使用的上行链路负载控制设备。该上行链路负载控制设备包括：负载估计器，用于估计无线通信系统的小区中的上行链路负载预算；过载确定单元，用于基于小区中的用户的误块率BLER统计和/或小区中的快速拥挤控制（FCC）动作统计来确定小区是否过载；以及过载处理单元，用于如果过载确定单元确定小区过载则使上行链路负载预算减小。
	</p>
      <p id="p0053" num="0053">优选地，过载处理单元进一步适于如果过载确定单元确定小区未过载则使上行链路负载预算增加。
	</p>
      <p id="p0054" num="0054">优选地，过载确定单元适于基于小区中的非保护比特率（非GBR）用户的BLER统计来确定小区是否过载。
	</p>
      <p id="p0055" num="0055">优选地，上行链路控制设备进一步包括：
	</p>
      <p id="p0056" num="0056">误块率（BLER）监视单元，用于测量小区中非GBR用户的误块率（BLER）统计；和/或
	</p>
      <p id="p0057" num="0057">快速拥挤控制（FCC）监视单元，用于测量小区中的FCC单元的FCC动作统计。
	</p>
      <p id="p0058" num="0058">优选地，过载确定单元适于如果BLER统计BLER<sub>statistic</sub>超出预定BLER目标BLER<sub>tgt,sch</sub>和/或FCC动作统计超出预定阈值则确定小区过载。
	</p>
      <p id="p0059" num="0059">优选地，过载处理单元适于基于由FCC对准的用户的BLER统计BLER<sub>statistic</sub>而使上行链路负载预算增加或减小。
	</p>
      <p id="p0060" num="0060">优选地，上行链路负载预算包括对于增强上行链路（EUL）用户的EUL负载预算，
	</p>
      <p id="p0061" num="0061">其中过载处理单元适于根据以下而使EUL负载预算减小：
	</p>
      <p id="p0062" num="0062">
        <img wi="271" he="21" file="360638DEST_PATH_IMAGE004.TIF" img-format="jpg" img-content="drawing" orientation="portrait" inline="no" />
      </p>
      <p id="p0063" num="0063">其中L<sub>eul</sub>和L<sub>eul,1</sub>分别是EUL负载预算减小之前和之后的EUL负载预算，X<sub>1</sub>是控制使EUL负载预算减小的速度的系数；
	</p>
      <p id="p0064" num="0064">和/或
	</p>
      <p id="p0065" num="0065">其中过载处理单元适于根据下列公式来使EUL负载预算增加：
	</p>
      <p id="p0066" num="0066"> <img wi="271" he="23" file="175010DEST_PATH_IMAGE005.TIF" img-format="jpg" img-content="drawing" orientation="portrait" inline="no" /></p>
      <p id="p0067" num="0067">其中L<sub>eul</sub>和L<sub>eul,2</sub>分别是EUL负载预算增加之前和之后的EUL负载预算，X<sub>2</sub>是控制使EUL负载预算增加的速度的系数。
	</p>
      <p id="p0068" num="0068">优选地，上行链路负载控制设备进一步包括基于保护比特率（GBR）用户的BLER统计来调整RoT目标RoT<sub>tgt</sub>的RoT目标调整单元。
	</p>
      <p id="p0069" num="0069">根据本发明的另一个方面，提供基站，其包括如上文给出的上行链路负载控制设备。
	</p>
      <p id="p0070" num="0070">凭借上文的技术方案，本发明的实施例可以实现下列优势中的至少一个：
	</p>
      <p id="p0071" num="0071">-EUL用户的BLER在存在FCC的情况下可以控制在可接受
	</p>
      <p id="p0072" num="0072">的范围中。
	</p>
      <p id="p0073" num="0073">-UL负载利用可以在积极的UL负载分配的情况下大大改进
	</p>
      <p id="p0074" num="0074">而不妨碍GBR用户的性能
	</p>
      <p id="p0075" num="0075">-实现成本是低的
	</p>
      <p id="p0076" num="0076">-不需要标准化工作。
	</p>
      <p id="p0077" num="0077">附图说明
	</p>
      <p id="p0078" num="0078">现在将参考下图更详细论述本发明，其中：
	</p>
      <p id="p0079" num="0079">图1示意地图示具有FCC的现有技术的UL负载控制和EUL调度方案；
	</p>
      <p id="p0080" num="0080">图2示意地图示分别在现有技术的技术方案和本发明中的UL资源利用之间的性能比较；
	</p>
      <p id="p0081" num="0081">图3示意地图示本发明的预期UL资源利用和BLER性能；
	</p>
      <p id="p0082" num="0082">图4示意地图示根据本发明的实施例的UL负载控制和调度系统的功能性模块；以及
	</p>
      <p id="p0083" num="0083">图5示意地图示根据本发明的实施例基于用户的BLER统计的上行链路负载控制方法的流程图。
	</p>
      <p id="p0084" num="0084">在整个图中，相同的标号指示相似或对应的特征。在图中指示的特征中的一些典型地在软件中实现并且如此代表软件实体，例如软件模块或对象。但本发明不限于此。所述特征还可以在硬件、固件或软件、硬件和固件的任何组合中实现。
	</p>
      <p id="p0085" num="0085">具体实施方式
	</p>
      <p id="p0086" num="0086">图2示意地图示分别在现有技术的技术方案和本发明中的UL资源利用之间的性能比较。从图示我们可以清楚地看到本发明与具有或没有FCC的现有技术的负载控制方案相比大大提高UL资源利用。
	</p>
      <p id="p0087" num="0087">图3示意地图示本发明的预期UL资源利用和BLER性能。从与图2相似的第一图我们可以看到UL资源被充分利用。从第二图我们可以看到BLER统计被很好地控制在UE调度器的目标BLER（即BLER<sub>tgt,sch</sub>）以下，该目标BLER是对于服务EUL用户的最大可允许BLER。上行链路负载利用可以由于UL授权的比特率通过调度器的增加/减小影响UL BLER而不是由服务用户所承担的负载这一事实而增加。
	</p>
      <p id="p0088" num="0088">图4示意地图示根据本发明的实施例的UL负载控制和调度系统4000的功能性模块。如图示的，UL负载控制和调度系统4000包括：上行链路负载控制设备4100，用于控制小区中的总上行链路负载预算，在这里它基于小区中的用户的误块率（BLER）统计和/或小区中的快速拥挤控制（FCC）动作统计而定位；调度器4200，用于基于总上行链路负载预算来调度到用户的负载；FCC单元4300，用于执行FCC功能；和RoT测量单元4400，用于测量小区中的RoT值。FCC单元4300与在图1中图示的相似并且在测量的RoT超出RoT目标时向能对准的UE发送TPC下降命令。
	</p>
      <p id="p0089" num="0089">根据实施例，上行链路负载控制设备4100用FCC执行BLER控制的积极负载分配。如图示的，上行链路负载控制设备4100包括UL负载控制器4110、用于确定是否出现过载的过载确定单元4120以及可选地BLER<sub>tgt,sch</sub>调整单元4130（BLER<sub>tgt,sch</sub>指对于调度器4200的目标BLER）和RoT目标调整单元4140，其包括用于监视GBR用户的BLER的GBR BLER监视单元4142并且基于GBR用户的测量BLER来调整RoT目标以便对于非GBR用户获得尽可能多的负载净空而不妨碍GBR用户的性能。
	</p>
      <p id="p0090" num="0090">UL负载控制器4110进一步包括用于估计小区中的总上行链路负载预算的负载估计器4112、用于根据测量的RoT是否超出RoT目标来使能由调度器4200调度的负载净空增加或减小的负载净空调整单元4114和用于执行过载动作的过载处理单元4116，其将在下文详细解释。
	</p>
      <p id="p0091" num="0091">过载确定单元4120进一步包括用于执行BLER监视的非GBR BLER监视单元4122和用于执行FCC动作监视的FCC动作监视单元4124。在下文将详细解释BLER监视、FCC动作监视和过载确定。
	</p>
      <p id="p0092" num="0092">典型地，上行链路负载控制设备4100可以用作基站的部分。
	</p>
      <p id="p0093" num="0093">
        <b>监视</b>
      </p>
      <p id="p0094" num="0094">BLER监视可以在节点B中采用各种方法来监视。在本发明的实施例中，为了控制由FCC对准的用户的BLER和GBR用户的覆盖两者，服务小区可以分别通过非GBR BLER监视单元4122和GBR BLER监视单元4142来分别监视由FCC对准的用户的BLER和GBR用户的BLER。不管这些用户是否被FCC对准，非服务小区用户的BLER监视不是强制的。下面是2个示例。
	</p>
      <p id="p0095" num="0095">?       示例1
	</p>
      <p id="p0096" num="0096">BLER基于计算为在目标传送尝试（TTA）处的错误传送块数量相对于在预定测量期内用户组的总传送块数量的传送误差比率而监视，其在方程2中示出
	</p>
      <p id="p0097" num="0097">
        <img wi="210" he="60" file="997473DEST_PATH_IMAGE006.TIF" img-format="jpg" img-content="drawing" orientation="portrait" inline="no" />           方程2
	</p>
      <p id="p0098" num="0098">其中BLER<sub>statistic</sub>是传送误差比率，<img wi="57" he="32" file="264506DEST_PATH_IMAGE007.TIF" img-format="jpg" img-content="drawing" orientation="portrait" inline="no" />是在FCC所对准的用户组的TTA处未被正确接收的传输块的总数量并且<img wi="52" he="31" file="525723DEST_PATH_IMAGE008.TIF" img-format="jpg" img-content="drawing" orientation="portrait" inline="no" />是在预定测量期内用户组的总传输块数量。
	</p>
      <p id="p0099" num="0099">?       示例2
	</p>
      <p id="p0100" num="0100">BLER通过将在TTA处未被正确接收的所有传送块的累计位除以预定测量期内用户组的所有传送块的总位数而监视，这示出为方程3。
	</p>
      <p id="p0101" num="0101">
        <img wi="382" he="60" file="194602DEST_PATH_IMAGE009.TIF" img-format="jpg" img-content="drawing" orientation="portrait" inline="no" />方程3
	</p>
      <p id="p0102" num="0102">其中<img wi="150" he="32" file="187966DEST_PATH_IMAGE010.TIF" img-format="jpg" img-content="drawing" orientation="portrait" inline="no" />是在用户组的TTA处未被正确接收的传输块的总位数并且<img wi="146" he="31" file="4612DEST_PATH_IMAGE011.TIF" img-format="jpg" img-content="drawing" orientation="portrait" inline="no" />是在预定测量期内用户组的传输块的总位数。
	</p>
      <p id="p0103" num="0103">一些滤波可以与上文提到的BLER测量一起应用。例如，可以使用如方程5的攻击-衰落滤波器。
	</p>
      <p id="p0104" num="0104">
        <img wi="368" he="21" file="741624DEST_PATH_IMAGE012.TIF" img-format="jpg" img-content="drawing" orientation="portrait" inline="no" /> 方程5
	</p>
      <p id="p0105" num="0105">其中<img wi="91" he="22" file="265009DEST_PATH_IMAGE013.TIF" img-format="jpg" img-content="drawing" orientation="portrait" inline="no" />是当前BLER测量期中的滤波BLER，<img wi="111" he="19" file="763029DEST_PATH_IMAGE014.TIF" img-format="jpg" img-content="drawing" orientation="portrait" inline="no" />是最后的BLER测量期中的滤波BLER，<img wi="55" he="15" file="4655DEST_PATH_IMAGE015.TIF" img-format="jpg" img-content="drawing" orientation="portrait" inline="no" />是当前BLER测量期中的测量BLER并且α是滤波器系数。
	</p>
      <p id="p0106" num="0106">
        <b>动作监视</b>
      </p>
      <p id="p0107" num="0107">FCC动作监视可以基于FCC动作统计，而不管由FCC对准的用户是否是服务小区用户。下面是2个示例，其可以在节点B中实现。
	</p>
      <p id="p0108" num="0108">示例1
	</p>
      <p id="p0109" num="0109">FCC动作统计基于FCC在预定FCC监视期期间抑制RoT峰的FCC有效时间比率而监视，这在方程6中示出。
	</p>
      <p id="p0110" num="0110">
        <img wi="179" he="55" file="279778DEST_PATH_IMAGE016.TIF" img-format="jpg" img-content="drawing" orientation="portrait" inline="no" />            方程6
	</p>
      <p id="p0111" num="0111">其中R<sub>FCC</sub>是FCC有效时间比率，其指示FCC多经常抑制RoT峰，<img wi="48" he="38" file="923249DEST_PATH_IMAGE017.TIF" img-format="jpg" img-content="drawing" orientation="portrait" inline="no" />是FCC抑制RoT峰所处的总和时间并且<img wi="45" he="15" file="320733DEST_PATH_IMAGE018.TIF" img-format="jpg" img-content="drawing" orientation="portrait" inline="no" />是预定FCC动作监视期。
	</p>
      <p id="p0112" num="0112">示例2
	</p>
      <p id="p0113" num="0113">FCC动作统计基于在预定FCC动作监视期内被迫TPC下降命令与FCC所对准的用户的总TPC命令的比率而监视，其在方程7中示出。
	</p>
      <p id="p0114" num="0114">
        <img wi="263" he="80" file="49654DEST_PATH_IMAGE019.TIF" img-format="jpg" img-content="drawing" orientation="portrait" inline="no" />    方程7
	</p>
      <p id="p0115" num="0115">其中<img wi="112" he="39" file="128469DEST_PATH_IMAGE020.TIF" img-format="jpg" img-content="drawing" orientation="portrait" inline="no" />是由FCC的所有对准用户的被迫TPC下降命令的和数量并且<img wi="69" he="36" file="688763DEST_PATH_IMAGE021.TIF" img-format="jpg" img-content="drawing" orientation="portrait" inline="no" />是由FCC的所有对准用户的TPC命令的和数量。
	</p>
      <p id="p0116" num="0116">
        <b>过载确定</b>
      </p>
      <p id="p0117" num="0117">过载确定单元4120的该功能性是确定是否触发过载动作。这些过载动作意指选择的目标EUL用户的分配负载减小。BLER目标（其表达为BLER<sub>tgt,sch</sub>）和FCC动作比率阈值（其表达为R<sub>thres,FCC</sub>）可以限定成帮助过载检测。一些规则可以对于过载确定而预定义。下面是3个示例。
	</p>
      <p id="p0118" num="0118">示例1  如果目标EUL用户的BLER超出BLER<sub>tgt,sch</sub>并且FCC动作比率超出R<sub>thres,FCC</sub>则触发过载动作。
	</p>
      <p id="p0119" num="0119">示例2  在BLER<sub>tgt,sch</sub>高于外部回路功率控制的BLER目标的情况下，如果目标EUL用户的BLER超出BLER<sub>tgt,sch</sub>则可触发过载动作。
	</p>
      <p id="p0120" num="0120">示例3  如果FCC动作比率超出R<sub>thres,FCC</sub>则触发过载动作。
	</p>
      <p id="p0121" num="0121">在执行FCC动作时，对准的用户的SIR目标在RoT被FCC抑制的时段期间应优选地被冻结。
	</p>
      <p id="p0122" num="0122">BLER<sub>tgt,sch</sub>对于不同的服务可以是不同的。BLER<sub>tgt,sch</sub>对于不同无线电承载上的相同类型的服务也可以是不同的。如在下文关于BLER<sub>tgt,sch</sub>调整单元4130详述的，BLER<sub>tgt,sch</sub>可以例如根据网络运营商的偏好来调整。
	</p>
      <p id="p0123" num="0123">
        <b>过载动作</b>
      </p>
      <p id="p0124" num="0124">在每个EUL调度期开始时，对于EUL用户的总可使用UL负载（即，总上行链路负载预算）在方程8中估计。
	</p>
      <p id="p0125" num="0125">
        <img wi="325" he="22" file="460410DEST_PATH_IMAGE022.TIF" img-format="jpg" img-content="drawing" orientation="portrait" inline="no" />方程8
	</p>
      <p id="p0126" num="0126">其中L<sub>eul</sub>是对于EUL用户的总可使用负载。L<sub>eul</sub>包括已经分配的EUL负载和要对EUL用户分配的可用EUL负载空间，其中RoT<sub>tgt</sub>是目标热上升RoT，L<sub>DCH</sub>和L<sub>HS-DPCCH</sub>分别是分配给专用信道（DCH）和高速专用控制信道（HS-DPCCH）的负载。
	</p>
      <p id="p0127" num="0127">然后基于由FCC对准的用户的BLER统计和FCC有效时间比率R<sub>FCC</sub>来进行过载检测（如在章节“过载确定”中解释的）。监视FCC算法的活动的原因是除FCC导致高BLER以外可能存在其他原因。在这样的情况下，调整FCC算法毫无意义。
	</p>
      <p id="p0128" num="0128">如果由FCC对准的EUL用户的BLER统计BLER<sub>statistic</sub>低于调度器的目标BLER（BLER<sub>tgt,sch</sub>）和/或FCC比率R<sub>FCC</sub>未超出预定阈值R<sub>thres,FCC</sub>，上行链路负载控制设备4100可以采用积极的方式对EUL用户分配上行链路负载。对于EUL用户的总可使用负载采用如在方程9中示出的积极的方式分配。
	</p>
      <p id="p0129" num="0129">
        <img wi="274" he="20" file="411048DEST_PATH_IMAGE023.TIF" img-format="jpg" img-content="drawing" orientation="portrait" inline="no" />    方程9
	</p>
      <p id="p0130" num="0130">其中BLER<sub>statistic</sub>是由FCC对准的EUL用户的BLER统计并且X<sub>1</sub>是控制基于BLER<sub>tgt,sch</sub>的调整应多快操作的系数。
	</p>
      <p id="p0131" num="0131">或在某种程度上等同地，对于EUL用户的总可使用负载可以如在方程10中的那样通过使L<sub>margin</sub>减小一个步幅而增加。
	</p>
      <p id="p0132" num="0132">
        <img wi="139" he="23" file="293554DEST_PATH_IMAGE024.TIF" img-format="jpg" img-content="drawing" orientation="portrait" inline="no" />                    方程10
	</p>
      <p id="p0133" num="0133">其中是Δ<sub>1</sub>是减少上行链路负载裕度的步幅。
	</p>
      <p id="p0134" num="0134">这样，对于EUL用户的总可使用负载可以使用方程8和方程9（直接使对于EUL用户的总可使用负载增加）或使用方程8和方程10（经由更新的负载裕度L<sub>margin,1</sub>）来分配。
	</p>
      <p id="p0135" num="0135">如果由FCC对准的EUL用户的BLER统计高于调度器的目标BLER（BLER<sub>tgt,sch</sub>）和/或FCC比率R<sub>FCC</sub>超出预定阈值R<sub>thres,FCC</sub>，触发过载动作。在该情况下，由EUL用户可使用的总负载如在方程11中那样减小。
	</p>
      <p id="p0136" num="0136">
        <img wi="272" he="21" file="708355DEST_PATH_IMAGE025.TIF" img-format="jpg" img-content="drawing" orientation="portrait" inline="no" />     方程11
	</p>
      <p id="p0137" num="0137">其中X<sub>2</sub>是控制使可用的可调度上行链路负载减少的速度的系数。
	</p>
      <p id="p0138" num="0138">或在某种程度上等同地，由EUL用户可使用的总负载可以如在方程12中的那样通过使L<sub>margin</sub>增加一个步幅而减小。
	</p>
      <p id="p0139" num="0139">
        <img wi="150" he="23" file="650903DEST_PATH_IMAGE026.TIF" img-format="jpg" img-content="drawing" orientation="portrait" inline="no" />                     方程12
	</p>
      <p id="p0140" num="0140">其中是Δ<sub>2</sub>是增加负载裕度的步幅。
	</p>
      <p id="p0141" num="0141">这样，对于EUL用户的总可使用负载可以使用方程8和方程11（直接使对于EUL用户的总可使用负载减小）或使用方程8和方程12（经由更新的负载裕度L<sub>margin,2</sub>）来分配。
	</p>
      <p id="p0142" num="0142">实际上，X<sub>1</sub>和X<sub>2</sub>可以不同。Δ<sub>1</sub>和Δ<sub>2</sub>也可以不同。
	</p>
      <p id="p0143" num="0143">在UL调度器决定使UE（其的传送比特率明显低于被授权的比特率）的被授权比特率减少的情况下，被授权的比特率减少应基于该UE的传送比特率以便有效减少分配的EUL负载。
	</p>
      <p id="p0144" num="0144">BLER<sub>tgt,sch</sub>调整单元4130用于根据网络运营商的偏好来调整BLER<sub>tgt,sch</sub>。BLER<sub>tgt,sch</sub>对于不同的服务可以是不同的并且还可以是小区中的负载的函数。该功能性可以定位在RNC中或在服务节点B或操作系统中。
	</p>
      <p id="p0145" num="0145">根据实施例，RoT目标调整单元4140包括GBR BLER监视单元4142，用于监视GBR用户的BLER（和DCH用户的BLER，稍后只提到GBR用户）。在特定实现中，RoT目标调整单元4140在节点B中实现。测量的GBR用户的BLER在更改目标RoT来提高上行链路负载利用而不使GBR用户的体验下降（以及也不使DCH用户的体验下降）中使用。更特定地，如果对于GBR用户的BLER在对应的BLER目标附近，并且/或上行链路功率净空（UPH）未被充分利用（如果GBR用户是调度用户，该测量可用），则RoT目标可以以预定义步幅增加。相反，如果GBR用户的BLER（显然）超出目标BLER，并且/或UPH被充分利用，RoT目标可以以另一个预定义步幅减小。
	</p>
      <p id="p0146" num="0146">优选地，用于更改RoT目标的BLER可以基于多个GBR用户的统计，例如BLER CDF曲线中的第5百分位。
	</p>
      <p id="p0147" num="0147">优选地，RoT目标增加步幅可以小于RoT目标减小步幅，并且差异可以取决于GBR用户的BLER。
	</p>
      <p id="p0148" num="0148">利用该RoT目标更改，当无线电条件变得合适并且GBR用户可以忍受更高的干扰时，RoT目标可以相应地设置得更高，这对非GBR用户给予更多的负载空间和提高的性能并且不妨碍GBR用户的性能。
	</p>
      <p id="p0149" num="0149">注意可以实现RoT目标调整以结合由过载处理单元4116执行的过载动作或独立于它而对非GBR用户给予更多的负载空间。
	</p>
      <p id="p0150" num="0150">调度器4200进一步包括：用户负载调度单元4220，用于基于由上行链路负载设备4100确定的总上行链路负载预算和个体用户的QoS要求来调度对于个体用户的负载；用户最大数据速率确定单元4240，用于基于对相应个体用户的调度负载来确定对个体用户授权的最大数据速率；和过调度处理单元4260，用于基于个体用户的BLER统计来执行过调度动作以便可以更迅速处理过载。如果确定过载，这意指在调度器4200中也存在过调度并且触发过调度动作。根据实施例，过调度处理单元4260可以接收由非GBR BLER监视单元4122监视的个体用户的BLER统计。一旦确定过载，上行链路负载控制设备4100将使对于EUL用户的分配负载净空减小。同时，过调度处理单元4260将以比需要的更高的BLER统计来减少对于用户的分配负载。
	</p>
      <p id="p0151" num="0151">注意框图只图示本发明的某些实施例，而不是限制本发明。本领域内技术人员知道在不偏离本发明的精神的情况下一些块或子块可以一起组合成新的块或另一个块的子块，所有这些块可以集成到一个单个块内并且一个块可以进一步细分成更多的子块。例如，除其他外，过载确定单元4120可以集成到UL负载控制器4110内作为其的子块。
	</p>
      <p id="p0152" num="0152">图5示意地图示根据本发明的实施例基于用户的BLER统计的上行链路负载控制方法的流程图。在每个EUL调度期开始时，在步骤510中，对于EUL用户的总可使用UL负载在方程8中估计。然后在步骤520处，基于由FCC对准的用户的BLER统计和/或FCC有效时间比率R<sub>FCC</sub>来进行过载检测（如在章节“过载确定”中解释的）。
	</p>
      <p id="p0153" num="0153">如果由FCC对准的EUL用户的BLER统计BLER<sub>statistic</sub>低于调度器的目标BLER（BLER<sub>tgt,sch</sub>）和/或FCC比率R<sub>FCC</sub>未超出预定阈值R<sub>thres,FCC</sub>，确定没有过载并且它行进到步骤530。
	</p>
      <p id="p0154" num="0154">在步骤530处，对于EUL用户的总可使用负载采用积极的方式估计。即，当确定没有过载时，对于EUL用户的总可使用负载在步骤530处增加。优选地，总可使用负载基于由FCC对准的用户的BLER统计BLER<sub>statistic</sub>而增加。更优选地，总可使用负载如在方程9（即<img wi="265" he="21" file="88837DEST_PATH_IMAGE027.TIF" img-format="jpg" img-content="drawing" orientation="portrait" inline="no" />）中示出的那样增加。或在某种程度上等同地，L<sub>margin</sub>如在方程10（即<img wi="136" he="23" file="571771DEST_PATH_IMAGE028.TIF" img-format="jpg" img-content="drawing" orientation="portrait" inline="no" />）中那样减小一个步幅。这样，对于EUL用户的总可使用负载可以使用方程8和方程9（直接使对于EUL用户的总可使用负载增加）或使用方程8和方程10（经由更新的负载裕度L<sub>margin,1</sub>）来分配。
	</p>
      <p id="p0155" num="0155">如果在步骤520处由FCC对准的EUL用户的BLER统计高于调度器的目标BLER（BLER<sub>tgt,sch</sub>）和/或FCC比率R<sub>FCC</sub>超出预定阈值R<sub>thres,FCC</sub>，确定过载并且它行进到步骤540来执行过载动作。
	</p>
      <p id="p0156" num="0156">在步骤540处，当确定过载时，对于EUL用户的总可使用负载减小。优选地，总可使用负载基于由FCC对准的用户的BLER统计BLER<sub>statistic</sub>而减小。更优选地，总可使用负载如在方程11（即<img wi="266" he="22" file="44341DEST_PATH_IMAGE029.TIF" img-format="jpg" img-content="drawing" orientation="portrait" inline="no" />）中的那样减小。或在某种程度上等同地，L<sub>margin</sub>如在方程12（即<img wi="140" he="23" file="157791DEST_PATH_IMAGE030.TIF" img-format="jpg" img-content="drawing" orientation="portrait" inline="no" />）中那样增加一个步幅。这样，对于EUL用户的总可使用负载可以使用方程8和方程11（直接使对于EUL用户的总可使用负载减小）或使用方程8和方程12（经由更新的负载裕度L<sub>margin,2</sub>）来分配或减小。
	</p>
      <p id="p0157" num="0157">根据实施例，X<sub>1</sub>和X<sub>2</sub>可以不同。Δ<sub>1</sub>和Δ<sub>2</sub>也可以不同。
	</p>
      <p id="p0158" num="0158">根据实施例，方法进一步包括基于GBR用户的BLER统计来调整RoT目标RoT<sub>tgt</sub>。优选地，方法包括当GBR用户的BLER统计小于所需要的时，使RoT目标RoT<sub>tgt</sub>增加以便使对于非GBR用户可用的负载净空增加而不妨碍GBR用户的性能。
	</p>
      <p id="p0159" num="0159">注意RoT目标调整步骤还可以自行实现以独立于上行链路负载控制方法而对非GBR用户给予更多的负载空间。备选地，RoT目标调整步骤还可以结合上行链路负载控制方法来实现以对非GBR用户给予进一步更多的负载空间。
	</p>
      <p id="p0160" num="0160">在该发明的一些实施例中，服务UL用户的BLER统计被馈送到负载控制器/调度器内使得上行链路无线电资源利用提高同时服务UL用户的BLER控制在可接受范围内。
	</p>
      <p id="p0161" num="0161">在该发明的一些实施例中，通过将BLER和FCC状态反馈给负载控制器和调度器，EUL用户的BLER可以控制在可接受范围中同时在提高负载利用以及因此尽可能多地提高上行链路吞吐量方面使FCC的益处最大化。此外，基于GBR用户的BLER的目标RoT更改可以在适合的条件下使对于非GBR用户可用的负载净空进一步增加而不妨碍GBR用户的性能。
	</p>
      <p id="p0162" num="0162">在该发明的一些实施例中，在基站或NodeB中执行负载控制时考虑上行链路BLER统计。更特定地，一些实施例用FCC提供BLER控制的积极负载分配。当服务EUL用户的BLER控制在预定的可接受范围内时，尽可能积极地分配上行链路负载并且FCC还可以更积极地被利用以便提高上行链路资源利用同时由FCC确保系统稳定性。BLER范围可以根据服务EUL用户所需要的QoS、UL业务情形等来确定。
	</p>
      <p id="p0163" num="0163">在一些实施例中，负载分配可以由调度器直接或经由保留负载裕度L<sub>margin</sub>的更改来调整。
	</p>
      <p id="p0164" num="0164">在一些实施例中，RoT目标可以在不同的情形中根据GBR用户（或DCH用户，在下文只提到GBR用户）的BLER统计有条件地调整。当GBR用户的BLER控制在可接受范围内时，RoT目标可以增加来使对于EUL用户的UL可调度负载净空增加。如果GBR用户的BLER超出可接受范围，RoT目标相应地减少直到BLER回到可接受范围来确保GBR用户的QoS。
	</p>
      <p id="p0165" num="0165">在上文，本发明连同本发明的特定实施例一起描述。应注意上文提到的实施例说明而不是限制本发明，并且本领域内技术人员将能够设计许多备选实施例而不偏离附上的权利要求的范围。
	</p>
      <p id="p0166" num="0166">在权利要求中，放置在圆括号之间的任何标号不应该解释为限制权利要求。单词“包括”不排除除在权利要求中列出的那些之外的元件或步骤的存在。元件前面的单词“一”或“一个”不排除多个这样的元件的存在。本发明可以凭借包括若干截然不同元件的硬件和凭借适当编程的计算机来实现。
	</p>
      <p id="p0167" num="0167">在枚举若干工具的装置或系统权利要求中，这些工具中的一些或全部可以由硬件中的一个且相同的项目来体现。某些措施在互相不同的从属权利要求中列举这一纯粹事实不指示这些措施的组合无法被有利地使用。
	</p>
    </description>
    <claims>
      <claim id="cl0001" num="0001">
        <claim-text>1. 一种在无线通信系统中使用的上行链路负载控制方法，其包括：
		</claim-text>
        <claim-text>估计所述无线通信系统的小区中的上行链路负载预算；
		</claim-text>
        <claim-text>基于所述小区中的用户的误块率（BLER）统计和/或所述小区中的快速拥挤控制（FCC）动作统计来确定所述小区是否过载；
		</claim-text>
        <claim-text>如果确定所述小区过载则使所述上行链路负载预算减小。
		</claim-text>
      </claim>
      <claim id="cl0002" num="0002">
        <claim-text>2. 如权利要求1所述的上行链路负载控制方法，其进一步包括：
		</claim-text>
        <claim-text>如果确定所述小区未过载则使所述上行链路负载预算增加。
		</claim-text>
      </claim>
      <claim id="cl0003" num="0003">
        <claim-text>3. 如权利要求2所述的上行链路负载控制方法，其中过载确定基于所述小区中非保护比特率（非GBR）用户的BLER统计。
		</claim-text>
      </claim>
      <claim id="cl0004" num="0004">
        <claim-text>4. 如权利要求3所述的上行链路负载控制方法，其中如果
		</claim-text>
        <claim-text>所述非GBR用户的BLER统计BLER<sub>statistic</sub>超出预定BLER目标BLER<sub>tgt,sch</sub>和/或
		</claim-text>
        <claim-text>所述FCC动作统计超出预定阈值
		</claim-text>
        <claim-text>则确定过载。
		</claim-text>
      </claim>
      <claim id="cl0005" num="0005">
        <claim-text>5. 如权利要求4所述的上行链路负载控制方法，其中所述FCC动作统计包括下列中的任何一个：
		</claim-text>
        <claim-text>FCC抑制RoT峰的FCC有效时间与预定FCC监视期的比率；以及
		</claim-text>
        <claim-text>在预定FCC动作监视期内被迫TPC下降命令与由FCC对准的用户的总TPC命令的比率。
		</claim-text>
      </claim>
      <claim id="cl0006" num="0006">
        <claim-text>6. 如权利要求2-5中任一项所述的上行链路负载控制方法，其中使所述上行链路负载预算增加或减小基于由FCC对准的用户的BLER统计BLER<sub>statistic</sub>。
		</claim-text>
      </claim>
      <claim id="cl0007" num="0007">
        <claim-text>7. 如权利要求6所述的上行链路负载控制方法，其中所述上行链路负载预算包括对于增强上行链路（EUL）用户的EUL负载预算，
		</claim-text>
        <claim-text>其中所述EUL负载预算根据以下而减小：
		</claim-text>
        <claim-text>
          <img wi="271" he="22" file="DEST_PATH_IMAGE002.TIF" img-format="jpg" img-content="drawing" orientation="portrait" inline="no" id="ifm0001" />
        </claim-text>
        <claim-text>其中L<sub>eul</sub>和L<sub>eul,1</sub>分别是所述EUL负载预算减小之前和之后的EUL负载预算，X<sub>1</sub>是控制使所述EUL负载预算减小的速度的系数；
		</claim-text>
        <claim-text>和/或
		</claim-text>
        <claim-text>其中所述EUL负载预算根据下列公式而增加：
		</claim-text>
        <claim-text>
          <img wi="271" he="23" file="DEST_PATH_IMAGE004.TIF" img-format="jpg" img-content="drawing" orientation="portrait" inline="no" id="ifm0002" />
        </claim-text>
        <claim-text>其中L<sub>eul</sub>和L<sub>eul,2</sub>分别是所述EUL负载预算增加之前和之后的EUL负载预算，X<sub>2</sub>是控制使所述EUL负载预算增加的速度的系数。
		</claim-text>
      </claim>
      <claim id="cl0008" num="0008">
        <claim-text>8. 如权利要求1-5中任一项所述的上行链路负载控制方法，其进一步包括：
		</claim-text>
        <claim-text>基于保护比特率（GBR）用户的BLER统计来调整RoT目标RoT<sub>tgt</sub>。
		</claim-text>
      </claim>
      <claim id="cl0009" num="0009">
        <claim-text>9. 一种在无线通信系统中使用的上行链路负载控制设备，其包括：
		</claim-text>
        <claim-text>负载估计器，用于估计所述无线通信系统的小区中的上行链路负载预算；
		</claim-text>
        <claim-text>过载确定单元，用于基于所述小区中的用户的误块率BLER统计和/或小区中的快速拥挤控制（FCC）动作统计来确定所述小区是否过载；
		</claim-text>
        <claim-text>过载处理单元，用于如果所述过载确定单元确定所述小区过载则使所述上行链路负载预算减小。
		</claim-text>
      </claim>
      <claim id="cl0010" num="0010">
        <claim-text>10. 如权利要求9所述的上行链路负载控制设备，其中过载处理单元进一步适于如果所述过载确定单元确定所述小区未过载则使所述上行链路负载预算增加。
		</claim-text>
      </claim>
      <claim id="cl0011" num="0011">
        <claim-text>11. 如权利要求10所述的上行链路负载控制设备，其中所述过载确定单元适于基于所述小区中的非保护比特率（非GBR）用户的BLER统计来确定所述小区是否过载。
		</claim-text>
      </claim>
      <claim id="cl0012" num="0012">
        <claim-text>12. 如权利要求11所述的上行链路负载控制设备，其进一步包括：
		</claim-text>
        <claim-text>误块率（BLER）监视单元，用于测量所述小区中非GBR用户的误块率（BLER）统计；和/或
		</claim-text>
        <claim-text>快速拥挤控制（FCC）监视单元，用于测量所述小区中的FCC单元的FCC动作统计。
		</claim-text>
      </claim>
      <claim id="cl0013" num="0013">
        <claim-text>13. 如权利要求11所述的上行链路负载控制设备，其中所述过载确定单元适于如果
		</claim-text>
        <claim-text>所述BLER统计BLER<sub>statistic</sub>超出预定BLER目标BLER<sub>tgt,sch</sub>，和/或
		</claim-text>
        <claim-text>所述FCC动作统计超出预定阈值
		</claim-text>
        <claim-text>则确定所述小区过载。
		</claim-text>
      </claim>
      <claim id="cl0014" num="0014">
        <claim-text>14. 如权利要求10-13中任一项所述的上行链路负载控制设备，其中所述过载处理单元适于基于由FCC对准的用户的BLER统计BLER<sub>statistic</sub>而使所述上行链路负载预算增加或减小。
		</claim-text>
      </claim>
      <claim id="cl0015" num="0015">
        <claim-text>15. 如权利要求14所述的上行链路负载控制设备，其中所述上行链路负载预算包括对于增强上行链路（EUL）用户的EUL负载预算，
		</claim-text>
        <claim-text>其中所述过载处理单元适于根据以下而使所述EUL负载预算减小：
		</claim-text>
        <claim-text>
          <img wi="274" he="22" file="DEST_PATH_IMAGE006.TIF" img-format="jpg" img-content="drawing" orientation="portrait" inline="no" id="ifm0003" />
        </claim-text>
        <claim-text>其中L<sub>eul</sub>和L<sub>eul,1</sub>分别是所述EUL负载预算减小之前和之后的EUL负载预算，X<sub>1</sub>是控制使所述EUL负载预算减小的速度的系数；
		</claim-text>
        <claim-text>和/或
		</claim-text>
        <claim-text>其中所述过载处理单元适于根据下列公式来使所述EUL负载预算增加：
		</claim-text>
        <claim-text> <img wi="273" he="23" file="DEST_PATH_IMAGE008.TIF" img-format="jpg" img-content="drawing" orientation="portrait" inline="no" id="ifm0004" /></claim-text>
        <claim-text>其中L<sub>eul</sub>和L<sub>eul,2</sub>分别是所述EUL负载预算增加之前和之后的EUL负载预算，X<sub>2</sub>是控制使所述EUL负载预算增加的速度的系数。
		</claim-text>
      </claim>
      <claim id="cl0016" num="0016">
        <claim-text>16. 如权利要求9-15中任一项所述的上行链路负载控制设备，其进一步包括：
		</claim-text>
        <claim-text>RoT目标调整单元，用于：
		</claim-text>
        <claim-text>基于保护比特率（GBR）用户的BLER统计来调整RoT目标RoT<sub>tgt</sub>。
		</claim-text>
      </claim>
      <claim id="cl0017" num="0017">
        <claim-text>17. 一种基站，其包括如权利要求9-16中任一项所述的上行链路负载控制设备。
		
				</claim-text>
      </claim>
    </claims>
    <drawings>
      <figure id="f0001" num="0001" figure-labels="图1">
        <img id="ifi0001" file="812069.TIF" wi="700" he="265" img-content="drawing" img-format="tif" orientation="portrait" inline="no" />
      </figure>
      <figure id="f0002" num="0002" figure-labels="图2">
        <img id="ifi0002" file="593650.TIF" wi="700" he="265" img-content="drawing" img-format="tif" orientation="portrait" inline="no" />
      </figure>
      <figure id="f0003" num="0003" figure-labels="图3">
        <img id="ifi0003" file="466588.TIF" wi="700" he="298" img-content="drawing" img-format="tif" orientation="portrait" inline="no" />
      </figure>
      <figure id="f0004" num="0004" figure-labels="图4">
        <img id="ifi0004" file="126507.TIF" wi="443" he="700" img-content="drawing" img-format="tif" orientation="portrait" inline="no" />
      </figure>
      <figure id="f0005" num="0005" figure-labels="图5">
        <img id="ifi0005" file="163230.TIF" wi="700" he="649" img-content="drawing" img-format="tif" orientation="portrait" inline="no" />
      </figure>
    </drawings>
  </application-body>
</cn-patent-document>