{
	"name": "PatentCloud RestAPI document",
  	"version": "0.1.1",
  	"description": "apiDoc basic example",
  	"title": "PatentCloud RestAPI",
  	"header": {
    	"title": "Get start",
    	"filename": "header.md"
  	},
  	"order": [
		"Oauth",
		"Query",
		"QueryPatentList",		
		"FindPatentInfo",
		"FindPatentGroup",
		"FindPatentFacet",
		"Data",		
		"CountClipImage",
		"CountFullPage",
		"FindInsetImage",
		"FindFullImage",
		"findClipImage",
		"FindFirstImage",
		"FindFirstPage",
		"FindFullPage",
		"FindPatentExcel",
		"NLP",			
		"FindSimpleQuery",
		"FindSimpleQueryByBrief",
		"FindSimpleQueryByClaim",
		"FindQueryExpansion",
		"FindKeywordExtraction"		
	]
}