{ "_id" : "DOCDB-201538-Amend-PubDate20150911AndBefore-CZ-0004.xml/303251503", "data" : { "expansion" : { "exchange-document" : { "abstract" : [ { "abstract-source" : "national office", "data-format" : "docdba", "lang" : "en", "p" : [ { "value" : [ "The present invention relates to an absorbent article intended for acquisition, distribution, and storage of bodily fluids and comprising: (a) a fluid pervious topsheet; (b) a fluid impervious backsheet affixed to said topsheet; and (c) a fluid absorbent core disposed between said topsheet and said backsheet, said absorbent core having: (i) a fluid acquisition/distribution layer comprising from about 50 to 100 percent by weight of hydrophilic chemically stiffened cellulosic fibers and from 0 to about 50 percent by weight of a binding means for said fibers and at the most 6 percent by weight of superabsorbent material;  and (ii) a fluid storage layer, positioned beneath said acquisition/distribution layer relative to said topsheet, comprising at least about 15 percent by weight of superabsorbent material and from 0 to about 85 percent by weight of a carrier means for said superabsorbent material; wherein said acquisition/distribution layer having an average density upon saturation with 1 percent sodium chloride  aqueous solution, of less than about 0.20 g/cc and having a top surface area which is from about 15 to about 95 percent of, and smaller than, the top surface area of said fluid storage layer." ] } ] } ], "bibliographic-data" : { "application-reference" : [ { "data-format" : "docdb", "doc-id" : "8847849", "document-id" : { "country" : "CS", "date" : 19910122, "doc-number" : "13691", "kind" : "A" }, "is-representative" : "NO" }, { "data-format" : "epodoc", "document-id" : { "doc-number" : "CS19910000136" } }, { "data-format" : "original", "document-id" : { "doc-number" : "1991         136" } } ], "classification-ipc" : { "edition" : "7", "further-classification" : [ { "value" : " 7A 61F  13/47   B" }, { "value" : " 7A 61L  15/60   B" } ], "main-classification" : [ " 7A 61F  13/531  A" ] }, "classifications-ipcr" : { "classification-ipcr" : [ { "sequence" : "1", "text" : "A61F  13/53        20060101AFI20060310RMJP        " }, { "sequence" : "2", "text" : "A61F  13/00        20060101ALI20060310RMJP        " }, { "sequence" : "3", "text" : "A61F  13/15        20060101A I20051008RMEP        " }, { "sequence" : "4", "text" : "A61F  13/47        20060101ALI20001127RMRU        " }, { "sequence" : "5", "text" : "A61F  13/49        20060101ALI20060310RMJP        " }, { "sequence" : "6", "text" : "A61F  13/531       20060101ALI20061009BMCZ        " }, { "sequence" : "7", "text" : "A61L  15/60        20060101ALI20061009BMCZ        " } ] }, "dates-of-public-availability" : { "printed-with-grant" : { "document-id" : { "date" : 20020717 } } }, "invention-title" : [ { "data-format" : "docdba", "lang" : "cs", "status" : "C", "value" : [ "Absorpční výrobek pro zachycování, rozdělování a akumulaci tělesných tekutin" ] }, { "data-format" : "docdba", "lang" : "en", "status" : "C", "value" : [ "Absorbent article for acquisition, distribution, and storage of bodily fluids" ] } ], "parties" : { "applicants" : { "applicant" : [ { "applicant-name" : [ { "name" : [ { "value" : "PROCTER & GAMBLE" } ] } ], "data-format" : "docdb", "residence" : { "country" : "US" }, "sequence" : "1" }, { "applicant-name" : [ { "name" : [ { "value" : "THE PROCTER AND GAMBLE COMPANY" } ] } ], "data-format" : "docdba", "sequence" : "1" }, { "applicant-name" : [ { "name" : [ { "value" : "THE PROCTER AND GAMBLE COMPANY" } ] } ], "data-format" : "original", "sequence" : "1" } ] }, "inventors" : { "inventor" : [ { "data-format" : "docdb", "inventor-name" : [ { "name" : [ { "value" : "COOK JEFFREY TODD" } ] } ], "residence" : { "country" : "US" }, "sequence" : "1" }, { "data-format" : "docdb", "inventor-name" : [ { "name" : [ { "value" : "MOORE DANNY RAYMOND" } ] } ], "residence" : { "country" : "US" }, "sequence" : "2" }, { "data-format" : "docdb", "inventor-name" : [ { "name" : [ { "value" : "LASH GLEN RAY" } ] } ], "residence" : { "country" : "US" }, "sequence" : "3" }, { "data-format" : "docdb", "inventor-name" : [ { "name" : [ { "value" : "YOUNG GERALD ALFRED" } ] } ], "residence" : { "country" : "US" }, "sequence" : "4" }, { "data-format" : "docdba", "inventor-name" : [ { "name" : [ { "value" : "COOK JEFFREY TODD" } ] } ], "sequence" : "1" }, { "data-format" : "docdba", "inventor-name" : [ { "name" : [ { "value" : "MOORE DANNY RAYMOND" } ] } ], "sequence" : "2" }, { "data-format" : "docdba", "inventor-name" : [ { "name" : [ { "value" : "LASH GLEN RAY" } ] } ], "sequence" : "3" }, { "data-format" : "docdba", "inventor-name" : [ { "name" : [ { "value" : "YOUNG GERALD ALFRED" } ] } ], "sequence" : "4" }, { "data-format" : "original", "inventor-name" : [ { "name" : [ { "value" : "COOK JEFFREY TODD" } ] } ], "sequence" : "1" }, { "data-format" : "original", "inventor-name" : [ { "name" : [ { "value" : "MOORE DANNY RAYMOND" } ] } ], "sequence" : "2" }, { "data-format" : "original", "inventor-name" : [ { "name" : [ { "value" : "LASH GLEN RAY" } ] } ], "sequence" : "3" }, { "data-format" : "original", "inventor-name" : [ { "name" : [ { "value" : "YOUNG GERALD ALFRED" } ] } ], "sequence" : "4" } ] } }, "patent-classifications" : { "patent-classification" : [ { "action-date" : { "date" : "20130101" }, "classification-data-source" : "H", "classification-scheme" : { "date" : "20130101", "office" : "EP", "scheme" : "CPC" }, "classification-status" : "B", "classification-symbol" : "A61F  13/53747     ", "classification-value" : "I", "sequence" : "1", "symbol-position" : "F" }, { "action-date" : { "date" : "20130101" }, "classification-data-source" : "H", "classification-scheme" : { "date" : "20130101", "office" : "EP", "scheme" : "CPC" }, "classification-status" : "B", "classification-symbol" : "A61F  13/15203     ", "classification-value" : "I", "sequence" : "2", "symbol-position" : "L" }, { "action-date" : { "date" : "20130101" }, "classification-data-source" : "H", "classification-scheme" : { "date" : "20130101", "office" : "EP", "scheme" : "CPC" }, "classification-status" : "B", "classification-symbol" : "A61F  13/537       ", "classification-value" : "A", "sequence" : "3", "symbol-position" : "L" }, { "action-date" : { "date" : "20130101" }, "classification-data-source" : "H", "classification-scheme" : { "date" : "20130101", "office" : "EP", "scheme" : "CPC" }, "classification-status" : "B", "classification-symbol" : "A61F2013/15406     ", "classification-value" : "A", "sequence" : "4", "symbol-position" : "L" }, { "action-date" : { "date" : "20130101" }, "classification-data-source" : "H", "classification-scheme" : { "date" : "20130101", "office" : "EP", "scheme" : "CPC" }, "classification-status" : "B", "classification-symbol" : "A61F2013/15422     ", "classification-value" : "A", "sequence" : "5", "symbol-position" : "L" }, { "action-date" : { "date" : "20130101" }, "classification-data-source" : "H", "classification-scheme" : { "date" : "20130101", "office" : "EP", "scheme" : "CPC" }, "classification-status" : "B", "classification-symbol" : "A61F2013/530007    ", "classification-value" : "A", "sequence" : "6", "symbol-position" : "L" }, { "action-date" : { "date" : "20130101" }, "classification-data-source" : "H", "classification-scheme" : { "date" : "20130101", "office" : "EP", "scheme" : "CPC" }, "classification-status" : "B", "classification-symbol" : "A61F2013/530021    ", "classification-value" : "A", "sequence" : "7", "symbol-position" : "L" }, { "action-date" : { "date" : "20130101" }, "classification-data-source" : "H", "classification-scheme" : { "date" : "20130101", "office" : "EP", "scheme" : "CPC" }, "classification-status" : "B", "classification-symbol" : "A61F2013/53035     ", "classification-value" : "A", "sequence" : "8", "symbol-position" : "L" }, { "action-date" : { "date" : "20130101" }, "classification-data-source" : "H", "classification-scheme" : { "date" : "20130101", "office" : "EP", "scheme" : "CPC" }, "classification-status" : "B", "classification-symbol" : "A61F2013/530583    ", "classification-value" : "A", "sequence" : "9", "symbol-position" : "L" }, { "action-date" : { "date" : "20130101" }, "classification-data-source" : "H", "classification-scheme" : { "date" : "20130101", "office" : "EP", "scheme" : "CPC" }, "classification-status" : "B", "classification-symbol" : "A61F2013/530613    ", "classification-value" : "A", "sequence" : "10", "symbol-position" : "L" }, { "action-date" : { "date" : "20130101" }, "classification-data-source" : "H", "classification-scheme" : { "date" : "20130101", "office" : "EP", "scheme" : "CPC" }, "classification-status" : "B", "classification-symbol" : "A61F2013/53062     ", "classification-value" : "A", "sequence" : "11", "symbol-position" : "L" } ] }, "priority-claims" : { "priority-claim" : [ { "data-format" : "docdb", "document-id" : { "country" : "US", "date" : 19900123, "doc-number" : "46854990", "kind" : "A" }, "priority-active-indicator" : "Y", "sequence" : "1" }, { "data-format" : "epodoc", "document-id" : { "doc-number" : "US19900468549" }, "sequence" : "1" }, { "data-format" : "docdb", "document-id" : { "country" : "US", "date" : 19901217, "doc-number" : "62577690", "kind" : "A" }, "priority-active-indicator" : "Y", "sequence" : "2" }, { "data-format" : "epodoc", "document-id" : { "doc-number" : "US19900625776" }, "sequence" : "2" }, { "data-format" : "original", "document-id" : { "doc-number" : "1990    468549" }, "sequence" : "1" }, { "data-format" : "original", "document-id" : { "doc-number" : "1990    625776" }, "sequence" : "2" } ] }, "publication-reference" : [ { "data-format" : "docdb", "document-id" : { "country" : "CZ", "date" : 20020717, "doc-number" : "290313", "kind" : "B6" } }, { "data-format" : "epodoc", "document-id" : { "doc-number" : "CZ290313" } } ] }, "country" : "CZ", "date-added-docdb" : 20020831, "date-of-last-exchange" : 20150917, "date-of-previous-exchange" : 20120726, "date-publ" : 20020717, "doc-id" : "303251503", "doc-number" : "290313", "family-id" : "27042444", "is-representative" : "YES", "kind" : "B6", "originating-office" : "EP", "patent-family" : { "family-member" : [ { "application-reference" : [ { "data-format" : "docdb", "document-id" : { "country" : "AT", "doc-number" : "91903049", "kind" : "T" }, "is-representative" : "NO" }, { "data-format" : "epodoc", "document-id" : { "doc-number" : "AT19910903049T" } } ], "publication-reference" : [ { "data-format" : "docdb", "document-id" : { "country" : "AT", "doc-number" : "158162", "kind" : "T" }, "sequence" : "1" }, { "data-format" : "epodoc", "document-id" : { "doc-number" : "AT158162T" }, "sequence" : "1" } ] }, { "application-reference" : [ { "data-format" : "docdb", "document-id" : { "country" : "AU", "doc-number" : "7183791", "kind" : "A" }, "is-representative" : "NO" }, { "data-format" : "epodoc", "document-id" : { "doc-number" : "AU19910071837" } } ], "publication-reference" : [ { "data-format" : "docdb", "document-id" : { "country" : "AU", "doc-number" : "658361", "kind" : "B2" }, "sequence" : "1" }, { "data-format" : "epodoc", "document-id" : { "doc-number" : "AU658361B" }, "sequence" : "1" }, { "data-format" : "docdb", "document-id" : { "country" : "AU", "doc-number" : "7183791", "kind" : "A" }, "sequence" : "2" }, { "data-format" : "epodoc", "document-id" : { "doc-number" : "AU7183791" }, "sequence" : "2" } ] }, { "application-reference" : [ { "data-format" : "docdb", "document-id" : { "country" : "BR", "doc-number" : "9105936", "kind" : "A" }, "is-representative" : "NO" }, { "data-format" : "epodoc", "document-id" : { "doc-number" : "BR19919105936" } } ], "publication-reference" : [ { "data-format" : "docdb", "document-id" : { "country" : "BR", "doc-number" : "9105936", "kind" : "A" }, "sequence" : "1" }, { "data-format" : "epodoc", "document-id" : { "doc-number" : "BR9105936" }, "sequence" : "1" } ] }, { "application-reference" : [ { "data-format" : "docdb", "document-id" : { "country" : "CA", "doc-number" : "2069443", "kind" : "A" }, "is-representative" : "NO" }, { "data-format" : "epodoc", "document-id" : { "doc-number" : "CA19912069443" } } ], "publication-reference" : [ { "data-format" : "docdb", "document-id" : { "country" : "CA", "doc-number" : "2069443", "kind" : "A1" }, "sequence" : "1" }, { "data-format" : "epodoc", "document-id" : { "doc-number" : "CA2069443" }, "sequence" : "1" }, { "data-format" : "docdb", "document-id" : { "country" : "CA", "doc-number" : "2069443", "kind" : "C" }, "sequence" : "2" }, { "data-format" : "epodoc", "document-id" : { "doc-number" : "CA2069443" }, "sequence" : "2" } ] }, { "application-reference" : [ { "data-format" : "docdb", "document-id" : { "country" : "CN", "doc-number" : "91100538", "kind" : "A" }, "is-representative" : "NO" }, { "data-format" : "epodoc", "document-id" : { "doc-number" : "CN1991100538" } } ], "publication-reference" : [ { "data-format" : "docdb", "document-id" : { "country" : "CN", "doc-number" : "1035715", "kind" : "C" }, "sequence" : "1" }, { "data-format" : "epodoc", "document-id" : { "doc-number" : "CN1035715C" }, "sequence" : "1" }, { "data-format" : "docdb", "document-id" : { "country" : "CN", "doc-number" : "1053544", "kind" : "A" }, "sequence" : "2" }, { "data-format" : "epodoc", "document-id" : { "doc-number" : "CN1053544" }, "sequence" : "2" } ] }, { "application-reference" : [ { "data-format" : "docdb", "document-id" : { "country" : "CS", "doc-number" : "13691", "kind" : "A" }, "is-representative" : "NO" }, { "data-format" : "epodoc", "document-id" : { "doc-number" : "CS19910000136" } } ], "publication-reference" : [ { "data-format" : "docdb", "document-id" : { "country" : "CS", "doc-number" : "9100136", "kind" : "A3" }, "sequence" : "1" }, { "data-format" : "epodoc", "document-id" : { "doc-number" : "CS9100136" }, "sequence" : "1" }, { "data-format" : "docdb", "document-id" : { "country" : "CZ", "doc-number" : "290313", "kind" : "B6" }, "sequence" : "2" }, { "data-format" : "epodoc", "document-id" : { "doc-number" : "CZ290313" }, "sequence" : "2" } ] }, { "application-reference" : [ { "data-format" : "docdb", "document-id" : { "country" : "CZ", "doc-number" : "263394", "kind" : "A" }, "is-representative" : "NO" }, { "data-format" : "epodoc", "document-id" : { "doc-number" : "CZ19940002633" } } ], "publication-reference" : [ { "data-format" : "docdb", "document-id" : { "country" : "CZ", "doc-number" : "289768", "kind" : "B6" }, "sequence" : "1" }, { "data-format" : "epodoc", "document-id" : { "doc-number" : "CZ289768" }, "sequence" : "1" } ] }, { "application-reference" : [ { "data-format" : "docdb", "document-id" : { "country" : "DE", "doc-number" : "69127689", "kind" : "A" }, "is-representative" : "NO" }, { "data-format" : "epodoc", "document-id" : { "doc-number" : "DE1991627689" } } ], "publication-reference" : [ { "data-format" : "docdb", "document-id" : { "country" : "DE", "doc-number" : "69127689", "kind" : "D1" }, "sequence" : "1" }, { "data-format" : "epodoc", "document-id" : { "doc-number" : "DE69127689D" }, "sequence" : "1" } ] }, { "application-reference" : [ { "data-format" : "docdb", "document-id" : { "country" : "DE", "doc-number" : "69127689", "kind" : "T" }, "is-representative" : "NO" }, { "data-format" : "epodoc", "document-id" : { "doc-number" : "DE1991627689T" } } ], "publication-reference" : [ { "data-format" : "docdb", "document-id" : { "country" : "DE", "doc-number" : "69127689", "kind" : "T2" }, "sequence" : "1" }, { "data-format" : "epodoc", "document-id" : { "doc-number" : "DE69127689T" }, "sequence" : "1" } ] }, { "application-reference" : [ { "data-format" : "docdb", "document-id" : { "country" : "DK", "doc-number" : "91903049", "kind" : "T" }, "is-representative" : "NO" }, { "data-format" : "epodoc", "document-id" : { "doc-number" : "DK19910903049T" } } ], "publication-reference" : [ { "data-format" : "docdb", "document-id" : { "country" : "DK", "doc-number" : "0512010", "kind" : "T3" }, "sequence" : "1" }, { "data-format" : "epodoc", "document-id" : { "doc-number" : "DK0512010T" }, "sequence" : "1" } ] }, { "application-reference" : [ { "data-format" : "docdb", "document-id" : { "country" : "EG", "doc-number" : "4491", "kind" : "A" }, "is-representative" : "NO" }, { "data-format" : "epodoc", "document-id" : { "doc-number" : "EG19910000044" } } ], "publication-reference" : [ { "data-format" : "docdb", "document-id" : { "country" : "EG", "doc-number" : "19130", "kind" : "A" }, "sequence" : "1" }, { "data-format" : "epodoc", "document-id" : { "doc-number" : "EG19130" }, "sequence" : "1" } ] }, { "application-reference" : [ { "data-format" : "docdb", "document-id" : { "country" : "EP", "doc-number" : "91903049", "kind" : "A" }, "is-representative" : "NO" }, { "data-format" : "epodoc", "document-id" : { "doc-number" : "EP19910903049" } } ], "publication-reference" : [ { "data-format" : "docdb", "document-id" : { "country" : "EP", "doc-number" : "0512010", "kind" : "A1" }, "sequence" : "1" }, { "data-format" : "epodoc", "document-id" : { "doc-number" : "EP0512010" }, "sequence" : "1" }, { "data-format" : "docdb", "document-id" : { "country" : "EP", "doc-number" : "0512010", "kind" : "A4" }, "sequence" : "2" }, { "data-format" : "epodoc", "document-id" : { "doc-number" : "EP0512010" }, "sequence" : "2" }, { "data-format" : "docdb", "document-id" : { "country" : "EP", "doc-number" : "0512010", "kind" : "B1" }, "sequence" : "3" }, { "data-format" : "epodoc", "document-id" : { "doc-number" : "EP0512010" }, "sequence" : "3" } ] }, { "application-reference" : [ { "data-format" : "docdb", "document-id" : { "country" : "ES", "doc-number" : "91903049", "kind" : "T" }, "is-representative" : "NO" }, { "data-format" : "epodoc", "document-id" : { "doc-number" : "ES19910903049T" } } ], "publication-reference" : [ { "data-format" : "docdb", "document-id" : { "country" : "ES", "doc-number" : "2106775", "kind" : "T3" }, "sequence" : "1" }, { "data-format" : "epodoc", "document-id" : { "doc-number" : "ES2106775T" }, "sequence" : "1" } ] }, { "application-reference" : [ { "data-format" : "docdb", "document-id" : { "country" : "FI", "doc-number" : "923341", "kind" : "A" }, "is-representative" : "NO" }, { "data-format" : "epodoc", "document-id" : { "doc-number" : "FI19920003341" } } ], "publication-reference" : [ { "data-format" : "docdb", "document-id" : { "country" : "FI", "doc-number" : "112597", "kind" : "B" }, "sequence" : "1" }, { "data-format" : "epodoc", "document-id" : { "doc-number" : "FI112597B" }, "sequence" : "1" }, { "data-format" : "docdb", "document-id" : { "country" : "FI", "doc-number" : "923341", "kind" : "A" }, "sequence" : "2" }, { "data-format" : "epodoc", "document-id" : { "doc-number" : "FI923341" }, "sequence" : "2" }, { "data-format" : "docdb", "document-id" : { "country" : "FI", "doc-number" : "923341", "kind" : "A0" }, "sequence" : "3" }, { "data-format" : "epodoc", "document-id" : { "doc-number" : "FI923341" }, "sequence" : "3" } ] }, { "application-reference" : [ { "data-format" : "docdb", "document-id" : { "country" : "GR", "doc-number" : "97402294", "kind" : "T" }, "is-representative" : "NO" }, { "data-format" : "epodoc", "document-id" : { "doc-number" : "GR19970402294T" } } ], "publication-reference" : [ { "data-format" : "docdb", "document-id" : { "country" : "GR", "doc-number" : "3024773", "kind" : "T3" }, "sequence" : "1" }, { "data-format" : "epodoc", "document-id" : { "doc-number" : "GR3024773T" }, "sequence" : "1" } ] }, { "application-reference" : [ { "data-format" : "docdb", "document-id" : { "country" : "HK", "doc-number" : "98102132", "kind" : "A" }, "is-representative" : "NO" }, { "data-format" : "epodoc", "document-id" : { "doc-number" : "HK19980102132" } } ], "publication-reference" : [ { "data-format" : "docdb", "document-id" : { "country" : "HK", "doc-number" : "1003027", "kind" : "A1" }, "sequence" : "1" }, { "data-format" : "epodoc", "document-id" : { "doc-number" : "HK1003027" }, "sequence" : "1" } ] }, { "application-reference" : [ { "data-format" : "docdb", "document-id" : { "country" : "HU", "doc-number" : "212591", "kind" : "Q" }, "is-representative" : "NO" }, { "data-format" : "epodoc", "document-id" : { "doc-number" : "HU19910002125Q" } } ], "publication-reference" : [ { "data-format" : "docdb", "document-id" : { "country" : "HU", "doc-number" : "T63760", "kind" : "A" }, "sequence" : "1" }, { "data-format" : "epodoc", "document-id" : { "doc-number" : "HUT63760" }, "sequence" : "1" } ] }, { "application-reference" : [ { "data-format" : "docdb", "document-id" : { "country" : "HU", "doc-number" : "212592", "kind" : "A" }, "is-representative" : "NO" }, { "data-format" : "epodoc", "document-id" : { "doc-number" : "HU19920002125" } } ], "publication-reference" : [ { "data-format" : "docdb", "document-id" : { "country" : "HU", "doc-number" : "215911", "kind" : "B" }, "sequence" : "1" }, { "data-format" : "epodoc", "document-id" : { "doc-number" : "HU215911" }, "sequence" : "1" } ] }, { "application-reference" : [ { "data-format" : "docdb", "document-id" : { "country" : "IE", "doc-number" : "22491", "kind" : "A" }, "is-representative" : "NO" }, { "data-format" : "epodoc", "document-id" : { "doc-number" : "IE19910000224" } } ], "publication-reference" : [ { "data-format" : "docdb", "document-id" : { "country" : "IE", "doc-number" : "80401", "kind" : "B1" }, "sequence" : "1" }, { "data-format" : "epodoc", "document-id" : { "doc-number" : "IE80401" }, "sequence" : "1" }, { "data-format" : "docdb", "document-id" : { "country" : "IE", "doc-number" : "910224", "kind" : "A1" }, "sequence" : "2" }, { "data-format" : "epodoc", "document-id" : { "doc-number" : "IE910224" }, "sequence" : "2" } ] }, { "application-reference" : [ { "data-format" : "docdb", "document-id" : { "country" : "JP", "doc-number" : "50336891", "kind" : "A" }, "is-representative" : "NO" }, { "data-format" : "epodoc", "document-id" : { "doc-number" : "JP19910503368" } } ], "publication-reference" : [ { "data-format" : "docdb", "document-id" : { "country" : "JP", "doc-number" : "3696880", "kind" : "B2" }, "sequence" : "1" }, { "data-format" : "epodoc", "document-id" : { "doc-number" : "JP3696880B" }, "sequence" : "1" }, { "data-format" : "docdb", "document-id" : { "country" : "JP", "doc-number" : "H05503446", "kind" : "A" }, "sequence" : "2" }, { "data-format" : "epodoc", "document-id" : { "doc-number" : "JPH05503446" }, "sequence" : "2" } ] }, { "application-reference" : [ { "data-format" : "docdb", "document-id" : { "country" : "MA", "doc-number" : "22321", "kind" : "A" }, "is-representative" : "NO" }, { "data-format" : "epodoc", "document-id" : { "doc-number" : "MA19910022321" } } ], "publication-reference" : [ { "data-format" : "docdb", "document-id" : { "country" : "MA", "doc-number" : "22048", "kind" : "A1" }, "sequence" : "1" }, { "data-format" : "epodoc", "document-id" : { "doc-number" : "MA22048" }, "sequence" : "1" } ] }, { "application-reference" : [ { "data-format" : "docdb", "document-id" : { "country" : "NZ", "doc-number" : "23685491", "kind" : "A" }, "is-representative" : "NO" }, { "data-format" : "epodoc", "document-id" : { "doc-number" : "NZ19910236854" } } ], "publication-reference" : [ { "data-format" : "docdb", "document-id" : { "country" : "NZ", "doc-number" : "236854", "kind" : "A" }, "sequence" : "1" }, { "data-format" : "epodoc", "document-id" : { "doc-number" : "NZ236854" }, "sequence" : "1" } ] }, { "application-reference" : [ { "data-format" : "docdb", "document-id" : { "country" : "PH", "doc-number" : "4186691", "kind" : "A" }, "is-representative" : "NO" }, { "data-format" : "epodoc", "document-id" : { "doc-number" : "PH19910041866" } } ], "publication-reference" : [ { "data-format" : "docdb", "document-id" : { "country" : "PH", "doc-number" : "30767", "kind" : "A" }, "sequence" : "1" }, { "data-format" : "epodoc", "document-id" : { "doc-number" : "PH30767" }, "sequence" : "1" } ] }, { "application-reference" : [ { "data-format" : "docdb", "document-id" : { "country" : "PL", "doc-number" : "28881291", "kind" : "A" }, "is-representative" : "NO" }, { "data-format" : "epodoc", "document-id" : { "doc-number" : "PL19910288812" } } ], "publication-reference" : [ { "data-format" : "docdb", "document-id" : { "country" : "PL", "doc-number" : "166930", "kind" : "B1" }, "sequence" : "1" }, { "data-format" : "epodoc", "document-id" : { "doc-number" : "PL166930B" }, "sequence" : "1" }, { "data-format" : "docdb", "document-id" : { "country" : "PL", "doc-number" : "288812", "kind" : "A1" }, "sequence" : "2" }, { "data-format" : "epodoc", "document-id" : { "doc-number" : "PL288812" }, "sequence" : "2" } ] }, { "application-reference" : [ { "data-format" : "docdb", "document-id" : { "country" : "PL", "doc-number" : "30309291", "kind" : "A" }, "is-representative" : "NO" }, { "data-format" : "epodoc", "document-id" : { "doc-number" : "PL19910303092" } } ], "publication-reference" : [ { "data-format" : "docdb", "document-id" : { "country" : "PL", "doc-number" : "168533", "kind" : "B1" }, "sequence" : "1" }, { "data-format" : "epodoc", "document-id" : { "doc-number" : "PL168533B" }, "sequence" : "1" } ] }, { "application-reference" : [ { "data-format" : "docdb", "document-id" : { "country" : "PT", "doc-number" : "9654491", "kind" : "A" }, "is-representative" : "NO" }, { "data-format" : "epodoc", "document-id" : { "doc-number" : "PT19910096544" } } ], "publication-reference" : [ { "data-format" : "docdb", "document-id" : { "country" : "PT", "doc-number" : "96544", "kind" : "A" }, "sequence" : "1" }, { "data-format" : "epodoc", "document-id" : { "doc-number" : "PT96544" }, "sequence" : "1" }, { "data-format" : "docdb", "document-id" : { "country" : "PT", "doc-number" : "96544", "kind" : "B" }, "sequence" : "2" }, { "data-format" : "epodoc", "document-id" : { "doc-number" : "PT96544" }, "sequence" : "2" } ] }, { "application-reference" : [ { "data-format" : "docdb", "document-id" : { "country" : "SG", "doc-number" : "9608379", "kind" : "A" }, "is-representative" : "NO" }, { "data-format" : "epodoc", "document-id" : { "doc-number" : "SG19960008379" } } ], "publication-reference" : [ { "data-format" : "docdb", "document-id" : { "country" : "SG", "doc-number" : "72670", "kind" : "A1" }, "sequence" : "1" }, { "data-format" : "epodoc", "document-id" : { "doc-number" : "SG72670" }, "sequence" : "1" } ] }, { "application-reference" : [ { "data-format" : "docdb", "document-id" : { "country" : "SU", "doc-number" : "5052730", "kind" : "A" }, "is-representative" : "NO" }, { "data-format" : "epodoc", "document-id" : { "doc-number" : "SU19915052730" } } ], "publication-reference" : [ { "data-format" : "docdb", "document-id" : { "country" : "RU", "doc-number" : "2090170", "kind" : "C1" }, "sequence" : "1" }, { "data-format" : "epodoc", "document-id" : { "doc-number" : "RU2090170" }, "sequence" : "1" } ] }, { "application-reference" : [ { "data-format" : "docdb", "document-id" : { "country" : "TR", "doc-number" : "7991", "kind" : "A" }, "is-representative" : "NO" }, { "data-format" : "epodoc", "document-id" : { "doc-number" : "TR19910000079" } } ], "publication-reference" : [ { "data-format" : "docdb", "document-id" : { "country" : "TR", "doc-number" : "27249", "kind" : "A" }, "sequence" : "1" }, { "data-format" : "epodoc", "document-id" : { "doc-number" : "TR27249" }, "sequence" : "1" } ] }, { "application-reference" : [ { "data-format" : "docdb", "document-id" : { "country" : "US", "doc-number" : "9100169", "kind" : "W" }, "is-representative" : "YES" }, { "data-format" : "epodoc", "document-id" : { "doc-number" : "WO1991US00169" } } ], "publication-reference" : [ { "data-format" : "docdb", "document-id" : { "country" : "WO", "doc-number" : "9111163", "kind" : "A1" }, "sequence" : "1" }, { "data-format" : "epodoc", "document-id" : { "doc-number" : "WO9111163" }, "sequence" : "1" } ] }, { "application-reference" : [ { "data-format" : "docdb", "document-id" : { "country" : "US", "doc-number" : "33223894", "kind" : "A" }, "is-representative" : "NO" }, { "data-format" : "epodoc", "document-id" : { "doc-number" : "US19940332238" } } ], "publication-reference" : [ { "data-format" : "docdb", "document-id" : { "country" : "US", "doc-number" : "5531728", "kind" : "A" }, "sequence" : "1" }, { "data-format" : "epodoc", "document-id" : { "doc-number" : "US5531728" }, "sequence" : "1" } ] }, { "application-reference" : [ { "data-format" : "docdb", "document-id" : { "country" : "US", "doc-number" : "62577690", "kind" : "A" }, "is-representative" : "NO" }, { "data-format" : "epodoc", "document-id" : { "doc-number" : "US19900625776" } } ], "publication-reference" : [ { "data-format" : "docdb", "document-id" : { "country" : "US", "doc-number" : "5360420", "kind" : "A" }, "sequence" : "1" }, { "data-format" : "epodoc", "document-id" : { "doc-number" : "US5360420" }, "sequence" : "1" } ] } ] }, "status" : "A" } } }, "country" : "CZ", "patentNumber" : "290313", "kindcode" : "B6", "doDate" : 20020717, "fileType" : 2, "docdbDoDate" : { "$date" : "2015-09-17T00:00:00.000+0000" }, "pto" : "DOCDB", "xsd" : "v2.5.3", "relRawdatas" : [ { "_id" : "DOCDB-201538-Amend-PubDate20150911AndBefore-CZ-0004.xml/303251503" } ], "tagAndFile" : [ { "file" : "DocdbMarshallDataImporter.groovy", "tag" : "1.0.0" } ], "mongoSyncFlag" : { "init" : { "$date" : "2015-12-30T04:31:04.415+0000" }, "last" : { "$date" : "2015-12-30T04:31:04.415+0000" } } }