{ "_id" : "DOCDB-201511-003-CZ-0003.xml/303251503", "data" : { "expansion" : { "exchange-document" : { "abstract" : [ { "abstract-source" : "national office", "data-format" : "docdba", "lang" : "en", "p" : [ { "value" : [ "The present invention relates to an absorbent article intended for acquisition, distribution, and storage of bodily fluids and comprising: (a) a fluid pervious topsheet; (b) a fluid impervious backsheet affixed to said topsheet; and (c) a fluid absorbent core disposed between said topsheet and said backsheet, said absorbent core having: (i) a fluid acquisition/distribution layer comprising from about 50 to 100 percent by weight of hydrophilic chemically stiffened cellulosic fibers and from 0 to about 50 percent by weight of a binding means for said fibers and at the most 6 percent by weight of superabsorbent material;  and (ii) a fluid storage layer, positioned beneath said acquisition/distribution layer relative to said topsheet, comprising at least about 15 percent by weight of superabsorbent material and from 0 to about 85 percent by weight of a carrier means for said superabsorbent material; wherein said acquisition/distribution layer having an average density upon saturation with 1 percent sodium chloride  aqueous solution, of less than about 0.20 g/cc and having a top surface area which is from about 15 to about 95 percent of, and smaller than, the top surface area of said fluid storage layer." ] } ] }, { "data-format" : "original", "p" : [ { "value" : [ " e en  se t²k  absorp n ho v²robku ur en ho pro zachycov n , rozd lov n  a akumulaci t lesn²ch tekutin, obsahuj c ho a) vrchn  list, propustn² pro tekutinu, b) spodn  list, nepropustn² pro tekutinu, kter² je p°ipevn n k vrchn mu listu, a c) absorbentov  j dro pro tekutinu, um st n  mezi vrchn m listem a spodn m listem, kter  obsahuje i) zachycovac  a rozd lovac  vrstvu, kter  obsahuje od 50 % do 100 % chemicky vyztu en²ch celul zov²ch vl ken, od 0 % do 50 % vazebn ho prost°edku a nejv² e 6 % hmotnostn ch superabsorbentov ho materi lu; a ii) akumula n  vrstvu, um st nou pod zachycovac  a rozd lovac  vrstvou a obsahuj c  alespo  15 % superabsorbentov ho materi lu a od 0 % do 85 % nosi ov ho prost°edku pro superabsorbentov² materi l; kdy uveden  zachycovac  a rozd lovac  vrstva - m  pr m rnou hustotu po nasycen  1% vodn²m roztokem chloridu sodn ho ni    ne  0,20 g.cm.sup.-3.n., - a jej  vrchn  povrchov  plocha je od 15 % do 95 % vrchn  povrchov  plochy akumula n  vrstvy.\\" ] } ] } ], "bibliographic-data" : { "application-reference" : [ { "data-format" : "docdb", "doc-id" : "8847849", "document-id" : { "country" : "CS", "date" : 19910122, "doc-number" : "13691", "kind" : "A" }, "is-representative" : "NO" }, { "data-format" : "epodoc", "document-id" : { "doc-number" : "CS19910000136" } }, { "data-format" : "original", "document-id" : { "doc-number" : "1991         136" } } ], "classification-ipc" : { "edition" : "7", "further-classification" : [ { "value" : " 7A 61F  13/47   B" }, { "value" : " 7A 61L  15/60   B" } ], "main-classification" : [ " 7A 61F  13/531  A" ] }, "classifications-ipcr" : { "classification-ipcr" : [ { "sequence" : "1", "text" : "A61F  13/53        20060101AFI20060310RMJP        " }, { "sequence" : "2", "text" : "A61F  13/00        20060101ALI20060310RMJP        " }, { "sequence" : "3", "text" : "A61F  13/15        20060101A I20051008RMEP        " }, { "sequence" : "4", "text" : "A61F  13/47        20060101ALI20001127RMRU        " }, { "sequence" : "5", "text" : "A61F  13/49        20060101ALI20060310RMJP        " }, { "sequence" : "6", "text" : "A61F  13/531       20060101ALI20061009BMCZ        " }, { "sequence" : "7", "text" : "A61L  15/60        20060101ALI20061009BMCZ        " } ] }, "dates-of-public-availability" : { "printed-with-grant" : { "document-id" : { "date" : 20020717 } } }, "invention-title" : [ { "data-format" : "docdba", "lang" : "en", "value" : [ "Absorbent article for acquisition, distribution, and storage of bodily fluids" ] }, { "data-format" : "original", "value" : [ "Absorpční výrobek pro zachycování, rozdělování a akumulaci tělesných tekutin" ] } ], "parties" : { "applicants" : { "applicant" : [ { "applicant-name" : [ { "name" : [ { "value" : "PROCTER & GAMBLE" } ] } ], "data-format" : "docdb", "residence" : { "country" : "US" }, "sequence" : "1" }, { "applicant-name" : [ { "name" : [ { "value" : "THE PROCTER AND GAMBLE COMPANY" } ] } ], "data-format" : "docdba", "sequence" : "1" }, { "applicant-name" : [ { "name" : [ { "value" : "THE PROCTER AND GAMBLE COMPANY" } ] } ], "data-format" : "original", "sequence" : "1" } ] }, "inventors" : { "inventor" : [ { "data-format" : "docdb", "inventor-name" : [ { "name" : [ { "value" : "COOK JEFFREY TODD" } ] } ], "residence" : { "country" : "US" }, "sequence" : "1" }, { "data-format" : "docdb", "inventor-name" : [ { "name" : [ { "value" : "MOORE DANNY RAYMOND" } ] } ], "residence" : { "country" : "US" }, "sequence" : "2" }, { "data-format" : "docdb", "inventor-name" : [ { "name" : [ { "value" : "LASH GLEN RAY" } ] } ], "residence" : { "country" : "US" }, "sequence" : "3" }, { "data-format" : "docdb", "inventor-name" : [ { "name" : [ { "value" : "YOUNG GERALD ALFRED" } ] } ], "residence" : { "country" : "US" }, "sequence" : "4" }, { "data-format" : "docdba", "inventor-name" : [ { "name" : [ { "value" : "COOK JEFFREY TODD" } ] } ], "sequence" : "1" }, { "data-format" : "docdba", "inventor-name" : [ { "name" : [ { "value" : "MOORE DANNY RAYMOND" } ] } ], "sequence" : "2" }, { "data-format" : "docdba", "inventor-name" : [ { "name" : [ { "value" : "LASH GLEN RAY" } ] } ], "sequence" : "3" }, { "data-format" : "docdba", "inventor-name" : [ { "name" : [ { "value" : "YOUNG GERALD ALFRED" } ] } ], "sequence" : "4" }, { "data-format" : "original", "inventor-name" : [ { "name" : [ { "value" : "COOK JEFFREY TODD" } ] } ], "sequence" : "1" }, { "data-format" : "original", "inventor-name" : [ { "name" : [ { "value" : "MOORE DANNY RAYMOND" } ] } ], "sequence" : "2" }, { "data-format" : "original", "inventor-name" : [ { "name" : [ { "value" : "LASH GLEN RAY" } ] } ], "sequence" : "3" }, { "data-format" : "original", "inventor-name" : [ { "name" : [ { "value" : "YOUNG GERALD ALFRED" } ] } ], "sequence" : "4" } ] } }, "patent-classifications" : { "patent-classification" : [ { "action-date" : { "date" : "20130101" }, "classification-data-source" : "H", "classification-scheme" : { "date" : "20130101", "office" : "EP", "scheme" : "CPC" }, "classification-status" : "B", "classification-symbol" : "A61F  13/53747     ", "classification-value" : "I", "sequence" : "1", "symbol-position" : "F" }, { "action-date" : { "date" : "20130101" }, "classification-data-source" : "H", "classification-scheme" : { "date" : "20130101", "office" : "EP", "scheme" : "CPC" }, "classification-status" : "B", "classification-symbol" : "A61F  13/15203     ", "classification-value" : "I", "sequence" : "2", "symbol-position" : "L" }, { "action-date" : { "date" : "20130101" }, "classification-data-source" : "H", "classification-scheme" : { "date" : "20130101", "office" : "EP", "scheme" : "CPC" }, "classification-status" : "B", "classification-symbol" : "A61F  13/537       ", "classification-value" : "A", "sequence" : "3", "symbol-position" : "L" }, { "action-date" : { "date" : "20130101" }, "classification-data-source" : "H", "classification-scheme" : { "date" : "20130101", "office" : "EP", "scheme" : "CPC" }, "classification-status" : "B", "classification-symbol" : "A61F2013/15406     ", "classification-value" : "A", "sequence" : "4", "symbol-position" : "L" }, { "action-date" : { "date" : "20130101" }, "classification-data-source" : "H", "classification-scheme" : { "date" : "20130101", "office" : "EP", "scheme" : "CPC" }, "classification-status" : "B", "classification-symbol" : "A61F2013/15422     ", "classification-value" : "A", "sequence" : "5", "symbol-position" : "L" }, { "action-date" : { "date" : "20130101" }, "classification-data-source" : "H", "classification-scheme" : { "date" : "20130101", "office" : "EP", "scheme" : "CPC" }, "classification-status" : "B", "classification-symbol" : "A61F2013/530007    ", "classification-value" : "A", "sequence" : "6", "symbol-position" : "L" }, { "action-date" : { "date" : "20130101" }, "classification-data-source" : "H", "classification-scheme" : { "date" : "20130101", "office" : "EP", "scheme" : "CPC" }, "classification-status" : "B", "classification-symbol" : "A61F2013/530021    ", "classification-value" : "A", "sequence" : "7", "symbol-position" : "L" }, { "action-date" : { "date" : "20130101" }, "classification-data-source" : "H", "classification-scheme" : { "date" : "20130101", "office" : "EP", "scheme" : "CPC" }, "classification-status" : "B", "classification-symbol" : "A61F2013/53035     ", "classification-value" : "A", "sequence" : "8", "symbol-position" : "L" }, { "action-date" : { "date" : "20130101" }, "classification-data-source" : "H", "classification-scheme" : { "date" : "20130101", "office" : "EP", "scheme" : "CPC" }, "classification-status" : "B", "classification-symbol" : "A61F2013/530583    ", "classification-value" : "A", "sequence" : "9", "symbol-position" : "L" }, { "action-date" : { "date" : "20130101" }, "classification-data-source" : "H", "classification-scheme" : { "date" : "20130101", "office" : "EP", "scheme" : "CPC" }, "classification-status" : "B", "classification-symbol" : "A61F2013/530613    ", "classification-value" : "A", "sequence" : "10", "symbol-position" : "L" }, { "action-date" : { "date" : "20130101" }, "classification-data-source" : "H", "classification-scheme" : { "date" : "20130101", "office" : "EP", "scheme" : "CPC" }, "classification-status" : "B", "classification-symbol" : "A61F2013/53062     ", "classification-value" : "A", "sequence" : "11", "symbol-position" : "L" } ] }, "priority-claims" : { "priority-claim" : [ { "data-format" : "docdb", "document-id" : { "country" : "US", "date" : 19900123, "doc-number" : "46854990", "kind" : "A" }, "priority-active-indicator" : "Y", "sequence" : "1" }, { "data-format" : "epodoc", "document-id" : { "doc-number" : "US19900468549" }, "sequence" : "1" }, { "data-format" : "docdb", "document-id" : { "country" : "US", "date" : 19901217, "doc-number" : "62577690", "kind" : "A" }, "priority-active-indicator" : "Y", "sequence" : "2" }, { "data-format" : "epodoc", "document-id" : { "doc-number" : "US19900625776" }, "sequence" : "2" }, { "data-format" : "original", "document-id" : { "doc-number" : "1990    468549" }, "sequence" : "1" }, { "data-format" : "original", "document-id" : { "doc-number" : "1990    625776" }, "sequence" : "2" } ] }, "publication-reference" : [ { "data-format" : "docdb", "document-id" : { "country" : "CZ", "date" : 20020717, "doc-number" : "290313", "kind" : "B6" } }, { "data-format" : "epodoc", "document-id" : { "doc-number" : "CZ290313" } } ] }, "country" : "CZ", "date-added-docdb" : 20020831, "date-of-last-exchange" : 20150206, "date-publ" : 20020717, "doc-id" : "303251503", "doc-number" : "290313", "family-id" : "27042444", "is-representative" : "YES", "kind" : "B6", "originating-office" : "EP" } } }, "country" : "CZ", "patentNumber" : "290313", "kindcode" : "B6", "doDate" : 20020717, "fileType" : 0, "docdbDoDate" : { "$date" : "2002-07-17T00:00:00.000+0000" }, "pto" : "DOCDB", "xsd" : "v2.4.4", "relRawdatas" : [ { "_id" : "DOCDB-201511-003-CZ-0003.xml/303251503" } ], "tagAndFile" : [ { "file" : "DocdbMarshallDataImporter.groovy", "tag" : "1.0.0" } ], "mongoSyncFlag" : { "init" : { "$date" : "2015-12-30T03:44:41.977+0000" }, "last" : { "$date" : "2015-12-30T03:44:41.977+0000" } } }