<?xml version="1.0" encoding="UTF-8"?>

<configuration scan="true" scanPeriod="30 seconds">

    <timestamp key="byYYYYMMDD" datePattern="yyyyMMdd"/>
    
    <property name="LOG_HOME" value="./logs" />
 
	<appender name="STDOUT" class="ch.qos.logback.core.ConsoleAppender">
		<encoder>
			<pattern>%d{dd@HH:mm:ss} %-5p [%c{0}.%M] %m %n</pattern>
		</encoder>
	</appender>
	
	<appender name="FILE" class="ch.qos.logback.core.rolling.RollingFileAppender">
		<Append>true</Append>
        <File>${LOG_HOME}/${byYYYYMMDD}.log</File>
		<encoder>
			<pattern>%d{dd@HH:mm:ss} %-5p [%c{0}.%M] %m %n</pattern>
		</encoder>
		<rollingPolicy class="ch.qos.logback.core.rolling.TimeBasedRollingPolicy">
			<fileNamePattern>process.log.%d{yyyy-MM-dd}</fileNamePattern>
		</rollingPolicy>
	</appender>

	<root level="INFO">
		<appender-ref ref="STDOUT" />
		<appender-ref ref="FILE" />
	</root>
 
</configuration>
