{ "_id" : "DOCDB-201511-003-CZ-0003.xml/303504657", "data" : { "expansion" : { "exchange-document" : { "abstract" : [ { "abstract-source" : "national office", "data-format" : "docdba", "lang" : "en", "p" : [ { "value" : [ "The present invention relates to a concentrate of at least one additive, pigment or filling agent or combinations thereof to be used in the processing of polymers or copolymers of olefins, said concentrate being in the form of non-extruded particles, wherein each particle comprising: (A) a matrix consisting of a non-extruded particle of an olefin polymer or copolymer having a porosity, higher than 18 percent and with a 90 percent ratio of pores having diameter greater than 1000 nm, wherein the porosity is expressed in percentage of voids on the total volume of the particle as measured by mercury porosimetry at pressure up to 0.25 MPa, and (B) at least one additive, pigment or a filling agent, or combinations thereof, deposited on the surface of the matrix (A) and/or inside the matrix (A) pores." ] } ] }, { "data-format" : "original", "p" : [ { "value" : [ "Koncentr t alespo  jednoho aditiva, pigmentu nebo plniva nebo jejich kombinace, kter² je pou iteln² p°i zpracov n  polymer  nebo kopolymer  olefin , p°i em  tento koncentr t je ve form  nevytla ovan²ch   stic, kde ka d    stice obsahuje: (A) matrici sest vaj c  z nevytla ovan    stice olefinov ho polymeru nebo kopolymeru o porozit  vy    ne  18 % a s pod lem 90 % p r  s pr m rem v t  m ne  1000 nm, p°i em  porozita je vyj d°ena v procentu ln m pod lu dutin z celkov ho objemu   stice, m °eno rtu ovou porozimetri  p°i tlaku do 0,25 MPa, (B) alespo  jedno aditivum, pigment nebo plnivo nebo jejich kombinaci, kter  jsou ulo eny na povrchu a/nebo uvnit° p r  matrice (A).\\" ] } ] } ], "bibliographic-data" : { "application-reference" : [ { "data-format" : "docdb", "doc-id" : "8868260", "document-id" : { "country" : "CS", "date" : 19910514, "doc-number" : "142091", "kind" : "A" }, "is-representative" : "NO" }, { "data-format" : "epodoc", "document-id" : { "doc-number" : "CS19910001420" } }, { "data-format" : "original", "document-id" : { "doc-number" : "1991        1420" } } ], "classification-ipc" : { "edition" : "7", "further-classification" : [ { "value" : " 7C 08J   3/22   B" }, { "value" : " 7C 08K   9/04   B" }, { "value" : " 7C 08L  23/02   B" } ], "main-classification" : [ " 7C 08K   7/22   A" ] }, "classifications-ipcr" : { "classification-ipcr" : [ { "sequence" : "1", "text" : "C08J   3/20        20060101AFI20051220RMJP        " }, { "sequence" : "2", "text" : "C08J   3/22        20060101A I20051008RMEP        " }, { "sequence" : "3", "text" : "C08K   3/00        20060101ALI20051220RMJP        " }, { "sequence" : "4", "text" : "C08K   7/22        20060101ALI20061009BMCZ        " }, { "sequence" : "5", "text" : "C08K   9/04        20060101ALI20061009BMCZ        " }, { "sequence" : "6", "text" : "C08L  23/00        20060101ALI20051220RMJP        " }, { "sequence" : "7", "text" : "C08L  23/02        20060101ALI19950430BMRU        " } ] }, "dates-of-public-availability" : { "printed-with-grant" : { "document-id" : { "date" : 20020717 } } }, "invention-title" : [ { "data-format" : "docdba", "lang" : "en", "value" : [ "Concentrate of at least one additive, pigment, or filling agent or combinations thereof" ] }, { "data-format" : "original", "value" : [ "Koncentrát alespoň jednoho aditiva, pigmentu nebo plniva nebo jejich kombinace" ] } ], "parties" : { "applicants" : { "applicant" : [ { "applicant-name" : [ { "name" : [ { "value" : "HIMONT INC" } ] } ], "data-format" : "docdb", "residence" : { "country" : "US" }, "sequence" : "1" }, { "applicant-name" : [ { "name" : [ { "value" : "HIMONT INCORPORATED" } ] } ], "data-format" : "docdba", "sequence" : "1" }, { "applicant-name" : [ { "name" : [ { "value" : "HIMONT INCORPORATED" } ] } ], "data-format" : "original", "sequence" : "1" } ] }, "inventors" : { "inventor" : [ { "data-format" : "docdb", "inventor-name" : [ { "name" : [ { "value" : "BARBI GIAMPAOLO ING" } ] } ], "residence" : { "country" : "IT" }, "sequence" : "1" }, { "data-format" : "docdb", "inventor-name" : [ { "name" : [ { "value" : "COSTANTINI ENRICO" } ] } ], "residence" : { "country" : "IT" }, "sequence" : "2" }, { "data-format" : "docdba", "inventor-name" : [ { "name" : [ { "value" : "BARBI GIAMPAOLO ING." } ] } ], "sequence" : "1" }, { "data-format" : "docdba", "inventor-name" : [ { "name" : [ { "value" : "COSTANTINI ENRICO" } ] } ], "sequence" : "2" }, { "data-format" : "original", "inventor-name" : [ { "name" : [ { "value" : "BARBI GIAMPAOLO ING." } ] } ], "sequence" : "1" }, { "data-format" : "original", "inventor-name" : [ { "name" : [ { "value" : "COSTANTINI ENRICO" } ] } ], "sequence" : "2" } ] } }, "patent-classifications" : { "patent-classification" : [ { "action-date" : { "date" : "20130101" }, "classification-data-source" : "H", "classification-scheme" : { "date" : "20130101", "office" : "EP", "scheme" : "CPC" }, "classification-status" : "B", "classification-symbol" : "C08J   3/226       ", "classification-value" : "I", "sequence" : "1", "symbol-position" : "F" }, { "action-date" : { "date" : "20130101" }, "classification-data-source" : "H", "classification-scheme" : { "date" : "20130101", "office" : "EP", "scheme" : "CPC" }, "classification-status" : "B", "classification-symbol" : "C08J2323/10        ", "classification-value" : "A", "sequence" : "2", "symbol-position" : "L" }, { "action-date" : { "date" : "20130101" }, "classification-data-source" : "H", "classification-scheme" : { "date" : "20130101", "office" : "EP", "scheme" : "CPC" }, "classification-status" : "B", "classification-symbol" : "C08J2423/00        ", "classification-value" : "A", "sequence" : "3", "symbol-position" : "L" } ] }, "priority-claims" : { "priority-claim" : [ { "data-format" : "docdb", "document-id" : { "country" : "IT", "date" : 19900514, "doc-number" : "2028890", "kind" : "A" }, "priority-active-indicator" : "Y", "sequence" : "1" }, { "data-format" : "epodoc", "document-id" : { "doc-number" : "IT19900020288" }, "sequence" : "1" }, { "data-format" : "original", "document-id" : { "doc-number" : "1990     20288" }, "sequence" : "1" } ] }, "publication-reference" : [ { "data-format" : "docdb", "document-id" : { "country" : "CZ", "date" : 20020717, "doc-number" : "290401", "kind" : "B6" } }, { "data-format" : "epodoc", "document-id" : { "doc-number" : "CZ290401" } } ] }, "country" : "CZ", "date-added-docdb" : 20020831, "date-of-last-exchange" : 20150206, "date-publ" : 20020717, "doc-id" : "303504657", "doc-number" : "290401", "family-id" : "11165458", "is-representative" : "YES", "kind" : "B6", "originating-office" : "EP" } } }, "country" : "CZ", "patentNumber" : "290401", "kindcode" : "B6", "doDate" : 20020717, "fileType" : 0, "docdbDoDate" : { "$date" : "2002-07-17T00:00:00.000+0000" }, "pto" : "DOCDB", "xsd" : "v2.4.4", "relRawdatas" : [ { "_id" : "DOCDB-201511-003-CZ-0003.xml/303504657" } ], "tagAndFile" : [ { "file" : "DocdbMarshallDataImporter.groovy", "tag" : "1.0.0" } ], "mongoSyncFlag" : { "init" : { "$date" : "2015-12-30T03:44:46.138+0000" }, "last" : { "$date" : "2015-12-30T03:44:46.138+0000" } } }