{ "_id" : "DOCDB-201539-Amend-PubDate20150918AndBefore-CZ-0003.xml/303504657", "data" : { "expansion" : { "exchange-document" : { "abstract" : [ { "abstract-source" : "national office", "data-format" : "docdba", "lang" : "cs", "p" : [ { "value" : [ "Koncentr t alespo  jednoho aditiva, pigmentu nebo plniva nebo jejich kombinace, kter² je pou iteln² p°i zpracov n  polymer  nebo kopolymer  olefin , p°i em  tento koncentr t je ve form  nevytla ovan²ch   stic, kde ka d    stice obsahuje: (A) matrici sest vaj c  z nevytla ovan    stice olefinov ho polymeru nebo kopolymeru o porozit  vy    ne  18 % a s pod lem 90 % p r  s pr m rem v t  m ne  1000 nm, p°i em  porozita je vyj d°ena v procentu ln m pod lu dutin z celkov ho objemu   stice, m °eno rtu ovou porozimetri  p°i tlaku do 0,25 MPa, (B) alespo  jedno aditivum, pigment nebo plnivo nebo jejich kombinaci, kter  jsou ulo eny na povrchu a/nebo uvnit° p r  matrice (A).\\" ] } ], "status" : "C" }, { "abstract-source" : "national office", "data-format" : "docdba", "lang" : "en", "p" : [ { "value" : [ "The present invention relates to a concentrate of at least one additive, pigment or filling agent or combinations thereof to be used in the processing of polymers or copolymers of olefins, said concentrate being in the form of non-extruded particles, wherein each particle comprising: (A) a matrix consisting of a non-extruded particle of an olefin polymer or copolymer having a porosity, higher than 18 percent and with a 90 percent ratio of pores having diameter greater than 1000 nm, wherein the porosity is expressed in percentage of voids on the total volume of the particle as measured by mercury porosimetry at pressure up to 0.25 MPa, and (B) at least one additive, pigment or a filling agent, or combinations thereof, deposited on the surface of the matrix (A) and/or inside the matrix (A) pores." ] } ], "status" : "C" } ], "bibliographic-data" : { "application-reference" : [ { "data-format" : "docdb", "doc-id" : "8868260", "document-id" : { "country" : "CS", "date" : 19910514, "doc-number" : "142091", "kind" : "A" }, "is-representative" : "NO" }, { "data-format" : "epodoc", "document-id" : { "doc-number" : "CS19910001420" } }, { "data-format" : "original", "document-id" : { "doc-number" : "1991        1420" } } ], "classification-ipc" : { "edition" : "7", "further-classification" : [ { "value" : " 7C 08K   9/04   B" }, { "value" : " 7C 08J   3/22   B" }, { "value" : " 7C 08L  23/02   B" } ], "main-classification" : [ " 7C 08K   7/22   A" ] }, "classifications-ipcr" : { "classification-ipcr" : [ { "sequence" : "1", "text" : "C08J   3/20        20060101AFI20051220RMJP        " }, { "sequence" : "2", "text" : "C08J   3/22        20060101A I20051008RMEP        " }, { "sequence" : "3", "text" : "C08K   3/00        20060101ALI20051220RMJP        " }, { "sequence" : "4", "text" : "C08K   7/22        20060101ALI20061009BMCZ        " }, { "sequence" : "5", "text" : "C08K   9/04        20060101ALI20061009BMCZ        " }, { "sequence" : "6", "text" : "C08L  23/00        20060101ALI20051220RMJP        " }, { "sequence" : "7", "text" : "C08L  23/02        20060101ALI19950430BMRU        " } ] }, "dates-of-public-availability" : { "printed-with-grant" : { "document-id" : { "date" : 20020717 } } }, "invention-title" : [ { "data-format" : "docdba", "lang" : "cs", "value" : [ "Koncentrát alespoň jednoho aditiva, pigmentu nebo plniva nebo jejich kombinace" ] }, { "data-format" : "docdba", "lang" : "en", "value" : [ "Concentrate of at least one additive, pigment, or filling agent or combinations thereof" ] } ], "parties" : { "applicants" : { "applicant" : [ { "applicant-name" : [ { "name" : [ { "value" : "HIMONT INC" } ] } ], "data-format" : "docdb", "residence" : { "country" : "US" }, "sequence" : "1" }, { "applicant-name" : [ { "name" : [ { "value" : "HIMONT INCORPORATED" } ] } ], "data-format" : "docdba", "sequence" : "1" }, { "applicant-name" : [ { "name" : [ { "value" : "HIMONT INCORPORATED" } ] } ], "data-format" : "original", "sequence" : "1" } ] }, "inventors" : { "inventor" : [ { "data-format" : "docdb", "inventor-name" : [ { "name" : [ { "value" : "BARBI GIAMPAOLO ING" } ] } ], "residence" : { "country" : "IT" }, "sequence" : "1" }, { "data-format" : "docdb", "inventor-name" : [ { "name" : [ { "value" : "COSTANTINI ENRICO" } ] } ], "residence" : { "country" : "IT" }, "sequence" : "2" }, { "data-format" : "docdba", "inventor-name" : [ { "name" : [ { "value" : "BARBI GIAMPAOLO ING." } ] } ], "sequence" : "1" }, { "data-format" : "docdba", "inventor-name" : [ { "name" : [ { "value" : "COSTANTINI ENRICO" } ] } ], "sequence" : "2" }, { "data-format" : "original", "inventor-name" : [ { "name" : [ { "value" : "BARBI GIAMPAOLO ING." } ] } ], "sequence" : "1" }, { "data-format" : "original", "inventor-name" : [ { "name" : [ { "value" : "COSTANTINI ENRICO" } ] } ], "sequence" : "2" } ] } }, "patent-classifications" : { "patent-classification" : [ { "action-date" : { "date" : "20130101" }, "classification-data-source" : "H", "classification-scheme" : { "date" : "20130101", "office" : "EP", "scheme" : "CPC" }, "classification-status" : "B", "classification-symbol" : "C08J   3/226       ", "classification-value" : "I", "sequence" : "1", "symbol-position" : "F" }, { "action-date" : { "date" : "20130101" }, "classification-data-source" : "H", "classification-scheme" : { "date" : "20130101", "office" : "EP", "scheme" : "CPC" }, "classification-status" : "B", "classification-symbol" : "C08J2323/10        ", "classification-value" : "A", "sequence" : "2", "symbol-position" : "L" }, { "action-date" : { "date" : "20130101" }, "classification-data-source" : "H", "classification-scheme" : { "date" : "20130101", "office" : "EP", "scheme" : "CPC" }, "classification-status" : "B", "classification-symbol" : "C08J2423/00        ", "classification-value" : "A", "sequence" : "3", "symbol-position" : "L" } ] }, "priority-claims" : { "priority-claim" : [ { "data-format" : "docdb", "document-id" : { "country" : "IT", "date" : 19900514, "doc-number" : "2028890", "kind" : "A" }, "priority-active-indicator" : "Y", "sequence" : "1" }, { "data-format" : "epodoc", "document-id" : { "doc-number" : "IT19900020288" }, "sequence" : "1" }, { "data-format" : "original", "document-id" : { "doc-number" : "1990     20288" }, "sequence" : "1" } ] }, "publication-reference" : [ { "data-format" : "docdb", "document-id" : { "country" : "CZ", "date" : 20020717, "doc-number" : "290401", "kind" : "B6" } }, { "data-format" : "epodoc", "document-id" : { "doc-number" : "CZ290401" } } ] }, "country" : "CZ", "date-added-docdb" : 20020831, "date-of-last-exchange" : 20150924, "date-of-previous-exchange" : 20150917, "date-publ" : 20020717, "doc-id" : "303504657", "doc-number" : "290401", "family-id" : "11165458", "is-representative" : "YES", "kind" : "B6", "originating-office" : "EP", "patent-family" : { "family-member" : [ { "application-reference" : [ { "data-format" : "docdb", "document-id" : { "country" : "AT", "doc-number" : "91107764", "kind" : "T" }, "is-representative" : "NO" }, { "data-format" : "epodoc", "document-id" : { "doc-number" : "AT19910107764T" } } ], "publication-reference" : [ { "data-format" : "docdb", "document-id" : { "country" : "AT", "doc-number" : "168395", "kind" : "T" }, "sequence" : "1" }, { "data-format" : "epodoc", "document-id" : { "doc-number" : "AT168395T" }, "sequence" : "1" } ] }, { "application-reference" : [ { "data-format" : "docdb", "document-id" : { "country" : "AU", "doc-number" : "7633791", "kind" : "A" }, "is-representative" : "NO" }, { "data-format" : "epodoc", "document-id" : { "doc-number" : "AU19910076337" } } ], "publication-reference" : [ { "data-format" : "docdb", "document-id" : { "country" : "AU", "doc-number" : "649032", "kind" : "B2" }, "sequence" : "1" }, { "data-format" : "epodoc", "document-id" : { "doc-number" : "AU649032B" }, "sequence" : "1" } ] }, { "application-reference" : [ { "data-format" : "docdb", "document-id" : { "country" : "AU", "doc-number" : "7633791", "kind" : "D" }, "is-representative" : "NO" }, { "data-format" : "epodoc", "document-id" : { "doc-number" : "AU19910076337D" } } ], "publication-reference" : [ { "data-format" : "docdb", "document-id" : { "country" : "AU", "doc-number" : "7633791", "kind" : "A" }, "sequence" : "1" }, { "data-format" : "epodoc", "document-id" : { "doc-number" : "AU7633791" }, "sequence" : "1" } ] }, { "application-reference" : [ { "data-format" : "docdb", "document-id" : { "country" : "BR", "doc-number" : "9101969", "kind" : "A" }, "is-representative" : "NO" }, { "data-format" : "epodoc", "document-id" : { "doc-number" : "BR19919101969" } } ], "publication-reference" : [ { "data-format" : "docdb", "document-id" : { "country" : "BR", "doc-number" : "9101969", "kind" : "A" }, "sequence" : "1" }, { "data-format" : "epodoc", "document-id" : { "doc-number" : "BR9101969" }, "sequence" : "1" } ] }, { "application-reference" : [ { "data-format" : "docdb", "document-id" : { "country" : "CA", "doc-number" : "2042466", "kind" : "A" }, "is-representative" : "NO" }, { "data-format" : "epodoc", "document-id" : { "doc-number" : "CA19912042466" } } ], "publication-reference" : [ { "data-format" : "docdb", "document-id" : { "country" : "CA", "doc-number" : "2042466", "kind" : "A1" }, "sequence" : "1" }, { "data-format" : "epodoc", "document-id" : { "doc-number" : "CA2042466" }, "sequence" : "1" }, { "data-format" : "docdb", "document-id" : { "country" : "CA", "doc-number" : "2042466", "kind" : "C" }, "sequence" : "2" }, { "data-format" : "epodoc", "document-id" : { "doc-number" : "CA2042466" }, "sequence" : "2" } ] }, { "application-reference" : [ { "data-format" : "docdb", "document-id" : { "country" : "CN", "doc-number" : "91103281", "kind" : "A" }, "is-representative" : "NO" }, { "data-format" : "epodoc", "document-id" : { "doc-number" : "CN1991103281" } } ], "publication-reference" : [ { "data-format" : "docdb", "document-id" : { "country" : "CN", "doc-number" : "1048507", "kind" : "C" }, "sequence" : "1" }, { "data-format" : "epodoc", "document-id" : { "doc-number" : "CN1048507C" }, "sequence" : "1" }, { "data-format" : "docdb", "document-id" : { "country" : "CN", "doc-number" : "1056505", "kind" : "A" }, "sequence" : "2" }, { "data-format" : "epodoc", "document-id" : { "doc-number" : "CN1056505" }, "sequence" : "2" } ] }, { "application-reference" : [ { "data-format" : "docdb", "document-id" : { "country" : "CS", "doc-number" : "142091", "kind" : "A" }, "is-representative" : "NO" }, { "data-format" : "epodoc", "document-id" : { "doc-number" : "CS19910001420" } } ], "publication-reference" : [ { "data-format" : "docdb", "document-id" : { "country" : "CS", "doc-number" : "9101420", "kind" : "A3" }, "sequence" : "1" }, { "data-format" : "epodoc", "document-id" : { "doc-number" : "CS9101420" }, "sequence" : "1" }, { "data-format" : "docdb", "document-id" : { "country" : "CZ", "doc-number" : "290401", "kind" : "B6" }, "sequence" : "2" }, { "data-format" : "epodoc", "document-id" : { "doc-number" : "CZ290401" }, "sequence" : "2" } ] }, { "application-reference" : [ { "data-format" : "docdb", "document-id" : { "country" : "DE", "doc-number" : "69129775", "kind" : "A" }, "is-representative" : "NO" }, { "data-format" : "epodoc", "document-id" : { "doc-number" : "DE1991629775" } } ], "publication-reference" : [ { "data-format" : "docdb", "document-id" : { "country" : "DE", "doc-number" : "69129775", "kind" : "D1" }, "sequence" : "1" }, { "data-format" : "epodoc", "document-id" : { "doc-number" : "DE69129775D" }, "sequence" : "1" } ] }, { "application-reference" : [ { "data-format" : "docdb", "document-id" : { "country" : "DE", "doc-number" : "69129775", "kind" : "T" }, "is-representative" : "NO" }, { "data-format" : "epodoc", "document-id" : { "doc-number" : "DE1991629775T" } } ], "publication-reference" : [ { "data-format" : "docdb", "document-id" : { "country" : "DE", "doc-number" : "69129775", "kind" : "T2" }, "sequence" : "1" }, { "data-format" : "epodoc", "document-id" : { "doc-number" : "DE69129775T" }, "sequence" : "1" } ] }, { "application-reference" : [ { "data-format" : "docdb", "document-id" : { "country" : "EP", "doc-number" : "91107764", "kind" : "A" }, "is-representative" : "YES" }, { "data-format" : "epodoc", "document-id" : { "doc-number" : "EP19910107764" } } ], "publication-reference" : [ { "data-format" : "docdb", "document-id" : { "country" : "EP", "doc-number" : "0459208", "kind" : "A2" }, "sequence" : "1" }, { "data-format" : "epodoc", "document-id" : { "doc-number" : "EP0459208" }, "sequence" : "1" }, { "data-format" : "docdb", "document-id" : { "country" : "EP", "doc-number" : "0459208", "kind" : "A3" }, "sequence" : "2" }, { "data-format" : "epodoc", "document-id" : { "doc-number" : "EP0459208" }, "sequence" : "2" }, { "data-format" : "docdb", "document-id" : { "country" : "EP", "doc-number" : "0459208", "kind" : "B1" }, "sequence" : "3" }, { "data-format" : "epodoc", "document-id" : { "doc-number" : "EP0459208" }, "sequence" : "3" } ] }, { "application-reference" : [ { "data-format" : "docdb", "document-id" : { "country" : "ES", "doc-number" : "91107764", "kind" : "T" }, "is-representative" : "NO" }, { "data-format" : "epodoc", "document-id" : { "doc-number" : "ES19910107764T" } } ], "publication-reference" : [ { "data-format" : "docdb", "document-id" : { "country" : "ES", "doc-number" : "2118729", "kind" : "T3" }, "sequence" : "1" }, { "data-format" : "epodoc", "document-id" : { "doc-number" : "ES2118729T" }, "sequence" : "1" } ] }, { "application-reference" : [ { "data-format" : "docdb", "document-id" : { "country" : "FI", "doc-number" : "912320", "kind" : "A" }, "is-representative" : "NO" }, { "data-format" : "epodoc", "document-id" : { "doc-number" : "FI19910002320" } } ], "publication-reference" : [ { "data-format" : "docdb", "document-id" : { "country" : "FI", "doc-number" : "101137", "kind" : "B" }, "sequence" : "1" }, { "data-format" : "epodoc", "document-id" : { "doc-number" : "FI101137B" }, "sequence" : "1" }, { "data-format" : "docdb", "document-id" : { "country" : "FI", "doc-number" : "912320", "kind" : "A" }, "sequence" : "2" }, { "data-format" : "epodoc", "document-id" : { "doc-number" : "FI912320" }, "sequence" : "2" }, { "data-format" : "docdb", "document-id" : { "country" : "FI", "doc-number" : "912320", "kind" : "A0" }, "sequence" : "3" }, { "data-format" : "epodoc", "document-id" : { "doc-number" : "FI912320" }, "sequence" : "3" } ] }, { "application-reference" : [ { "data-format" : "docdb", "document-id" : { "country" : "HK", "doc-number" : "98114062", "kind" : "A" }, "is-representative" : "NO" }, { "data-format" : "epodoc", "document-id" : { "doc-number" : "HK19980114062" } } ], "publication-reference" : [ { "data-format" : "docdb", "document-id" : { "country" : "HK", "doc-number" : "1012653", "kind" : "A1" }, "sequence" : "1" }, { "data-format" : "epodoc", "document-id" : { "doc-number" : "HK1012653" }, "sequence" : "1" } ] }, { "application-reference" : [ { "data-format" : "docdb", "document-id" : { "country" : "HU", "doc-number" : "159791", "kind" : "A" }, "is-representative" : "NO" }, { "data-format" : "epodoc", "document-id" : { "doc-number" : "HU19910001597" } } ], "publication-reference" : [ { "data-format" : "docdb", "document-id" : { "country" : "HU", "doc-number" : "T60300", "kind" : "A" }, "sequence" : "1" }, { "data-format" : "epodoc", "document-id" : { "doc-number" : "HUT60300" }, "sequence" : "1" }, { "data-format" : "docdb", "document-id" : { "country" : "HU", "doc-number" : "211763", "kind" : "B" }, "sequence" : "2" }, { "data-format" : "epodoc", "document-id" : { "doc-number" : "HU211763" }, "sequence" : "2" }, { "data-format" : "docdb", "document-id" : { "country" : "HU", "doc-number" : "911597", "kind" : "D0" }, "sequence" : "3" }, { "data-format" : "epodoc", "document-id" : { "doc-number" : "HU911597D" }, "sequence" : "3" } ] }, { "application-reference" : [ { "data-format" : "docdb", "document-id" : { "country" : "IL", "doc-number" : "9799891", "kind" : "A" }, "is-representative" : "NO" }, { "data-format" : "epodoc", "document-id" : { "doc-number" : "IL19910097998" } } ], "publication-reference" : [ { "data-format" : "docdb", "document-id" : { "country" : "IL", "doc-number" : "97998", "kind" : "A" }, "sequence" : "1" }, { "data-format" : "epodoc", "document-id" : { "doc-number" : "IL97998" }, "sequence" : "1" }, { "data-format" : "docdb", "document-id" : { "country" : "IL", "doc-number" : "97998", "kind" : "D0" }, "sequence" : "2" }, { "data-format" : "epodoc", "document-id" : { "doc-number" : "IL97998D" }, "sequence" : "2" } ] }, { "application-reference" : [ { "data-format" : "docdb", "document-id" : { "country" : "IT", "doc-number" : "2028890", "kind" : "A" }, "is-representative" : "NO" }, { "data-format" : "epodoc", "document-id" : { "doc-number" : "IT19900020288" } } ], "publication-reference" : [ { "data-format" : "docdb", "document-id" : { "country" : "IT", "doc-number" : "1240647", "kind" : "B" }, "sequence" : "1" }, { "data-format" : "epodoc", "document-id" : { "doc-number" : "IT1240647" }, "sequence" : "1" }, { "data-format" : "docdb", "document-id" : { "country" : "IT", "doc-number" : "9020288", "kind" : "A1" }, "sequence" : "2" }, { "data-format" : "epodoc", "document-id" : { "doc-number" : "IT9020288" }, "sequence" : "2" }, { "data-format" : "docdb", "document-id" : { "country" : "IT", "doc-number" : "9020288", "kind" : "D0" }, "sequence" : "3" }, { "data-format" : "epodoc", "document-id" : { "doc-number" : "IT9020288D" }, "sequence" : "3" } ] }, { "application-reference" : [ { "data-format" : "docdb", "document-id" : { "country" : "JP", "doc-number" : "13827691", "kind" : "A" }, "is-representative" : "NO" }, { "data-format" : "epodoc", "document-id" : { "doc-number" : "JP19910138276" } } ], "publication-reference" : [ { "data-format" : "docdb", "document-id" : { "country" : "JP", "doc-number" : "2968373", "kind" : "B2" }, "sequence" : "1" }, { "data-format" : "epodoc", "document-id" : { "doc-number" : "JP2968373B" }, "sequence" : "1" }, { "data-format" : "docdb", "document-id" : { "country" : "JP", "doc-number" : "H0625475", "kind" : "A" }, "sequence" : "2" }, { "data-format" : "epodoc", "document-id" : { "doc-number" : "JPH0625475" }, "sequence" : "2" } ] }, { "application-reference" : [ { "data-format" : "docdb", "document-id" : { "country" : "KR", "doc-number" : "910007785", "kind" : "A" }, "is-representative" : "NO" }, { "data-format" : "epodoc", "document-id" : { "doc-number" : "KR19910007785" } } ], "publication-reference" : [ { "data-format" : "docdb", "document-id" : { "country" : "KR", "doc-number" : "100181949", "kind" : "B1" }, "sequence" : "1" }, { "data-format" : "epodoc", "document-id" : { "doc-number" : "KR100181949B" }, "sequence" : "1" } ] }, { "application-reference" : [ { "data-format" : "docdb", "document-id" : { "country" : "MX", "doc-number" : "2571891", "kind" : "A" }, "is-representative" : "NO" }, { "data-format" : "epodoc", "document-id" : { "doc-number" : "MX19910025718" } } ], "publication-reference" : [ { "data-format" : "docdb", "document-id" : { "country" : "MX", "doc-number" : "171248", "kind" : "B" }, "sequence" : "1" }, { "data-format" : "epodoc", "document-id" : { "doc-number" : "MX171248" }, "sequence" : "1" } ] }, { "application-reference" : [ { "data-format" : "docdb", "document-id" : { "country" : "NO", "doc-number" : "911848", "kind" : "A" }, "is-representative" : "NO" }, { "data-format" : "epodoc", "document-id" : { "doc-number" : "NO19910001848" } } ], "publication-reference" : [ { "data-format" : "docdb", "document-id" : { "country" : "NO", "doc-number" : "308111", "kind" : "B1" }, "sequence" : "1" }, { "data-format" : "epodoc", "document-id" : { "doc-number" : "NO308111B" }, "sequence" : "1" }, { "data-format" : "docdb", "document-id" : { "country" : "NO", "doc-number" : "911848", "kind" : "A" }, "sequence" : "2" }, { "data-format" : "epodoc", "document-id" : { "doc-number" : "NO911848" }, "sequence" : "2" }, { "data-format" : "docdb", "document-id" : { "country" : "NO", "doc-number" : "911848", "kind" : "D0" }, "sequence" : "3" }, { "data-format" : "epodoc", "document-id" : { "doc-number" : "NO911848D" }, "sequence" : "3" } ] }, { "application-reference" : [ { "data-format" : "docdb", "document-id" : { "country" : "PT", "doc-number" : "9766591", "kind" : "A" }, "is-representative" : "NO" }, { "data-format" : "epodoc", "document-id" : { "doc-number" : "PT19910097665" } } ], "publication-reference" : [ { "data-format" : "docdb", "document-id" : { "country" : "PT", "doc-number" : "97665", "kind" : "A" }, "sequence" : "1" }, { "data-format" : "epodoc", "document-id" : { "doc-number" : "PT97665" }, "sequence" : "1" }, { "data-format" : "docdb", "document-id" : { "country" : "PT", "doc-number" : "97665", "kind" : "B" }, "sequence" : "2" }, { "data-format" : "epodoc", "document-id" : { "doc-number" : "PT97665" }, "sequence" : "2" } ] }, { "application-reference" : [ { "data-format" : "docdb", "document-id" : { "country" : "SU", "doc-number" : "4895439", "kind" : "A" }, "is-representative" : "NO" }, { "data-format" : "epodoc", "document-id" : { "doc-number" : "SU19914895439" } } ], "publication-reference" : [ { "data-format" : "docdb", "document-id" : { "country" : "RU", "doc-number" : "2034002", "kind" : "C1" }, "sequence" : "1" }, { "data-format" : "epodoc", "document-id" : { "doc-number" : "RU2034002" }, "sequence" : "1" } ] }, { "application-reference" : [ { "data-format" : "docdb", "document-id" : { "country" : "ZA", "doc-number" : "9103456", "kind" : "A" }, "is-representative" : "NO" }, { "data-format" : "epodoc", "document-id" : { "doc-number" : "ZA19910003456" } } ], "publication-reference" : [ { "data-format" : "docdb", "document-id" : { "country" : "ZA", "doc-number" : "9103456", "kind" : "A" }, "sequence" : "1" }, { "data-format" : "epodoc", "document-id" : { "doc-number" : "ZA9103456" }, "sequence" : "1" } ] } ] }, "status" : "A" } } }, "country" : "CZ", "patentNumber" : "290401", "kindcode" : "B6", "doDate" : 20020717, "fileType" : 2, "docdbDoDate" : { "$date" : "2015-09-24T00:00:00.000+0000" }, "pto" : "DOCDB", "xsd" : "v2.5.3", "relRawdatas" : [ { "_id" : "DOCDB-201539-Amend-PubDate20150918AndBefore-CZ-0003.xml/303504657" } ], "tagAndFile" : [ { "file" : "DocdbMarshallDataImporter.groovy", "tag" : "1.0.0" } ], "mongoSyncFlag" : { "init" : { "$date" : "2015-12-30T03:17:46.525+0000" }, "last" : { "$date" : "2015-12-30T03:17:46.525+0000" } } }