<?xml version="1.0" encoding="UTF-8"?>
<configuration>
    
    <timestamp key="byYYYYMMDD" datePattern="yyyyMMdd"/>
    
    <!-- Send debug messages to System.out -->
    <appender name="STDOUT" class="ch.qos.logback.core.ConsoleAppender">
        <!-- 過濾掉低於INFO的log --> 
        <filter class="ch.qos.logback.classic.filter.ThresholdFilter">
              <level>INFO</level>
        </filter>
        
        <!-- By default, encoders are assigned the type ch.qos.logback.classic.encoder.PatternLayoutEncoder -->
        <encoder>
            <charset>UTF-8</charset>
            <pattern>%date [%thread] %-5level %logger{50} - %msg%n</pattern>
        </encoder>
    </appender>
    
    <!-- use the previously created timestamp to create a uniquely named log file -->  
    <appender name="FILE" class="ch.qos.logback.core.rolling.RollingFileAppender">
        <file>./logs/log-${byYYYYMMDD}.log</file>
        <append>true</append> 
        <rollingPolicy class="ch.qos.logback.core.rolling.TimeBasedRollingPolicy">
            <!-- daily rollover. Make sure the path matches the one in the file element or else
             the rollover logs are placed in the working directory. -->
            <fileNamePattern>./logs/log-%d{yyyyMMdd}.%i.log</fileNamePattern>
            <timeBasedFileNamingAndTriggeringPolicy class="ch.qos.logback.core.rolling.SizeAndTimeBasedFNATP">
                <maxFileSize>8MB</maxFileSize>
            </timeBasedFileNamingAndTriggeringPolicy>
            <!-- keep 30 days' worth of history -->
            <maxHistory>5</maxHistory>
        </rollingPolicy>
        <encoder>
            <charset>UTF-8</charset>
            <pattern>%date [%thread] %-5level %logger{50} - %msg%n</pattern>
        </encoder>
    </appender>
    
    <logger name="org.hibernate.stat" level="DEBUG"/>
    
    <!-- turn off hibernate log -->
    <logger name="org.hibernate" level="ERROR"/>
    <logger name="org.jboss.logging" level="ERROR"/>
    <logger name="com.patentdata.util.HibernateUtil" level="ERROR"/>
    <logger name="com.zaxxer.hikari.HikariDataSource" level="ERROR"/>
    
    <!-- turn off hikari log -->
    <logger name="com.zaxxer.hikari.HikariConfig" level="ERROR"/>
    <logger name="com.zaxxer.hikari.pool.PoolBase" level="ERROR"/>
    <logger name="com.zaxxer.hikari.pool.HikariPool" level="ERROR"/>
    
    <!-- turn off mongodb log -->
    <logger name="org.mongodb.driver" level="ERROR"/>
    
    <!-- turn off FileUtil log -->
    <logger name="com.patentdata.util.FileUtil" level="ERROR"/>
    
    <!-- By default, the level of the root level is set to DEBUG -->
    <root level="DEBUG">
        <appender-ref ref="STDOUT" />
        <!-- 有需要寫檔時才用
        <appender-ref ref="FILE" />
        -->
    </root>
    
</configuration>