<?xml version="1.0" encoding="utf-8"?>
<?xml-stylesheet type='text/xsl' href='dd_template.xsl'?>
<table_schema>
  <table><!--person_data-->
    <table_name>person_data</table_name>
    <table_desc>Person基本資料檔</table_desc>
	<constraints><val>unique key:(person_name, address)</val></constraints>    
	<column>
      <column_name>person_id</column_name>
      <column_type>uuid</column_type>
      <not_null>V</not_null>
      <default_val> </default_val>
      <remark>PK</remark>
	  <us_val> </us_val>
      <cn_val> </cn_val>
      <docdb_val> </docdb_val>
	  <wo_val> </wo_val>
      <ep_val> </ep_val>
      <jp_val> </jp_val>
	  <kr_val> </kr_val>
      <tw_val> </tw_val>
      <in_val> </in_val>
    </column>
	<column>
      <column_name>person_type</column_name>
      <column_type>int</column_type>
      <not_null>V</not_null>
      <default_val> </default_val>
      <remark>1:個人, 2:組織, 3:無法判斷</remark>
	  <us_val>XML:使用person_name的tag判斷,存在first-name 或 last-name則為1,
存在name或orgname則為2</us_val>
      <cn_val>XML:使用person_name的tag判斷,存在first-name 或 last-name則為1,
存在name或orgname則為2
DESIGN TXT:TODO </cn_val>
      <docdb_val>固定為3</docdb_val>
	  <wo_val>使用person_name的tag判斷,存在first-name 或 last-name則為1,
存在name或orgname則為2</wo_val>
      <ep_val>固定為3</ep_val>
      <jp_val>固定為3 </jp_val>
	  <kr_val> </kr_val>
      <tw_val> </tw_val>
      <in_val> </in_val>
    </column>
	<column>
      <column_name>person_name</column_name>
      <column_type>varchar(200)</column_type>
      <not_null></not_null>
      <default_val> </default_val>
      <remark>姓名</remark>
	  <us_val>XML:prefix+" "+first-name +" "+ middle-name +" "+last-name
+" "+ suffix 或 name 或orgname<![CDATA[
<addressbook>
  <last-name>Chiang</last-name>
  <first-name>Chwan-Hwa</first-name>
  <address>
    <city>Taipei Hsien</city>
    <country>TW</country>
  </address>
</addressbook>　]]> </us_val>
      <cn_val>XML:prefix+" "+first-name +" "+ middle-name +" "+last-name
+" "+ suffix 或 name 或orgname<![CDATA[
 <addressbook lang="zh">
      <name>施特里克斯有限公司</name>
      <address>
       <text>英国马恩岛</text>
      </address>
     </addressbook>
</addressbook>
DESIGN TXT:TODO　]]> </cn_val>
      <docdb_val>XML:prefix+" "+first-name +" "+ middle-name +" "+last-name
+" "+ suffix 或 name 或orgname<![CDATA[
<exch:applicant sequence="1" data-format="docdba">
  <exch:applicant-name>
    <name>E-BLINK</name>
  </exch:applicant-name>
  <address>
    <text>3/5 RUE MARCEL PAGNOL - Z.I. CLOS AUCHIN - 91800 BOUSSY
    SAINT ANTOINE - FRANCE</text>
  </address>
</exch:applicant>]]> </docdb_val>
	  	  <wo_val><![CDATA[prefix+" "+first-name +" "+ middle-name +" "+last-name
+" "+ suffix 或 name 或orgname
WPA:
<addressbook lang="en">
  <name>PRYSMIAN S.P.A.</name>
  <address>
    <address-1>Viale Sarca, 222</address-1>
    <address-2>I-20126 Milano</address-2>
    <postcode />
    <country>IT</country>
  </address>
</addressbook>
LNP:
<addressbook lang="eng">
  <orgname>SUGURO T, K CO., Ltd.</orgname>
  <address>
    <address-1>9-11-3, Futabacho, Numazu-shi, Shizuoka,
    4100005</address-1>
    <postcode>4100005</postcode>
    <country>JP</country>
  </address>
</addressbook>]]>  </wo_val>
      <ep_val><![CDATA[EPD:B700中snm
<B700>
  <B710>
    <B711>
      <snm>Fujifilm Corporation</snm>
      <iid>100813527</iid>
      <irf>K 79 002/7 ga</irf>
      <adr>
        <str>26-30, Nishiazabu 2-chome</str>
        <city>Minato-kuTokyo 106-8620</city>
        <ctry>JP</ctry>
      </adr>
    </B711>
  </B710>
</B700>
OPS:prefix+" "+first-name +" "+ middle-name +" "+last-name
+" "+ suffix 或 name 或orgname
<exch:applicant sequence="1" data-format="docdba">
  <exch:applicant-name>
    <name>E-BLINK</name>
  </exch:applicant-name>
  <address>
    <text>3/5 RUE MARCEL PAGNOL - Z.I. CLOS AUCHIN - 91800 BOUSSY
    SAINT ANTOINE - FRANCE</text>
  </address>
</exch:applicant>]]> </ep_val>
      <jp_val><![CDATA[
WIPS:name	  
<addressbook>
            <name>矢崎総業株式会社</name>
            <registered-number>000006895</registered-number>
            <address>
              <text>東京都港区三田1丁目4番28号</text>
            </address>
          </addressbook>

JPO意匠(SGM):NAME或ORIGINAL-NAME
 <CREATOR-GROUP>
        <CREATOR>
          <NAME>エティーネ　サローメ</NAME >
          <ADDRESS>ドイツ連邦共和国　ヴオルフスブルク　ブリーフファッハ　０８３９　フオルクスヴアーゲン　アクチエンゲゼルシヤフト内</ADDRESS >
        </CREATOR >
      </CREATOR-GROUP >
      <RIGHT-HOLDER-GROUP>
        <RIGHT-HOLDER>
          <IDENTIFICATION-NUMBER>５９１０３７０９６</IDENTIFICATION-NUMBER >
          <NAME>フオルクスワーゲン・アクチエンゲゼルシヤフト</NAME >
          <ORIGINAL-NAME>ＶＯＬＫＳＷＡＧＥＮ　ＡＫＴＩＥＮＧＥＳＥＬＬＳＣＨＡＦＴ</ORIGINAL-NAME >
          <ADDRESS>ドイツ連邦共和国，３８４４０　ヴオルフスブルク，ベルリナー・リング，２</ADDRESS >
        </RIGHT-HOLDER >
        <PROXY KIND-OF-ATTORNEY="REPRESENTATIVE">
          <IDENTIFICATION-NUMBER>１００１１４８９０</IDENTIFICATION-NUMBER >
          <ATTORNEY-RIGHT KIND-OF-ATTORNEY-RIGHT="PATENT-ATTORNEY">
            <NAME>アインゼル・フェリックス＝ラインハルト</NAME >
          </PROXY >
          <PROXY KIND-OF-ATTORNEY="REPRESENTATIVE">
            <IDENTIFICATION-NUMBER>１００１２７８２３</IDENTIFICATION-NUMBER >
            <ATTORNEY-RIGHT KIND-OF-ATTORNEY-RIGHT="PATENT-ATTORNEY">
              <NAME>山崎　和香子</NAME >
            </PROXY >
            <PROXY KIND-OF-ATTORNEY="REPRESENTATIVE">
              <IDENTIFICATION-NUMBER>１００１２２１４９</IDENTIFICATION-NUMBER >
              <ATTORNEY-RIGHT KIND-OF-ATTORNEY-RIGHT="PATENT-ATTORNEY">
                <NAME>齋藤　宗也</NAME >
              </PROXY >
            </RIGHT-HOLDER-GROUP >
            <EXAMINER-GROUP>
              <EXAMINER>
                <NAME>加藤　真珠　　</NAME >
              </EXAMINER >
            </EXAMINER-GROUP >
            <EXPLANATION-OF-THE-DESIGN>	

JPO發明,實用新型:addressbook,prefix+" "+first-name +" "+ middle-name +" "+last-name
+" "+ suffix 或 name 或orgname
<jp:applicants-agents sequence="1">
	<applicant sequence="1">
		<addressbook lang="ja">
            <name>サイレンス・セラピューティクス・アーゲー</name>
            <registered-number>505047256</registered-number>
            <address>
				<text>ドイツ国、１３１２５  ベルリン、ローベルト−レスレ−シュトラーセ  １０</text>
            </address>
        </addressbook>
        <addressbook lang="en">
            <name>ＳＩＬＥＮＣＥ  ＴＨＥＲＡＰＥＵＴＩＣＳ  ＡＧ</name>
        </addressbook>
    </applicant>
</jp:applicants-agents>	
]]>   </jp_val>
	  <kr_val> </kr_val>
      <tw_val> </tw_val>
      <in_val> </in_val>
    </column>
	<column>
      <column_name>address</column_name>
      <column_type>varchar(500)</column_type>
      <not_null></not_null>
      <default_val> </default_val>
      <remark>地址</remark>
	  <us_val>XML:address-1 +" "+ address-2+" "+ address-3+" "+ mailcode
+" "+ pobox+" "+ room+" "+ address-floor+" "+ building+" "+ street 或 text<![CDATA[
<addressbook>
  <name>FOLEY AND LARDNER;SUITE 500</name>
  <address>
    <address-1>3000 K STREET NW</address-1>
    <city>WASHINGTON</city>
    <state>DC</state>
    <postcode>20007</postcode>
    <country>US</country>
  </address>
</addressbook>]]></us_val>		
      <cn_val>XML:address-1 +" "+ address-2+" "+ address-3+" "+ mailcode
+" "+ pobox+" "+ room+" "+ address-floor+" "+ building+" "+ street 或 text<![CDATA[
<addressbook lang="zh">
   <name>施特里克斯有限公司</name>
   <address>
     <text>英国马恩岛</text>
   </address>
</addressbook>]]></cn_val>
      <docdb_val>XML:address-1 +" "+ address-2+" "+ address-3+" "+ mailcode
+" "+ pobox+" "+ room+" "+ address-floor+" "+ building+" "+ street 或 text<![CDATA[
<exch:applicant sequence="1" data-format="docdba">
  <exch:applicant-name>
    <name>E-BLINK</name>
  </exch:applicant-name>
  <address>
    <text>3/5 RUE MARCEL PAGNOL - Z.I. CLOS AUCHIN - 91800 BOUSSY
    SAINT ANTOINE - FRANCE</text>
  </address>
</exch:applicant>]]> </docdb_val>
	  <wo_val><![CDATA[XML:address-1 +" "+ address-2+" "+ address-3+" "+ mailcode
+" "+ pobox+" "+ room+" "+ address-floor+" "+ building+" "+ street 或 text	  
WPA:
<addressbook lang="en">
  <name>PRYSMIAN S.P.A.</name>
  <address>
    <address-1>Viale Sarca, 222</address-1>
    <address-2>I-20126 Milano</address-2>
    <postcode />
    <country>IT</country>
  </address>
</addressbook>
LNP:
<addressbook lang="eng">
  <orgname>SUGURO T, K CO., Ltd.</orgname>
  <address>
    <address-1>9-11-3, Futabacho, Numazu-shi, Shizuoka,
    4100005</address-1>
    <postcode>4100005</postcode>
    <country>JP</country>
  </address>
</addressbook>]]>  </wo_val>
      <ep_val><![CDATA[EPD:B700中adr,str,範例同上
OPS:address-1 +" "+ address-2+" "+ address-3+" "+ mailcode
+" "+ pobox+" "+ room+" "+ address-floor+" "+ building+" "+ street 或 text
<exch:applicant sequence="1" data-format="docdba">
  <exch:applicant-name>
    <name>E-BLINK</name>
  </exch:applicant-name>
  <address>
    <text>3/5 RUE MARCEL PAGNOL - Z.I. CLOS AUCHIN - 91800 BOUSSY
    SAINT ANTOINE - FRANCE</text>
  </address>
</exch:applicant>]]>  </ep_val>
      <jp_val><![CDATA[
WIPS:address,text之值,範例同上
JPO意匠(SGM):ADDRESS或ORIGINAL-ADDRESS
JPO發明,實用新型:addressbook,address-1 +" "+ address-2+" "+ address-3+" "+ mailcode
+" "+ pobox+" "+ room+" "+ address-floor+" "+ building+" "+ street 或 text
<jp:applicants-agents sequence="1">
	<applicant sequence="1">
		<addressbook lang="ja">
            <name>サイレンス・セラピューティクス・アーゲー</name>
            <registered-number>505047256</registered-number>
            <address>
				<text>ドイツ国、１３１２５  ベルリン、ローベルト−レスレ−シュトラーセ  １０</text>
            </address>
        </addressbook>
        <addressbook lang="en">
            <name>ＳＩＬＥＮＣＥ  ＴＨＥＲＡＰＥＵＴＩＣＳ  ＡＧ</name>
        </addressbook>
    </applicant>
</jp:applicants-agents>	
]]>   </jp_val>
	  <kr_val> </kr_val>
      <tw_val> </tw_val>
      <in_val> </in_val>
    </column>
	<column>
    <column_name>city</column_name>
      <column_type>varchar(50)</column_type>
      <not_null></not_null>
      <default_val> </default_val>
      <remark>城市</remark>
	   <us_val>XML:city<![CDATA[
<addressbook>
  <name>FOLEY AND LARDNER;SUITE 500</name>
  <address>
    <address-1>3000 K STREET NW</address-1>
    <city>WASHINGTON</city>
    <state>DC</state>
    <postcode>20007</postcode>
    <country>US</country>
  </address>
</addressbook>]]></us_val>	
      <cn_val>XML:city<![CDATA[
<addressbook lang="zh">
   <name>施特里克斯有限公司</name>
   <address>
     <text>英国马恩岛</text>
   </address>
</addressbook>
DESIGN TXT:TODO
]]></cn_val>
      <docdb_val>XML:city<![CDATA[
<exch:applicant sequence="1" data-format="docdba">
  <exch:applicant-name>
    <name>E-BLINK</name>
  </exch:applicant-name>
  <address>
    <text>3/5 RUE MARCEL PAGNOL - Z.I. CLOS AUCHIN - 91800 BOUSSY
    SAINT ANTOINE - FRANCE</text>
  </address>
</exch:applicant>]]> </docdb_val>
	  <wo_val><![CDATA[XML:city
WPA:
<addressbook lang="en">
  <name>PRYSMIAN S.P.A.</name>
  <address>
    <address-1>Viale Sarca, 222</address-1>
    <address-2>I-20126 Milano</address-2>
    <postcode />
    <country>IT</country>
  </address>
</addressbook>
LNP:
<addressbook lang="eng">
  <orgname>SUGURO T, K CO., Ltd.</orgname>
  <address>
    <address-1>9-11-3, Futabacho, Numazu-shi, Shizuoka,
    4100005</address-1>
    <postcode>4100005</postcode>
    <country>JP</country>
  </address>
</addressbook>]]>  </wo_val>
      <ep_val><![CDATA[EPD:B700中adr,city,範例同上
OPS:city
<exch:applicant sequence="1" data-format="docdba">
  <exch:applicant-name>
    <name>E-BLINK</name>
  </exch:applicant-name>
  <address>
    <text>3/5 RUE MARCEL PAGNOL - Z.I. CLOS AUCHIN - 91800 BOUSSY
    SAINT ANTOINE - FRANCE</text>
  </address>
</exch:applicant>]]>  </ep_val>
      <jp_val><![CDATA[
WIPS:無
JPO意匠(SGM):無
JPO發明,實用新型:addressbook,city
<jp:applicants-agents sequence="1">
	<applicant sequence="1">
		<addressbook lang="ja">
            <name>サイレンス・セラピューティクス・アーゲー</name>
            <registered-number>505047256</registered-number>
            <address>
				<text>ドイツ国、１３１２５  ベルリン、ローベルト−レスレ−シュトラーセ  １０</text>
            </address>
        </addressbook>
        <addressbook lang="en">
            <name>ＳＩＬＥＮＣＥ  ＴＨＥＲＡＰＥＵＴＩＣＳ  ＡＧ</name>
        </addressbook>
    </applicant>
</jp:applicants-agents>	
]]>   </jp_val>
	  <kr_val> </kr_val>
      <tw_val> </tw_val>
      <in_val> </in_val>
    </column>
	<column>
      <column_name>state</column_name>
      <column_type>varchar(50)</column_type>
      <not_null></not_null>
      <default_val> </default_val>
      <remark>州別</remark>
	   <us_val>XML:state<![CDATA[
<addressbook>
  <name>FOLEY AND LARDNER;SUITE 500</name>
  <address>
    <address-1>3000 K STREET NW</address-1>
    <city>WASHINGTON</city>
    <state>DC</state>
    <postcode>20007</postcode>
    <country>US</country>
  </address>
</addressbook>]]></us_val>	
      <cn_val>XML:state<![CDATA[
<addressbook lang="zh">
   <name>施特里克斯有限公司</name>
   <address>
     <text>英国马恩岛</text>
   </address>
</addressbook>
DESIGN TXT:TODO]]> </cn_val>
      <docdb_val>XML:state<![CDATA[
<exch:applicant sequence="1" data-format="docdba">
  <exch:applicant-name>
    <name>E-BLINK</name>
  </exch:applicant-name>
  <address>
    <text>3/5 RUE MARCEL PAGNOL - Z.I. CLOS AUCHIN - 91800 BOUSSY
    SAINT ANTOINE - FRANCE</text>
  </address>
</exch:applicant>]]> </docdb_val>
	  <wo_val>XML:state<![CDATA[
WPA:
<addressbook lang="en">
  <name>PRYSMIAN S.P.A.</name>
  <address>
    <address-1>Viale Sarca, 222</address-1>
    <address-2>I-20126 Milano</address-2>
    <postcode />
    <country>IT</country>
  </address>
</addressbook>
LNP:
<addressbook lang="eng">
  <orgname>SUGURO T, K CO., Ltd.</orgname>
  <address>
    <address-1>9-11-3, Futabacho, Numazu-shi, Shizuoka,
    4100005</address-1>
    <postcode>4100005</postcode>
    <country>JP</country>
  </address>
</addressbook>]]>  </wo_val>
      <ep_val><![CDATA[EPD:B700中adr,state,範例同上
OPS:無]]>  </ep_val>
      <jp_val><![CDATA[
WIPS:無
JPO意匠(SGM):無
JPO發明,實用新型:addressbook,state
<jp:applicants-agents sequence="1">
	<applicant sequence="1">
		<addressbook lang="ja">
            <name>サイレンス・セラピューティクス・アーゲー</name>
            <registered-number>505047256</registered-number>
            <address>
				<text>ドイツ国、１３１２５  ベルリン、ローベルト−レスレ−シュトラーセ  １０</text>
            </address>
        </addressbook>
        <addressbook lang="en">
            <name>ＳＩＬＥＮＣＥ  ＴＨＥＲＡＰＥＵＴＩＣＳ  ＡＧ</name>
        </addressbook>
    </applicant>
</jp:applicants-agents>	
]]>   </jp_val>
	  <kr_val> </kr_val>
      <tw_val> </tw_val>
      <in_val> </in_val>
    </column>
	<column>
      <column_name>postcode</column_name>
      <column_type>varchar(50)</column_type>
      <not_null></not_null>
      <default_val> </default_val>
      <remark>郵遞區號</remark>
	   <us_val>XML:postcode<![CDATA[
<addressbook>
  <name>FOLEY AND LARDNER;SUITE 500</name>
  <address>
    <address-1>3000 K STREET NW</address-1>
    <city>WASHINGTON</city>
    <state>DC</state>
    <postcode>20007</postcode>
    <country>US</country>
  </address>
</addressbook>]]></us_val>	
      <cn_val>XML:postcode<![CDATA[
<addressbook lang="zh">
   <name>施特里克斯有限公司</name>
   <address>
     <text>英国马恩岛</text>
   </address>
</addressbook>
DESIGN TXT:TODO]]> </cn_val>
      <docdb_val>XML:postcode<![CDATA[
<exch:applicant sequence="1" data-format="docdba">
  <exch:applicant-name>
    <name>E-BLINK</name>
  </exch:applicant-name>
  <address>
    <text>3/5 RUE MARCEL PAGNOL - Z.I. CLOS AUCHIN - 91800 BOUSSY
    SAINT ANTOINE - FRANCE</text>
  </address>
</exch:applicant>]]> </docdb_val>
	  	  <wo_val>XML:postcode<![CDATA[
WPA:
<addressbook lang="en">
  <name>PRYSMIAN S.P.A.</name>
  <address>
    <address-1>Viale Sarca, 222</address-1>
    <address-2>I-20126 Milano</address-2>
    <postcode />
    <country>IT</country>
  </address>
</addressbook>
LNP:
<addressbook lang="eng">
  <orgname>SUGURO T, K CO., Ltd.</orgname>
  <address>
    <address-1>9-11-3, Futabacho, Numazu-shi, Shizuoka,
    4100005</address-1>
    <postcode>4100005</postcode>
    <country>JP</country>
  </address>
</addressbook>]]>  </wo_val>
      <ep_val><![CDATA[EPD:B700中adr,adr,pcode,範例同上
OPS:無]]>  </ep_val>
      <jp_val><![CDATA[
WIPS:address,postcode之值,範例同上
JPO意匠(SGM):無
JPO發明,實用新型:addressbook,postcode
<jp:applicants-agents sequence="1">
	<applicant sequence="1">
		<addressbook lang="ja">
            <name>サイレンス・セラピューティクス・アーゲー</name>
            <registered-number>505047256</registered-number>
            <address>
				<text>ドイツ国、１３１２５  ベルリン、ローベルト−レスレ−シュトラーセ  １０</text>
            </address>
        </addressbook>
        <addressbook lang="en">
            <name>ＳＩＬＥＮＣＥ  ＴＨＥＲＡＰＥＵＴＩＣＳ  ＡＧ</name>
        </addressbook>
    </applicant>
</jp:applicants-agents>	
]]>   </jp_val>
	  <kr_val> </kr_val>
      <tw_val> </tw_val>
      <in_val> </in_val>
    </column>
	<column>
	<column_name>country</column_name>
      <column_type>char(2)</column_type>
      <not_null> </not_null>
      <default_val> </default_val>
      <remark>國家</remark>
	   <us_val>XML:addressbook中的country 或nationality中的country或residence中的country<![CDATA[
<addressbook>
  <name>FOLEY AND LARDNER;SUITE 500</name>
  <address>
    <address-1>3000 K STREET NW</address-1>
    <city>WASHINGTON</city>
    <state>DC</state>
    <postcode>20007</postcode>
    <country>US</country>
  </address>
</addressbook>
 <nationality>
  <country>omitted</country>
</nationality>
<residence>
  <country>TW</country>
</residence>

]]></us_val>	
      <cn_val>XML:addressbook中的country 或nationality中的country或residence中的country<![CDATA[
<addressbook lang="zh">
   <name>施特里克斯有限公司</name>
   <address>
     <text>英国马恩岛</text>
   </address>
</addressbook>
DESIGN TXT:TODO]]> </cn_val>
      <docdb_val>XML:addressbook中的country 或nationality中的country或residence中的country<![CDATA[
 <exch:inventor sequence="3" data-format="docdb">
  <exch:inventor-name>
    <name>PLUMECOQ JEAN-CHRISTOPHE</name>
  </exch:inventor-name>
  <residence>
    <country>FR</country>
  </residence>
</exch:inventor>
	  ]]> </docdb_val>
	  <wo_val>XML:country<![CDATA[
WPA:
<applicant app-type="applicant" sequence="1"
designation="all-except-us">
  <addressbook lang="en">
    <name>ZYMOGENETICS, INC.</name>
    <address>
      <address-1>1201 Eastlake Avenue East</address-1>
      <address-2>Seattle, WA 98102</address-2>
      <postcode />
      <country>US</country>
    </address>
  </addressbook>
  <nationality>
    <country>US</country>
  </nationality>
  <residence>
    <country>US</country>
  </residence>
</applicant>
LNP:
  <applicant sequence="1" app-type="applicant"
designation="all-except-us">
  <addressbook lang="eng">
    <orgname>SUGURO T, K CO., Ltd.</orgname>
    <address>
      <address-1>9-11-3, Futabacho, Numazu-shi, Shizuoka,
      4100005</address-1>
      <postcode>4100005</postcode>
      <country>JP</country>
    </address>
  </addressbook>
  <addressbook lang="jpn">
    <orgname>
    &#26666;&#24335;&#20250;&#31038;&#12473;&#12464;&#12525;&#37444;&#24037;</orgname>
    <address>
      <address-1>&#12306;4100005
      &#38745;&#23713;&#30476;&#27836;&#27941;&#24066;&#21452;&#33865;&#30010;&#65305;&#30058;&#65297;&#65297;&#21495;&#12398;&#65299;Shizuoka</address-1>
    </address>
  </addressbook>
  <nationality>
    <country>JP</country>
  </nationality>
  <residence>
    <country>JP</country>
  </residence>
</applicant>]]>  </wo_val>
      <ep_val><![CDATA[EPD:B700中,adr,ctry,範例同上
OPS:addressbook中的country 或nationality中的country或residence中的country
 <exch:inventor sequence="3" data-format="docdb">
  <exch:inventor-name>
    <name>PLUMECOQ JEAN-CHRISTOPHE</name>
  </exch:inventor-name>
  <residence>
    <country>FR</country>
  </residence>
</exch:inventor>]]>  </ep_val>
      <jp_val><![CDATA[
WIPS:address,country之值,範例同上
JPO意匠(SGM):無
JPO發明,實用新型:addressbook,country
<jp:applicants-agents sequence="1">
	<applicant sequence="1">
		<addressbook lang="ja">
            <name>サイレンス・セラピューティクス・アーゲー</name>
            <registered-number>505047256</registered-number>
            <address>
				<text>ドイツ国、１３１２５  ベルリン、ローベルト−レスレ−シュトラーセ  １０</text>
            </address>
        </addressbook>
        <addressbook lang="en">
            <name>ＳＩＬＥＮＣＥ  ＴＨＥＲＡＰＥＵＴＩＣＳ  ＡＧ</name>
        </addressbook>
    </applicant>
</jp:applicants-agents>	
]]>   </jp_val>
	  <kr_val> </kr_val>
      <tw_val> </tw_val>
      <in_val> </in_val>
    </column>
	<column>
      <column_name>lang</column_name>
      <column_type>char(5)</column_type>
      <not_null></not_null>
      <default_val> </default_val>
      <remark>語系</remark>
	   <us_val>"en"</us_val>
      <cn_val>"zh_cn"</cn_val>
      <docdb_val>"en"</docdb_val>
	  <wo_val><![CDATA[
WPA:addressbook中的lang
<addressbook lang="en">
  <name>PRYSMIAN S.P.A.</name>
  <address>
    <address-1>Viale Sarca, 222</address-1>
    <address-2>I-20126 Milano</address-2>
    <postcode />
    <country>IT</country>
  </address>
</addressbook>
LNP:addressbook中的lang,從三碼轉兩碼
<addressbook lang="eng">
  <orgname>SUGURO T, K CO., Ltd.</orgname>
  <address>
    <address-1>9-11-3, Futabacho, Numazu-shi, Shizuoka,
    4100005</address-1>
    <postcode>4100005</postcode>
    <country>JP</country>
  </address>
</addressbook>]]>  </wo_val>
      <ep_val><![CDATA[EPD:B200,B260之值
<B200>
  <B210>14716776.1</B210>
  <B220>
    <date>20140328</date>
  </B220>
  <B240>
    <B241>
      <date>20150909</date>
    </B241>
  </B240>
  <B250>de</B250>
  <B251EP>de</B251EP>
  <B260>de</B260>
</B200>
OPS:pat_data.ori_lang之值]]></ep_val>
      <jp_val><![CDATA[
WIPS:applicant中lang轉換為語系代碼,無語系資訊則預設為ja
 <applicants>
        <applicant sequence="1" lang="JP">
          <addressbook>
            <name>矢崎総業株式会社</name>
            <registered-number>000006895</registered-number>
            <address>
              <text>東京都港区三田1丁目4番28号</text>
            </address>
          </addressbook>
        </applicant>
      </applicants>
JPO意匠(SGM):
NAME則為ja,ORIGINAL-NAME則為en
JPO發明,實用新型:addressbook中lang之值,兩碼小寫英文
<jp:applicants-agents sequence="1">
	<applicant sequence="1">
		<addressbook lang="ja">
            <name>サイレンス・セラピューティクス・アーゲー</name>
            <registered-number>505047256</registered-number>
            <address>
				<text>ドイツ国、１３１２５  ベルリン、ローベルト−レスレ−シュトラーセ  １０</text>
            </address>
        </addressbook>
        <addressbook lang="en">
            <name>ＳＩＬＥＮＣＥ  ＴＨＥＲＡＰＥＵＴＩＣＳ  ＡＧ</name>
        </addressbook>
    </applicant>
</jp:applicants-agents>	
]]>   </jp_val>
	  <kr_val>"ko"</kr_val>
      <tw_val>"zh_tw"</tw_val>
      <in_val>"en"</in_val>
    </column>
	<column>
      <column_name>person_facet</column_name>
      <column_type>text</column_type>
      <not_null>V</not_null>
      <default_val> </default_val>
      <remark><![CDATA[facet字串,將person_name+address+city+state+postcode+country串起來,
轉為小寫,濾掉空白及~!@#$%^&*()\\-_=+\\[{\\]};:'\",<.>/?
	    return str.toLowerCase().replaceAll("[\\s`~!@#$%^&*()\\-_=+\\[{\\]};:'\",<.>/?]+", "");
	  ]]>
	  </remark>
	   <us_val> </us_val>
      <cn_val> </cn_val>
      <docdb_val> </docdb_val>
	  <wo_val> </wo_val>
      <ep_val> </ep_val>
      <jp_val> </jp_val>
	  <kr_val> </kr_val>
      <tw_val> </tw_val>
      <in_val> </in_val>
    </column>
	<column>
      <column_name>create_date</column_name>
      <column_type>timestamp</column_type>
      <not_null> </not_null>
      <default_val> </default_val>
      <remark>建立時間</remark>
	  <us_val> </us_val>
      <cn_val> </cn_val>
      <docdb_val> </docdb_val>
	  <wo_val> </wo_val>
      <ep_val> </ep_val>
      <jp_val> </jp_val>
	  <kr_val> </kr_val>
      <tw_val> </tw_val>
      <in_val> </in_val>
    </column>
	<column>
      <column_name>last_upd_date</column_name>
      <column_type>timestamp</column_type>
      <not_null> </not_null>
      <default_val> </default_val>
      <remark>最後修改時間,新增時一併寫入建立時間</remark>
	  <us_val> </us_val>
      <cn_val> </cn_val>
      <docdb_val> </docdb_val>
	  <wo_val> </wo_val>
      <ep_val> </ep_val>
      <jp_val> </jp_val>
	  <kr_val> </kr_val>
      <tw_val> </tw_val>
      <in_val> </in_val>
    </column>
  </table>
  <table><!--person_lang-->
    <table_name>person_lang</table_name>
    <table_desc>Person多語系主檔,原始資料中可提供同一Person之多語系對應時寫入,
ex,WO,同一applicant提供多組addressbook
</table_desc>
	<constraints><val> </val></constraints>
    <column>
      <column_name>person_lang_id</column_name>
      <column_type>int</column_type>
      <not_null>V</not_null>
      <default_val>NEXTVAL('seq_person_lang_id')</default_val>
      <remark>PK,UUID</remark>
	  <us_val> </us_val>
      <cn_val> </cn_val>
      <docdb_val> </docdb_val>
	  <wo_val> </wo_val>
      <ep_val> </ep_val>
      <jp_val> </jp_val>
	  <kr_val> </kr_val>
      <tw_val> </tw_val>
      <in_val> </in_val>
    </column>
	<column>
      <column_name>enabled_flag</column_name>
      <column_type>int</column_type>
      <not_null>V</not_null>
      <default_val>1</default_val>
      <remark>Enabled Flag,0:disabed,1:enabled,標記本組person_lang_id是否有效,
若處理時發現有多組person_lang_id應合併為同一組,
產生一組新的person_lang_id,並將原本的多組person_lang_id的enabled_flag變更為0
	  </remark>
	  <us_val> </us_val>
      <cn_val> </cn_val>
      <docdb_val> </docdb_val>
	  <wo_val> </wo_val>
      <ep_val> </ep_val>
      <jp_val> </jp_val>
	  <kr_val> </kr_val>
      <tw_val> </tw_val>
      <in_val> </in_val>
    </column>
	<column>
      <column_name>create_date</column_name>
      <column_type>timestamp</column_type>
      <not_null> </not_null>
      <default_val> </default_val>
      <remark>建立時間</remark>
	  <us_val> </us_val>
      <cn_val> </cn_val>
      <docdb_val> </docdb_val>
	  <wo_val> </wo_val>
      <ep_val> </ep_val>
      <jp_val> </jp_val>
	  <kr_val> </kr_val>
      <tw_val> </tw_val>
      <in_val> </in_val>
    </column>
	<column>
      <column_name>last_upd_date</column_name>
      <column_type>timestamp</column_type>
      <not_null> </not_null>
      <default_val> </default_val>
      <remark>最後修改時間,新增時一併寫入建立時間</remark>
	  <us_val> </us_val>
      <cn_val> </cn_val>
      <docdb_val> </docdb_val>
	  <wo_val> </wo_val>
      <ep_val> </ep_val>
      <jp_val> </jp_val>
	  <kr_val> </kr_val>
      <tw_val> </tw_val>
      <in_val> </in_val>
    </column>
  </table>
  <table><!--person_lang_list-->
    <table_name>person_lang_list</table_name>
    <table_desc>Person多語系主檔</table_desc>
	<constraints><val>fk:person_lang_id references person_lang(person_lang_id)
fk:person_id references person_data(person_id)
	</val></constraints>
    <column>
      <column_name>person_lang_id</column_name>
      <column_type>int</column_type>
      <not_null>V</not_null>
      <default_val> </default_val>
      <remark>PK,person_lang.person_lang_id</remark>
	  <us_val> </us_val>
      <cn_val> </cn_val>
      <docdb_val> </docdb_val>
	  <wo_val> </wo_val>
      <ep_val> </ep_val>
      <jp_val> </jp_val>
	  <kr_val> </kr_val>
      <tw_val> </tw_val>
      <in_val> </in_val>
    </column>
	<column>
      <column_name>person_id</column_name>
      <column_type>uuid</column_type>
      <not_null>V</not_null>
      <default_val> </default_val>
      <remark>PK,person_data.per_id</remark>
	  <us_val> </us_val>
      <cn_val> </cn_val>
      <docdb_val> </docdb_val>
	  <wo_val> </wo_val>
      <ep_val> </ep_val>
      <jp_val> </jp_val>
	  <kr_val> </kr_val>
      <tw_val> </tw_val>
      <in_val> </in_val>
    </column>
	<column>
      <column_name>create_date</column_name>
      <column_type>timestamp</column_type>
      <not_null> </not_null>
      <default_val> </default_val>
      <remark>建立時間</remark>
	  <us_val> </us_val>
      <cn_val> </cn_val>
      <docdb_val> </docdb_val>
	  <wo_val> </wo_val>
      <ep_val> </ep_val>
      <jp_val> </jp_val>
	  <kr_val> </kr_val>
      <tw_val> </tw_val>
      <in_val> </in_val>
    </column>
	<column>
      <column_name>last_upd_date</column_name>
      <column_type>timestamp</column_type>
      <not_null> </not_null>
      <default_val> </default_val>
      <remark>最後修改時間,新增時一併寫入建立時間</remark>
	  <us_val> </us_val>
      <cn_val> </cn_val>
      <docdb_val> </docdb_val>
	  <wo_val> </wo_val>
      <ep_val> </ep_val>
      <jp_val> </jp_val>
	  <kr_val> </kr_val>
      <tw_val> </tw_val>
      <in_val> </in_val>
    </column>
  </table>
  <table><!--pat_person_agent-->
    <table_name>pat_person_agent</table_name>
    <table_desc>專利代理人對應檔,依原始資料提供之順序依序寫入</table_desc>
	<constraints><val>fk:pat_id references pat_data(pat_id)
fk:source_id references source_data(source_id)
fk:person_id references source_data(person_id)
</val></constraints>
   <column>
      <column_name>pat_id</column_name>
      <column_type>varchar(50)</column_type>
      <not_null>V</not_null>
      <default_val> </default_val>
      <remark>pat_data.pat_id</remark>
	  <us_val> </us_val>
      <cn_val> </cn_val>
      <docdb_val> </docdb_val>
	  <wo_val> </wo_val>
      <ep_val> </ep_val>
      <jp_val> </jp_val>
	  <kr_val> </kr_val>
      <tw_val> </tw_val>
      <in_val> </in_val>
    </column>
	<column>
      <column_name>source_id</column_name>
      <column_type>varchar(50)</column_type>
      <not_null>V</not_null>
      <default_val> </default_val>
      <remark>資料來源,依據資料來源寫入source_id</remark>
	  <us_val> </us_val>
      <cn_val> </cn_val>
      <docdb_val> </docdb_val>
	  <wo_val> </wo_val>
      <ep_val> </ep_val>
      <jp_val> </jp_val>
	  <kr_val> </kr_val>
      <tw_val> </tw_val>
      <in_val> </in_val>
    </column>
	<column>
      <column_name>item</column_name>
      <column_type>int</column_type>
      <not_null>V</not_null>
      <default_val> </default_val>
      <remark>PK,項次,從1開始</remark>
	  <us_val> </us_val>
      <cn_val> </cn_val>
      <docdb_val> </docdb_val>
	  <wo_val> </wo_val>
      <ep_val> </ep_val>
      <jp_val> </jp_val>
	  <kr_val> </kr_val>
      <tw_val> </tw_val>
      <in_val> </in_val>
    </column>	
	<column>
      <column_name>person_id</column_name>
      <column_type>uuid</column_type>
      <not_null>V</not_null>
      <default_val> </default_val>
      <remark>person_data.person_id,,將原始資料提供的將person_name+address+city+state+country串起來
,用person_data.person_facet之規則處理過後,加上語系,找出相對應的person_id</remark>
	   <us_val><![CDATA[XML:agent中的addressbook的內容到person_data進行處理,lang預設為en
<agents>
  <agent sequence="01" rep-type="attorney">
    <addressbook>
      <orgname>Young Basile Hanlon &amp; MacFarlane PC</orgname>
      <address>
        <country>unknown</country>
      </address>
    </addressbook>
  </agent>
</agents>]]></us_val>
      <cn_val><![CDATA[
XML:agent中的cn-agency的name與cn-agent的name各自產生一筆person_data,xml範例中的資料,
將會對應到對應至3筆person_data,lang預設為zh_cn
<cn-agents>
    <cn-agent sequence="1" rep-type="agent">
     <cn-agency>
      <name>北京市磐华律师事务所 11336</name>
     </cn-agency>
     <name>董巍</name>
    </cn-agent>
    <cn-agent sequence="2" rep-type="agent">
     <cn-agency>
      <name>北京市磐华律师事务所 11336</name>
     </cn-agency>
     <name>顾珊</name>
    </cn-agent>
   </cn-agents>
DESIGN TXT:<专利代理机构><代理人>,各自產生一筆person_data,txt範例中的資料,將會對應到對應至3筆person_data
<专利代理机构>=深圳市金笔知识产权代理事务所(特殊普通合伙) 44297
<代理人>=胡清方;彭友华
]]></cn_val>
      <docdb_val>　</docdb_val>
	  <wo_val><![CDATA[
WPA:agent中的addressbook的內容到person_data進行處理,若一組agent有提供一組以上的addressbook,
須額外多寫資料到pat_data_memo(先不處理person_lang,person_lang_list,lang為addressbook中的lang)
<agents>
  <agent sequence="1" rep-type="agent">
    <addressbook lang="en">
      <name>ALLAIX, Roberto et al.</name>
      <address>
        <address-1>MARCHI &amp; PARTNERS S.r.l.</address-1>
        <address-2>Via G.B. Pirelli, 19</address-2>
        <address-3>I-20124 Milano</address-3>
        <postcode />
        <country>IT</country>
      </address>
    </addressbook>
  </agent>
</agents>
LPN:agent中的addressbook的內容到person_data進行處理,若一組agent有提供一組以上的addressbook,
須額外多寫資料到pat_data_memo(先不處理person_lang,person_lang_list,lang為addressbook中的lang,三碼轉為兩碼)
<agents>
  <agent sequence="1" rep-type="attorney">
    <addressbook lang="eng">
      <name>FUJITA, Takaharu et al.</name>
      <address>
        <address-1>Mitsubishijuko Yokohama Bldg. 24F, 3-1,
        Minatomirai 3-chome, Nishi-ku, Yokohama-shi, Kanagawa
        2200012</address-1>
        <postcode>2200012</postcode>
        <country>JP</country>
      </address>
    </addressbook>
    <addressbook lang="jpn">
      <name>&#232;&#8212;&#164;&#231;&#8221;&#176;
      &#232;&#8364;&#402;&#230;&#8482;&#180; et al.</name>
      <address>
        <address-1>&#227;&#8364;&#8217;2200012
        &#231;&#165;&#382;&#229;&#165;&#710;&#229;&#183;&#231;&#339;&#338;&#230;&#168;&#170;&#230;&#181;&#339;&#229;&#184;&#8218;&#232;&#165;&#191;&#229;&#338;&#186;&#227;&#191;&#227;&#170;&#227;&#168;&#227;&#191;&#227;&#8218;&#8240;&#227;&#8222;&#239;&#188;&#8220;&#239;&#188;&#239;&#188;&#8220;&#239;&#188;&#239;&#188;&#8216;&#228;&#184;&#8240;&#232;&#177;&#233;&#8225;&#229;&#183;&#165;&#230;&#168;&#170;&#230;&#181;&#339;&#227;&#402;&#8220;&#227;&#402;&#171;&#239;&#188;&#8217;&#239;&#188;&#8221;&#239;&#188;&#166;Kanagawa</address-1>
      </address>
    </addressbook>
  </agent>
</agents>]]></wo_val>
        <ep_val><![CDATA[EPD:B700,B740,B741中snm,adr的內容到person_data進行處理,lang為B200,B260之值
<B200>
  <B210>14716776.1</B210>
  <B220>
    <date>20140328</date>
  </B220>
  <B240>
    <B241>
      <date>20150909</date>
    </B241>
  </B240>
  <B250>de</B250>
  <B251EP>de</B251EP>
  <B260>de</B260>
</B200>
<B700>
  <B740>
    <B741>
      <snm>Kohlmann, Kai</snm>
      <iid>100038068</iid>
      <adr>
        <str>Donatusstra&#195;&#376;e 1</str>
        <city>52078 Aachen</city>
        <ctry>DE</ctry>
      </adr>
    </B741>
  </B740>
</B700>
OPS:無]]></ep_val>
<jp_val><![CDATA[
WIPS:addressbook中的內容到person_data進行處理,lang預設為ja,address中的資料若有無name之資料則寫入資料至pat_data_memo
<agents>
        <agent sequence="1">
          <addressbook>
            <name>小林  保</name>
            <registered-number>100075959</registered-number>
          </addressbook>
        </agent>
      </agents>
    </parties>
JPO意匠(SGM):PROXY中的內容到person_data進行處理,lang預設為ja
<RIGHT-HOLDER-GROUP>
<PROXY KIND-OF-ATTORNEY="REPRESENTATIVE">
	<IDENTIFICATION-NUMBER>１０００６８２４９</IDENTIFICATION-NUMBER>
	<ATTORNEY-RIGHT KIND-OF-ATTORNEY-RIGHT="PATENT-ATTORNEY">
		<NAME>吉原　省三</NAME>
</PROXY>
<PROXY KIND-OF-ATTORNEY="REPRESENTATIVE">
<IDENTIFICATION-NUMBER>２３０１００４３５</IDENTIFICATION-NUMBER>
<ATTORNEY-RIGHT KIND-OF-ATTORNEY-RIGHT="ATTORNEY-AT-LAW">
<NAME>吉原　弘子</NAME>
</PROXY>
</RIGHT-HOLDER-GROUP>

JPO發明,實用新型:addressbook中的內容到person_data進行處理,lang用address中的lang,若無則預設為pat_data.ori_lang,agent中若有兩組adddress以上,則寫入資料至pat_data_memo
<jp:applicants-agents sequence="1">
	<agent sequence="1" jp:kind="representative">
            <addressbook>
              <name>奥山  尚一</name>
              <registered-number>100099623</registered-number>
            </addressbook>
            <jp:attorney/>
          </agent>
</jp:applicants-agents>	
	]]>   </jp_val>
	  <kr_val>TODO</kr_val>
      <tw_val>TODO</tw_val>
      <in_val>TODO</in_val>
    </column>
	<column>
      <column_name>rep_code</column_name>
      <column_type>varchar(50)</column_type>
      <not_null> </not_null>
      <default_val> </default_val>
      <remark>rep_type</remark>
	  <us_val>XML:agent中的rep-type,範例同上</us_val>
      <cn_val>XML:agent中的rep-type,範例同上
DESIGN TXT:不寫入</cn_val>
      <docdb_val>未提供agent資料</docdb_val>
	  <wo_val>XML:agent中的rep-type,範例同上</wo_val>
      <ep_val>EPD:無
OPS:parties,agents,agent中的rep-type,尚無範例</ep_val>
      <jp_val><![CDATA[
WIPS_APPLICATION:無
JPO意匠(SGM):ATTORNEY-RIGHT中KIND-OF-ATTORNEY-RIGHT之值,範例同上
JPO發明,實用新型:agent中kind之值
<jp:applicants-agents sequence="1">
	<agent sequence="1" jp:kind="representative">
            <addressbook>
              <name>奥山  尚一</name>
              <registered-number>100099623</registered-number>
            </addressbook>
            <jp:attorney/>
          </agent>
</jp:applicants-agents>	
]]>   </jp_val>
	  <kr_val>TODO</kr_val>
      <tw_val>TODO</tw_val>
      <in_val>TODO</in_val>
    </column>
	<column>
      <column_name>pto_person_id</column_name>
      <column_type>varchar(20)</column_type>
      <not_null> </not_null>
      <default_val> </default_val>
      <remark>PTO所提供的PERSON ID</remark>
	  <us_val> </us_val>
      <cn_val> </cn_val>
      <docdb_val> </docdb_val>
	  <wo_val> </wo_val>
      <ep_val> </ep_val>
      <jp_val><![CDATA[
WIPS:agent,addressbook,registered-number之值
<agents>
        <agent sequence="1">
          <addressbook>
            <name>小林  保</name>
            <registered-number>100075959</registered-number>
          </addressbook>
        </agent>
      </agents>
    </parties>
JPO意匠(SGM):IDENTIFICATION-NUMBER之值,範例同上
JPO發明,實用新型:addressbook,registered-number之值
<jp:applicants-agents sequence="1">
	<agent sequence="1" jp:kind="representative">
            <addressbook>
              <name>奥山  尚一</name>
              <registered-number>100099623</registered-number>
            </addressbook>
            <jp:attorney/>
          </agent>
</jp:applicants-agents>	
	]]>   </jp_val>
	  <kr_val> </kr_val>
      <tw_val> </tw_val>
      <in_val> </in_val>
    </column>
	<column>
	<column_name>person_country</column_name>
      <column_type>char(2)</column_type>
      <not_null> </not_null>
      <default_val> </default_val>
      <remark>Person所屬國別</remark>
	  <us_val> </us_val>
      <cn_val> </cn_val>
      <docdb_val> </docdb_val>
	  <wo_val> </wo_val>
      <ep_val> </ep_val>
       <jp_val><![CDATA[
WIPS:addressbook,country之值
<agents>
        <agent sequence="1">
          <addressbook>
            <name>小林  保</name>
            <registered-number>100075959</registered-number>
          </addressbook>
        </agent>
      </agents>
    </parties>
JPO意匠(SGM):無	
JPO發明,實用新型:addressbook,country之值
]]>   </jp_val>
	  <kr_val> </kr_val>
      <tw_val> </tw_val>
      <in_val> </in_val>
    </column>
	<column>
      <column_name>create_date</column_name>
      <column_type>timestamp</column_type>
      <not_null> </not_null>
      <default_val> </default_val>
      <remark>建立時間</remark>
	  <us_val> </us_val>
      <cn_val> </cn_val>
      <docdb_val> </docdb_val>
	  <wo_val> </wo_val>
      <ep_val> </ep_val>
      <jp_val> </jp_val>
	  <kr_val> </kr_val>
      <tw_val> </tw_val>
      <in_val> </in_val>
    </column>
  </table>
  <table><!--pat_person_applicant-->
    <table_name>pat_person_applicant</table_name>
    <table_desc>專利申請人對應檔,依原始資料提供之順序依序寫入</table_desc>
	<constraints><val>fk:pat_id references pat_data(pat_id)
fk:source_id references source_data(source_id)
fk:person_id references source_data(person_id)
</val></constraints>
   <column>
      <column_name>pat_id</column_name>
      <column_type>varchar(50)</column_type>
      <not_null>V</not_null>
      <default_val> </default_val>
      <remark>pat_data.pat_id</remark>
	  <us_val> </us_val>
      <cn_val> </cn_val>
      <docdb_val> </docdb_val>
	  <wo_val> </wo_val>
      <ep_val> </ep_val>
      <jp_val> </jp_val>
	  <kr_val> </kr_val>
      <tw_val> </tw_val>
      <in_val> </in_val>
    </column>
	<column>
      <column_name>source_id</column_name>
      <column_type>varchar(50)</column_type>
      <not_null>V</not_null>
      <default_val> </default_val>
      <remark>資料來源,依據資料來源寫入source_id</remark>
	  <us_val> </us_val>
      <cn_val> </cn_val>
      <docdb_val> </docdb_val>
	  <wo_val> </wo_val>
      <ep_val> </ep_val>
      <jp_val> </jp_val>
	  <kr_val> </kr_val>
      <tw_val> </tw_val>
      <in_val> </in_val>
    </column>
	<column>
      <column_name>item</column_name>
      <column_type>int</column_type>
      <not_null>V</not_null>
      <default_val> </default_val>
      <remark>PK,項次,從1開始</remark>
	  <us_val> </us_val>
      <cn_val> </cn_val>
      <docdb_val> </docdb_val>
	  <wo_val> </wo_val>
      <ep_val> </ep_val>
      <jp_val> </jp_val>
	  <kr_val> </kr_val>
      <tw_val> </tw_val>
      <in_val> </in_val>
    </column>	
	<column>
      <column_name>person_id</column_name>
      <column_type>uuid</column_type>
      <not_null>V</not_null>
      <default_val> </default_val>
      <remark>person_data.person_id,,將原始資料提供的將person_name+address+city+state+country串起來
,用person_data.person_facet之規則處理過後,加上語系,找出相對應的person_id</remark>
	   <us_val><![CDATA[XML:applicant中的addressbook的內容到person_data進行處理,lang預設為en
 <applicants>
  <applicant sequence="001" app-type="applicant-inventor"
  designation="us-only">
    <addressbook>
      <last-name>Chiang</last-name>
      <first-name>Chwan-Hwa</first-name>
      <address>
        <city>Taipei Hsien</city>
        <country>TW</country>
      </address>
    </addressbook>
    <nationality>
      <country>omitted</country>
    </nationality>
    <residence>
      <country>TW</country>
    </residence>
  </applicant>
  <applicant sequence="002" app-type="applicant-inventor"
  designation="us-only">
    <addressbook>
      <last-name>Du</last-name>
      <first-name>Qi-Jian</first-name>
      <address>
        <city>Shenzhen</city>
        <country>CN</country>
      </address>
    </addressbook>
    <nationality>
      <country>omitted</country>
    </nationality>
    <residence>
      <country>CN</country>
    </residence>
  </applicant>
</applicants>
]]></us_val>
      <cn_val><![CDATA[
XML:applicant中的addressbook的內容到person_data進行處理,lang預設為zh_cn
 <cn-parties>
   <cn-applicants cn-representative-is="英国马恩岛">
    <cn-applicant sequence="1">
     <addressbook lang="zh">
      <name>施特里克斯有限公司</name>
      <address>
       <text>英国马恩岛</text>
      </address>
     </addressbook>
    </cn-applicant>
   </cn-applicants>
  </cn-parties>
DESIGN TXT:<申请（专利权）人><地址>,產生一筆person_data,txt範例中的資料
<申请（专利权）人>=钟虹光
<地址>=330096 江西省南昌市高新区火炬大道788号
]]></cn_val>
      <docdb_val><![CDATA[
applicant中的addressbook的內容到person_data進行處理,lang預設為en
<exch:applicants>
  <exch:applicant sequence="1" data-format="docdb">
    <exch:applicant-name>
      <name>EXXONMOBIL CHEMICAL CO INC</name>
    </exch:applicant-name>
    <residence>
      <country>US</country>
    </residence>
  </exch:applicant>
  <exch:applicant sequence="2" data-format="docdb">
    <exch:applicant-name>
      <name>ADVANCED ELASTOMER SYSTEMS</name>
    </exch:applicant-name>
    <residence>
      <country>US</country>
    </residence>
  </exch:applicant>  
</exch:applicants>
	]]></docdb_val>
	  <wo_val><![CDATA[
WPA:applicant中的addressbook的內容到person_data進行處理,若一組applicant有提供一組以上的addressbook,
須額外多寫資料到pat_data_memo(先不處理person_lang,person_lang_list,lang為addressbook中的lang)
<applicants>
  <applicant app-type="applicant" sequence="1" designation="all">
    <addressbook lang="en">
      <name>PRYSMIAN S.P.A.</name>
      <address>
        <address-1>Viale Sarca, 222</address-1>
        <address-2>I-20126 Milano</address-2>
        <postcode />
        <country>IT</country>
      </address>
    </addressbook>
    <nationality>
      <country>IT</country>
    </nationality>
    <residence>
      <country>IT</country>
    </residence>
  </applicant>
  <applicants>
</applicants>
LPN:applicant中的addressbook的內容到person_data進行處理,若一組applicant有提供一組以上的addressbook,
須額外多寫資料到pat_data_memo(先不處理person_lang,person_lang_list,lang為addressbook中的lang,三碼轉為兩碼)
<applicants>
  <applicant sequence="1" app-type="applicant"
  designation="all-except-us">
    <addressbook lang="eng">
      <orgname>SUGURO T, K CO., Ltd.</orgname>
      <address>
        <address-1>9-11-3, Futabacho, Numazu-shi, Shizuoka,
        4100005</address-1>
        <postcode>4100005</postcode>
        <country>JP</country>
      </address>
    </addressbook>
    <addressbook lang="jpn">
      <orgname>
      230;&#160;&#170;&#229;&#188;&#228;&#188;&#353;&#231;&#164;&#190;&#227;&#8218;&#185;&#227;&#8218;&#176;&#227;&#402;&#173;&#233;&#8240;&#8222;&#229;&#183;&#165;</orgname>
      <address>
        <address-1>&#227;&#8364;&#8217;4100005
        &#233;&#8482;&#229;&#178;&#161;&#231;&#339;&#338;&#230;&#178;&#188;&#230;&#180;&#165;&#229;&#184;&#8218;&#229;&#338;
		&#232;&#8216;&#8240;&#231;&#8221;&#186;&#239;&#188;&#8482;&#231;&#8226;&#170;&#239;&#188;&#8216;&#239;&#188;&#8216;
		&#229;&#183;&#227;&#174;&#239;&#188;&#8220;Shizuoka</address-1>
      </address>
    </addressbook>
    <nationality>
      <country>JP</country>
    </nationality>
    <residence>
      <country>JP</country>
    </residence>
  </applicant>
</applicants>]]></wo_val>
      <ep_val><![CDATA[EPD:B700,B710,B711中snm,adr的內容到person_data進行處理,lang為B200,B260之值
<B200>
  <B210>14716776.1</B210>
  <B220>
    <date>20140328</date>
  </B220>
  <B240>
    <B241>
      <date>20150909</date>
    </B241>
  </B240>
  <B250>de</B250>
  <B251EP>de</B251EP>
  <B260>de</B260>
</B200>
 <B700>
  <B710>
    <B711>
      <snm>Fujifilm Corporation</snm>
      <iid>100813527</iid>
      <irf>K 79 002/7 ga</irf>
      <adr>
        <str>26-30, Nishiazabu 2-chome</str>
        <city>Minato-kuTokyo 106-8620</city>
        <ctry>JP</ctry>
      </adr>
    </B711>
  </B710>
</B700>

OPS:data-format="epodoc"之applicant的內容到person_data進行處理,lang預設為pat_data.ori_lang,若nationality或residence無值，且name的值包含[XX],XX為兩碼大寫英文,則將XX是為country之內容
<applicants>
  <applicant sequence="1" data-format="epodoc">
    <applicant-name>
      <name>BAYER AG&#226;&#8364;&#8218;[DE]</name>
    </applicant-name>
  </applicant>
  <applicant sequence="1" data-format="original">
    <applicant-name>
      <name>BAYER AKTIENGESELLSCHAFT,</name>
    </applicant-name>
  </applicant>
  <applicant sequence="2" data-format="original">
    <applicant-name>
      <name>BAYER AG</name>
    </applicant-name>
  </applicant>
</applicants>

]]></ep_val>
            <jp_val><![CDATA[
WIPS:addressbook中的內容到person_data進行處理,語系為applicant中lang轉為標準語系,address中的資料若有無name之資料則寫入資料至pat_data_memo
 <applicants>
        <applicant sequence="1" lang="JP">
          <addressbook>
            <name>矢崎総業株式会社</name>
            <registered-number>000006895</registered-number>
            <address>
              <text>東京都港区三田1丁目4番28号</text>
            </address>
          </addressbook>
        </applicant>
      </applicants>

JPO意匠(SGM):無

JPO發明,實用新型:addressbook中的內容到person_data進行處理,語系為applicant中lang轉為標準語系,applicant中若有兩組以上address的資料,則寫入資料至pat_data_memo
 <applicant sequence="1">
            <addressbook lang="ja">
              <name>サイレンス・セラピューティクス・アーゲー</name>
              <registered-number>505047256</registered-number>
              <address>
                <text>ドイツ国、１３１２５  ベルリン、ローベルト−レスレ−シュトラーセ  １０</text>
              </address>
            </addressbook>
            <addressbook lang="en">
              <name>ＳＩＬＥＮＣＥ  ＴＨＥＲＡＰＥＵＴＩＣＳ  ＡＧ</name>
            </addressbook>
          </applicant>
	  ]]>   </jp_val>
	  <kr_val>TODO</kr_val>
      <tw_val>TODO</tw_val>
      <in_val>TODO</in_val>
    </column>
	<column>
      <column_name>app_code</column_name>
      <column_type>varchar(50)</column_type>
      <not_null> </not_null>
      <default_val> </default_val>
      <remark>申請類型</remark>
	   <us_val>XML:applicant中之app-type,範例同上</us_val>
      <cn_val> </cn_val>
      <docdb_val> </docdb_val>
	  <wo_val>XML:applicant中之app-type,範例同上</wo_val>
      <ep_val>EPD:無
OPS:data-format="epodoc"之applicant中的app-type
</ep_val>
      <jp_val> </jp_val>
	  <kr_val>TODO</kr_val>
      <tw_val>TODO</tw_val>
      <in_val>TODO</in_val>
    </column>
		<column>
      <column_name>designation_code</column_name>
      <column_type>varchar(50)</column_type>
      <not_null> </not_null>
      <default_val> </default_val>
      <remark>指定範圍</remark>
	   <us_val>XML:applicant中之designation,範例同上</us_val>
      <cn_val> </cn_val>
      <docdb_val>data-format為docdb的applicant中之designation,範例同上</docdb_val>
	  <wo_val>applicant中之designation,範例同上</wo_val>
      <ep_val>EPD:無
OPS:data-format="epodoc"之applicant中之designation</ep_val>
      <jp_val> </jp_val>
	  <kr_val>TODO</kr_val>
      <tw_val>TODO</tw_val>
      <in_val>TODO</in_val>
    </column>
	<column>
      <column_name>auth_category</column_name>
      <column_type>varchar(50)</column_type>
      <not_null> </not_null>
      <default_val> </default_val>
      <remark>authority-category</remark>
	   <us_val>XML:applicant中之applicant-authority-category,範例同上</us_val>
      <cn_val> </cn_val>
      <docdb_val> </docdb_val>
	  <wo_val> </wo_val>
      <ep_val> </ep_val>
      <jp_val> </jp_val>
	  <kr_val>TODO</kr_val>
      <tw_val>TODO</tw_val>
      <in_val>TODO</in_val>
    </column>
	<column>
      <column_name>pto_person_id</column_name>
      <column_type>varchar(20)</column_type>
      <not_null> </not_null>
      <default_val> </default_val>
      <remark>PTO所提供的PERSON ID</remark>
	  <us_val> </us_val>
      <cn_val> </cn_val>
      <docdb_val> </docdb_val>
	  <wo_val> </wo_val>
      <ep_val> </ep_val>
      <jp_val><![CDATA[
WIPS:applicant,addressbook,registered-number之值
 <applicants>
        <applicant sequence="1" lang="JP">
          <addressbook>
            <name>矢崎総業株式会社</name>
            <registered-number>000006895</registered-number>
            <address>
              <text>東京都港区三田1丁目4番28号</text>
            </address>
          </addressbook>
        </applicant>
      </applicants>

JPO意匠(SGM):無

JPO發明,實用新型:addressbook,registered-number之值
 <applicant sequence="1">
            <addressbook lang="ja">
              <name>サイレンス・セラピューティクス・アーゲー</name>
              <registered-number>505047256</registered-number>
              <address>
                <text>ドイツ国、１３１２５  ベルリン、ローベルト−レスレ−シュトラーセ  １０</text>
              </address>
            </addressbook>
            <addressbook lang="en">
              <name>ＳＩＬＥＮＣＥ  ＴＨＥＲＡＰＥＵＴＩＣＳ  ＡＧ</name>
            </addressbook>
          </applicant>
	  ]]>   </jp_val>
	  <kr_val> </kr_val>
      <tw_val> </tw_val>
      <in_val> </in_val>
    </column>
	<column>
	<column_name>person_country</column_name>
      <column_type>char(2)</column_type>
      <not_null> </not_null>
      <default_val> </default_val>
      <remark>Person所屬國別</remark>
	  <us_val> </us_val>
      <cn_val> </cn_val>
      <docdb_val> </docdb_val>
	  <wo_val> </wo_val>
      <ep_val> </ep_val>
            <jp_val><![CDATA[
WIPS:applicant,addressbook,country之值
 <applicants>
        <applicant sequence="1" lang="JP">
          <addressbook>
            <name>矢崎総業株式会社</name>
            <registered-number>000006895</registered-number>
            <address>
              <text>東京都港区三田1丁目4番28号</text>
            </address>
          </addressbook>
        </applicant>
      </applicants>

JPO意匠(SGM):無

JPO發明,實用新型:無
	  ]]>   </jp_val>
	  <kr_val> </kr_val>
      <tw_val> </tw_val>
      <in_val> </in_val>
    </column>
	<column>
      <column_name>create_date</column_name>
      <column_type>timestamp</column_type>
      <not_null> </not_null>
      <default_val> </default_val>
      <remark>建立時間</remark>
	  <us_val> </us_val>
      <cn_val> </cn_val>
      <docdb_val> </docdb_val>
	  <wo_val> </wo_val>
      <ep_val> </ep_val>
      <jp_val> </jp_val>
	  <kr_val> </kr_val>
      <tw_val> </tw_val>
      <in_val> </in_val>
    </column>
  </table>
  <table><!--pat_person_assignee-->
    <table_name>pat_person_assignee</table_name>
    <table_desc>專利權人對應檔,依原始資料提供之順序依序寫入</table_desc>
	<constraints><val>fk:pat_id references pat_data(pat_id)
fk:source_id references source_data(source_id)
fk:person_id references source_data(person_id)
</val></constraints>
   <column>
      <column_name>pat_id</column_name>
      <column_type>varchar(50)</column_type>
      <not_null>V</not_null>
      <default_val> </default_val>
      <remark>pat_data.pat_id</remark>
	  <us_val> </us_val>
      <cn_val> </cn_val>
      <docdb_val> </docdb_val>
	  <wo_val> </wo_val>
      <ep_val> </ep_val>
      <jp_val> </jp_val>
	  <kr_val> </kr_val>
      <tw_val> </tw_val>
      <in_val> </in_val>
    </column>
	<column>
      <column_name>source_id</column_name>
      <column_type>varchar(50)</column_type>
      <not_null>V</not_null>
      <default_val> </default_val>
      <remark>資料來源,依據資料來源寫入source_id</remark>
	  <us_val> </us_val>
      <cn_val> </cn_val>
      <docdb_val> </docdb_val>
	  <wo_val> </wo_val>
      <ep_val> </ep_val>
      <jp_val> </jp_val>
	  <kr_val> </kr_val>
      <tw_val> </tw_val>
      <in_val> </in_val>
    </column>
	<column>
      <column_name>item</column_name>
      <column_type>int</column_type>
      <not_null>V</not_null>
      <default_val> </default_val>
      <remark>PK,項次,從1開始</remark>
	  <us_val> </us_val>
      <cn_val> </cn_val>
      <docdb_val> </docdb_val>
	  <wo_val> </wo_val>
      <ep_val> </ep_val>
      <jp_val> </jp_val>
	  <kr_val> </kr_val>
      <tw_val> </tw_val>
      <in_val> </in_val>
    </column>	
	<column>
      <column_name>person_id</column_name>
      <column_type>uuid</column_type>
      <not_null>V</not_null>
      <default_val> </default_val>
      <remark>person_data.person_id,,將原始資料提供的將person_name+address+city+state+country串起來
,用person_data.person_facet之規則處理過後,加上語系,找出相對應的person_id</remark>
	   <us_val><![CDATA[XML:assignee中的addressbook的內容到person_data進行處理,lang預設為en
  <assignees>
  <assignee>
    <addressbook>
      <orgname>Biomarin Pharmaceuticial Inc.</orgname>
      <role>02</role>
      <address>
        <city>Novato</city>
        <state>CA</state>
        <country>US</country>
      </address>
    </addressbook>
  </assignee>
</assignees>]]></us_val>
      <cn_val><![CDATA[
XML:assignee中的addressbook的內容到person_data進行處理,lang預設為zh_cn
<assignees>
	<assignee>
		<addressbook lang="zh">
			<name>施特里克斯有限公司</name>
			<address>
				<text>英国马恩岛</text>
			</address>
		</addressbook>
	</assignee>
</assignees>
DESIGN TXT:<申请（专利权）人><地址>,產生一筆person_data,txt範例中的資料
<申请（专利权）人>=钟虹光
<地址>=330096 江西省南昌市高新区火炬大道788号
]]></cn_val>
      <docdb_val> </docdb_val>
	  <wo_val> </wo_val>
      <ep_val><![CDATA[EPD:B700,B730,B731的內容到person_data進行處理,lang為B200,B260之值
<B200>
  <B210>14716776.1</B210>
  <B220>
    <date>20140328</date>
  </B220>
  <B240>
    <B241>
      <date>20150909</date>
    </B241>
  </B240>
  <B250>de</B250>
  <B251EP>de</B251EP>
  <B260>de</B260>
</B200>

 <B700>
  <B730>
    <B731>
      <snm>Tyco Healthcare Group LP</snm>
      <iid>02877680</iid>
      <irf>T82359PCTEP</irf>
      <adr>
        <str>15 Hampshire Street</str>
        <city>Mansfield, MA 02048</city>
        <ctry>US</ctry>
      </adr>
    </B731>
  </B730>
</B700>
OPS:無]]></ep_val>
       <jp_val><![CDATA[
WIPS:無
JPO意匠(SGM):RIGHT-HOLDER中的NAME+ADDRESS, ORIGINAL-NAME+ORIGINAL-ADDRESS各自對應到內容到person_data進行處理,無語系資訊則預設為ja,濾掉"▼"
同時存在NAME+ADDRESS,ORIGINAL-NAME+ORIGINAL-ADDRESS須額外多寫資料到pat_data_memo
<RIGHT-HOLDER-GROUP>
    <RIGHT-HOLDER>
        <NAME>ＨＥＲＭＥＳ　ＳＥＬＬＩＥＲ　（ＳＯＣＩ▲Ｅ▼Ｔ▲Ｅ▼　ＰＡＲ　ＡＣＴＩＯＮＳ　ＳＩＭＰＬＩＦＩ▲Ｅ▼Ｅ）</NAME>
        <ADDRESS>２４，　ｒｕｅ　ｄｕ　Ｆａｕｂｏｕｒｇ　Ｓａｉｎｔ　Ｈｏｎｏｒ▲ｅ▼，　Ｆ−７５００８　ＰＡＲＩＳ，Ｆｒａｎｃｅ</ADDRESS>
    </RIGHT-HOLDER>
</RIGHT-HOLDER-GROUP>

 <RIGHT-HOLDER>
          <IDENTIFICATION-NUMBER>５９１０３７０９６</IDENTIFICATION-NUMBER >
          <NAME>フオルクスワーゲン・アクチエンゲゼルシヤフト</NAME >
          <ORIGINAL-NAME>ＶＯＬＫＳＷＡＧＥＮ　ＡＫＴＩＥＮＧＥＳＥＬＬＳＣＨＡＦＴ</ORIGINAL-NAME >
          <ADDRESS>ドイツ連邦共和国，３８４４０　ヴオルフスブルク，ベルリナー・リング，２</ADDRESS >
        </RIGHT-HOLDER >
JPO發明,實用新型:無		
]]>   </jp_val>
	  <kr_val>TODO</kr_val>
      <tw_val>TODO</tw_val>
      <in_val>TODO</in_val>
    </column>
	<column>
	<column_name>person_country</column_name>
      <column_type>char(2)</column_type>
      <not_null> </not_null>
      <default_val> </default_val>
      <remark>Person所屬國別</remark>
	  <us_val> </us_val>
      <cn_val> </cn_val>
      <docdb_val> </docdb_val>
	  <wo_val> </wo_val>
      <ep_val> </ep_val>
      <jp_val> </jp_val>
	  <kr_val> </kr_val>
      <tw_val> </tw_val>
      <in_val> </in_val>
    </column>
	<column>
      <column_name>create_date</column_name>
      <column_type>timestamp</column_type>
      <not_null> </not_null>
      <default_val> </default_val>
      <remark>建立時間</remark>
	  <us_val> </us_val>
      <cn_val> </cn_val>
      <docdb_val> </docdb_val>
	  <wo_val> </wo_val>
      <ep_val> </ep_val>
      <jp_val> </jp_val>
	  <kr_val> </kr_val>
      <tw_val> </tw_val>
      <in_val> </in_val>
    </column>
  </table>
  <table><!--pat_person_correspondence_addr-->
  <table_name>pat_person_correspondence_addr</table_name>
  <table_desc>Parties Correspondence Address檔,依原始資料提供之順序依序寫入</table_desc>
	<constraints><val>fk:pat_id references pat_data(pat_id)
fk:source_id references source_data(source_id)
fk:person_id references source_data(person_id)
</val></constraints>
   <column>
      <column_name>pat_id</column_name>
      <column_type>varchar(50)</column_type>
      <not_null>V</not_null>
      <default_val> </default_val>
      <remark>pat_data.pat_id</remark>
	  <us_val> </us_val>
      <cn_val> </cn_val>
      <docdb_val> </docdb_val>
	  <wo_val> </wo_val>
      <ep_val> </ep_val>
      <jp_val> </jp_val>
	  <kr_val> </kr_val>
      <tw_val> </tw_val>
      <in_val> </in_val>
    </column>
	<column>
      <column_name>source_id</column_name>
      <column_type>varchar(50)</column_type>
      <not_null>V</not_null>
      <default_val> </default_val>
      <remark>資料來源,依據資料來源寫入source_id</remark>
	  <us_val> </us_val>
      <cn_val> </cn_val>
      <docdb_val> </docdb_val>
	  <wo_val> </wo_val>
      <ep_val> </ep_val>
      <jp_val> </jp_val>
	  <kr_val> </kr_val>
      <tw_val> </tw_val>
      <in_val> </in_val>
    </column>
	<column>
      <column_name>item</column_name>
      <column_type>int</column_type>
      <not_null>V</not_null>
      <default_val> </default_val>
      <remark>PK,項次,從1開始</remark>
	  <us_val> </us_val>
      <cn_val> </cn_val>
      <docdb_val> </docdb_val>
	  <wo_val> </wo_val>
      <ep_val> </ep_val>
      <jp_val> </jp_val>
	  <kr_val> </kr_val>
      <tw_val> </tw_val>
      <in_val> </in_val>
    </column>	
	<column>
      <column_name>person_id</column_name>
      <column_type>uuid</column_type>
      <not_null>V</not_null>
      <default_val> </default_val>
      <remark>person_data.person_id,,將原始資料提供的將person_name+address+city+state+country串起來
,用person_data.person_facet之規則處理過後,加上語系,找出相對應的person_id</remark>
	   <us_val><![CDATA[XML:assignee中的addressbook的內容到person_data進行處理,lang預設為en
 <parties>
  <correspondence-address>
    <addressbook>
      <name>FOLEY AND LARDNER;SUITE 500</name>
      <address>
        <address-1>3000 K STREET NW</address-1>
        <city>WASHINGTON</city>
        <state>DC</state>
        <postcode>20007</postcode>
        <country>US</country>
      </address>
    </addressbook>
  </correspondence-address>
</parties>]]></us_val>
      <cn_val> </cn_val>
      <docdb_val> </docdb_val>
	  <wo_val> </wo_val>
      <ep_val> </ep_val>
       <jp_val> </jp_val>
	  <kr_val>TODO</kr_val>
      <tw_val>TODO</tw_val>
      <in_val>TODO</in_val>
    </column>
	<column>
	<column_name>person_country</column_name>
      <column_type>char(2)</column_type>
      <not_null> </not_null>
      <default_val> </default_val>
      <remark>Person所屬國別</remark>
	  <us_val> </us_val>
      <cn_val> </cn_val>
      <docdb_val> </docdb_val>
	  <wo_val> </wo_val>
      <ep_val> </ep_val>
      <jp_val> </jp_val>
	  <kr_val> </kr_val>
      <tw_val> </tw_val>
      <in_val> </in_val>
    </column>
	<column>
      <column_name>create_date</column_name>
      <column_type>timestamp</column_type>
      <not_null> </not_null>
      <default_val> </default_val>
      <remark>建立時間</remark>
	  <us_val> </us_val>
      <cn_val> </cn_val>
      <docdb_val> </docdb_val>
	  <wo_val> </wo_val>
      <ep_val> </ep_val>
      <jp_val> </jp_val>
	  <kr_val> </kr_val>
      <tw_val> </tw_val>
      <in_val> </in_val>
    </column>
  </table>
  <table><!--pat_person_examiner-->
    <table_name>pat_person_examiner</table_name>
    <table_desc>專利審查官檔,依原始資料提供之順序依序寫入</table_desc>
	<constraints><val>fk:pat_id references pat_data(pat_id)
fk:source_id references source_data(source_id)
fk:person_id references source_data(person_id)
</val></constraints>
   <column>
      <column_name>pat_id</column_name>
      <column_type>varchar(50)</column_type>
      <not_null>V</not_null>
      <default_val> </default_val>
      <remark>pat_data.pat_id</remark>
	  <us_val> </us_val>
      <cn_val> </cn_val>
      <docdb_val> </docdb_val>
	  <wo_val> </wo_val>
      <ep_val> </ep_val>
      <jp_val> </jp_val>
	  <kr_val> </kr_val>
      <tw_val> </tw_val>
      <in_val> </in_val>
    </column>
	<column>
      <column_name>source_id</column_name>
      <column_type>varchar(50)</column_type>
      <not_null>V</not_null>
      <default_val> </default_val>
      <remark>資料來源,依據資料來源寫入source_id</remark>
	  <us_val> </us_val>
      <cn_val> </cn_val>
      <docdb_val> </docdb_val>
	  <wo_val> </wo_val>
      <ep_val> </ep_val>
      <jp_val> </jp_val>
	  <kr_val> </kr_val>
      <tw_val> </tw_val>
      <in_val> </in_val>
    </column>
	<column>
      <column_name>item</column_name>
      <column_type>int</column_type>
      <not_null>V</not_null>
      <default_val> </default_val>
      <remark>PK,項次,從1開始</remark>
	  <us_val> </us_val>
      <cn_val> </cn_val>
      <docdb_val> </docdb_val>
	  <wo_val> </wo_val>
      <ep_val> </ep_val>
      <jp_val> </jp_val>
	  <kr_val> </kr_val>
      <tw_val> </tw_val>
      <in_val> </in_val>
    </column>	
	<column>
      <column_name>person_id</column_name>
      <column_type>uuid</column_type>
      <not_null>V</not_null>
      <default_val> </default_val>
      <remark>person_data.person_id,,將原始資料提供的將person_name+address+city+state+country串起來
,用person_data.person_facet之規則處理過後,加上語系,找出相對應的person_id</remark>
	   <us_val><![CDATA[XML:primary-examiner或assistant-examiner中的last-name與first-name的內容到person_data進行處理,lang預設為en
  <examiners>
  <primary-examiner>
    <last-name>Pagonakis</last-name>
    <first-name>Anna</first-name>
    <department>1628</department>
  </primary-examiner>
</examiners>	]]></us_val>
      <cn_val> </cn_val>
      <docdb_val> </docdb_val>
	  <wo_val> </wo_val>
      <ep_val><![CDATA[EPD:B700,B740,B746或B747中snm的內容到person_data進行處理,lang為B200,B260之值
<B200>
  <B210>14716776.1</B210>
  <B220>
    <date>20140328</date>
  </B220>
  <B240>
    <B241>
      <date>20150909</date>
    </B241>
  </B240>
  <B250>de</B250>
  <B251EP>de</B251EP>
  <B260>de</B260>
</B200>
<B700>
  <B745>
    <B746>
      <snm>Kohlmann, Kai</snm>
      <iid>100038068</iid>      
    </B746>
	<B747>
      <snm>Kohlmann, Kai</snm>
      <iid>100038068</iid>      
    </B747>
  </B745>
</B700>
OPS:無]]></ep_val>
       <jp_val><![CDATA[
WIPS:EXAMINER-GROUP, APPEAL-EXAMINER-GROUP中的內容到person_data進行處理,無語系資訊則預設為ja,
<examiner>
	<name>鉄 豊郎</name>
</examiner>
<appeal-examiner-group>
      <appeal-examiner-chief>
        <name>山川 サツキ</name></appeal-examiner-chief>
      <appeal-examiner>
        <name>奥村 忠生</name></appeal-examiner>
      <appeal-examiner>
        <name>佐野 遵</name></appeal-examiner></appeal-examiner-group>
		
JPO意匠(SGM):EXAMINER-GROUP, APPEAL-EXAMINER-GROUP中的內容到person_data進行處理,無語系資訊則預設為ja,
<EXAMINER-GROUP>
    <EXAMINER>
		<NAME>奈良田　新一</NAME>
    </EXAMINER>
</EXAMINER-GROUP>

<APPEAL-EXAMINER-GROUP>
	<APPEAL-EXAMINER-IN-CHIEF>
		<NAME>森本　敬司</NAME>
	</APPEAL-EXAMINER-IN-CHIEF>
	<APPEAL-EXAMINER>
		<NAME>伊藤　栄子</NAME>
	</APPEAL-EXAMINER>
	<APPEAL-EXAMINER>
		<NAME>岩井　芳紀</NAME>
	</APPEAL-EXAMINER>
</APPEAL-EXAMINER-GROUP>

JPO發明,實用新型:examiner-group, appeal-examiner-group中的內容到person_data進行處理,無語系資訊則預設為pat_data.ori_lang
<jp:examiner-group>
      <jp:examiner>
        <name>相羽  昌孝</name>
      </jp:examiner>
    </jp:examiner-group>
	
<jp:appeal-examiner-group>
      <jp:appeal-examiner-in-chief>
        <name>木村  孔一</name>
      </jp:appeal-examiner-in-chief>
      <jp:appeal-examiner>
        <name>斉藤  信人</name>
      </jp:appeal-examiner>
      <jp:appeal-examiner>
        <name>小川  慶子</name>
      </jp:appeal-examiner>
    </jp:appeal-examiner-group>	
]]>   </jp_val>
	  <kr_val>TODO</kr_val>
      <tw_val>TODO</tw_val>
      <in_val>TODO</in_val>
    </column>
	<column>
      <column_name>examiner_type</column_name>
      <column_type>int</column_type>
      <not_null>V</not_null>
      <default_val> </default_val>
      <remark>1:主審,2:助理審查官, 3:申訴審判主審, 4:申訴審判助理審查官</remark>
	   <us_val>XML:1:primary-examiner, 2:assistant-examiner,範例同上</us_val>
      <cn_val> </cn_val>
      <docdb_val> </docdb_val>
	  <wo_val></wo_val>
      <ep_val>EPD:1:主審(B746), 2:助理審查官(B747)</ep_val>	  
       <jp_val><![CDATA[
WIPS:
EXAMINER-GROUP,EXAMINER為1
APPEAL-EXAMINER-GROUP,APPEAL-EXAMINER-IN-CHIEF為3
APPEAL-EXAMINER-GROUP,APPEAL-EXAMINER為4

JPO意匠(SGM):
EXAMINER-GROUP,EXAMINER為1
APPEAL-EXAMINER-GROUP,APPEAL-EXAMINER-IN-CHIEF為3
APPEAL-EXAMINER-GROUP,APPEAL-EXAMINER為4

JPO發明,實用新型:
examiner-group,examiner為1
appeal-examiner-group,appeal-examiner-in-chief為3
appeal-examiner-group,appeal-examiner為4

<jp:examiner-group>
      <jp:examiner>
        <name>相羽  昌孝</name>
      </jp:examiner>
    </jp:examiner-group>
	
<jp:appeal-examiner-group>
      <jp:appeal-examiner-in-chief>
        <name>木村  孔一</name>
      </jp:appeal-examiner-in-chief>
      <jp:appeal-examiner>
        <name>斉藤  信人</name>
      </jp:appeal-examiner>
      <jp:appeal-examiner>
        <name>小川  慶子</name>
      </jp:appeal-examiner>
    </jp:appeal-examiner-group>	
]]>   </jp_val>
	  <kr_val>TODO</kr_val>
      <tw_val>TODO</tw_val>
      <in_val>TODO</in_val>
    </column>
	<column>
      <column_name>department</column_name>
      <column_type>varchar(50)</column_type>
      <not_null></not_null>
      <default_val> </default_val>
      <remark>部門</remark>
	   <us_val>XML:primary-examiner或assistant-examiner中department,範例同上</us_val>
      <cn_val> </cn_val>
      <docdb_val> </docdb_val>
	  <wo_val> </wo_val>
      <ep_val><![CDATA[EPD:B700,B740,B746或B747中odv之值
OPS:無]]></ep_val>
       <jp_val> </jp_val>
	  <kr_val>TODO</kr_val>
      <tw_val>TODO</tw_val>
      <in_val>TODO</in_val>
    </column>
	<column>
	<column_name>person_country</column_name>
      <column_type>char(2)</column_type>
      <not_null> </not_null>
      <default_val> </default_val>
      <remark>Person所屬國別</remark>
	  <us_val> </us_val>
      <cn_val> </cn_val>
      <docdb_val> </docdb_val>
	  <wo_val> </wo_val>
      <ep_val> </ep_val>
      <jp_val> </jp_val>
	  <kr_val> </kr_val>
      <tw_val> </tw_val>
      <in_val> </in_val>
    </column>
	<column>
      <column_name>create_date</column_name>
      <column_type>timestamp</column_type>
      <not_null> </not_null>
      <default_val> </default_val>
      <remark>建立時間</remark>
	  <us_val> </us_val>
      <cn_val> </cn_val>
      <docdb_val> </docdb_val>
	  <wo_val> </wo_val>
      <ep_val> </ep_val>
      <jp_val> </jp_val>
	  <kr_val> </kr_val>
      <tw_val> </tw_val>
      <in_val> </in_val>
    </column>
  </table>
  <table><!--pat_person_inventor-->
    <table_name>pat_person_inventor</table_name>
    <table_desc>專利發明人對應檔,依原始資料提供之順序依序寫入,若原始資料的發明人資訊中,提供wiki中列出之字串,視為未提供發明人資訊</table_desc>
	<constraints><val>fk:pat_id references pat_data(pat_id)
fk:source_id references source_data(source_id)
fk:person_id references source_data(person_id)
</val></constraints>
   <column>
      <column_name>pat_id</column_name>
      <column_type>varchar(50)</column_type>
      <not_null>V</not_null>
      <default_val> </default_val>
      <remark>pat_data.pat_id</remark>
	  <us_val> </us_val>
      <cn_val> </cn_val>
      <docdb_val> </docdb_val>
	  <wo_val> </wo_val>
      <ep_val> </ep_val>
      <jp_val> </jp_val>
	  <kr_val> </kr_val>
      <tw_val> </tw_val>
      <in_val> </in_val>
    </column>
	<column>
      <column_name>source_id</column_name>
      <column_type>varchar(50)</column_type>
      <not_null>V</not_null>
      <default_val> </default_val>
      <remark>資料來源,依據資料來源寫入source_id</remark>
	  <us_val> </us_val>
      <cn_val> </cn_val>
      <docdb_val> </docdb_val>
	  <wo_val> </wo_val>
      <ep_val> </ep_val>
      <jp_val> </jp_val>
	  <kr_val> </kr_val>
      <tw_val> </tw_val>
      <in_val> </in_val>
    </column>
	<column>
      <column_name>item</column_name>
      <column_type>int</column_type>
      <not_null>V</not_null>
      <default_val> </default_val>
      <remark>PK,項次,從1開始</remark>
	  <us_val> </us_val>
      <cn_val> </cn_val>
      <docdb_val> </docdb_val>
	  <wo_val> </wo_val>
      <ep_val> </ep_val>
      <jp_val> </jp_val>
	  <kr_val> </kr_val>
      <tw_val> </tw_val>
      <in_val> </in_val>
    </column>	
	<column>
      <column_name>person_id</column_name>
      <column_type>uuid</column_type>
      <not_null>V</not_null>
      <default_val> </default_val>
      <remark>person_data.person_id,,將原始資料提供的將person_name+address+city+state+country串起來
,用person_data.person_facet之規則處理過後,加上語系,找出相對應的person_id</remark>
	   <us_val><![CDATA[XML:inventor中的addressbook的內容到person_data進行處理,lang預設為en
 <inventors>
  <inventor sequence="001" designation="us-only">
    <addressbook>
      <last-name>Payne</last-name>
      <first-name>John Lawrence</first-name>
      <address>
        <city>Newnan</city>
        <state>GA</state>
        <country>US</country>
      </address>
    </addressbook>
  </inventor>
</inventors>
]]></us_val>
      <cn_val><![CDATA[
XML:inventor中的addressbook的內容到person_data進行處理,lang預設為zh_cn
 <cn-inventors>
	<cn-inventor sequence="1" cn-not-to-be-published-request-by-inventor="no">
		<name>托马斯·艾伦·唐纳森</name>
	</cn-inventor>
</cn-inventors>
DESIGN TXT:無
]]></cn_val>
      <docdb_val><![CDATA[
data-format為docdb的inventor中的addressbook的內容到person_data進行處理,lang預設為en
 <exch:inventors>
  <exch:inventor sequence="1" data-format="docdb">
    <exch:inventor-name>
      <name>CORDEIRO OLAVO</name>
    </exch:inventor-name>
    <residence>
      <country>CA</country>
    </residence>
  </exch:inventor>
</exch:inventors>	]]></docdb_val>
	  <wo_val><![CDATA[
WPA:inventor中的addressbook的內容到person_data進行處理,若一組inventor有提供一組以上的addressbook,
須額外多寫資料到pat_data_memo(先不處理person_lang,person_lang_list,lang為addressbook中的lang)
<inventors>
  <inventor sequence="1" designation="all">
    <addressbook lang="en">
      <name>PEREGO, Gabriele</name>
      <address>
        <address-1>PRYSMIAN S.p.A.</address-1>
        <address-2>Viale Sarca, 222</address-2>
        <address-3>I-20126 Milano</address-3>
        <postcode />
        <country>IT</country>
      </address>
    </addressbook>
  </inventor>
  <inventor sequence="2" designation="all">
    <addressbook lang="en">
      <name>CANDELA, Roberto</name>
      <address>
        <address-1>PRYSMIAN S.p.A.</address-1>
        <address-2>Viale Sarca, 222</address-2>
        <address-3>I-20126 Milano</address-3>
        <postcode />
        <country>IT</country>
      </address>
    </addressbook>
  </inventor>
  <inventor sequence="3" designation="all">
    <addressbook lang="en">
      <name>PARRIS, Donald</name>
      <address>
        <address-1>PRYSMIAN S.p.A.</address-1>
        <address-2>Viale Sarca, 222</address-2>
        <address-3>I-20126 Milano</address-3>
        <postcode />
        <country>IT</country>
      </address>
    </addressbook>
  </inventor>
</inventors>
LPN:inventor中的addressbook的內容到person_data進行處理,若一組inventor有提供一組以上的addressbook,
須額外多寫資料到pat_data_memo(先不處理person_lang,person_lang_list,lang為addressbook中的lang,三碼轉為兩碼)
<inventors>
  <inventor sequence="1" designation="us-only">
    <addressbook lang="eng">
      <name>KOREMURA, Teruhisa</name>
      <address>
        <address-1>9-11-3, Futabacho, Numazu-shi, Shizuoka,
        4100005</address-1>
        <postcode>4100005</postcode>
        <country>JP</country>
      </address>
    </addressbook>
    <addressbook lang="jpn">
      <name>&#230;&#732;&#175;&#230;&#8216;
      &#232;&#188;&#228;&#185;&#8230;</name>
      <address>
        <address-1>&#227;&#8364;&#8217;4100005
        &#233;&#8482;&#229;&#178;&#161;&#231;&#339;&#338;&#230;&#178;&#188;&#230;&#180;&#165;&#229;&#184;&#8218;&#229;&#338;&#232;&#8216;&#8240;&#231;&#8221;&#186;&#239;&#188;&#8482;&#231;&#8226;&#170;&#239;&#188;&#8216;&#239;&#188;&#8216;&#229;&#183;&#227;&#174;&#239;&#188;&#8220;Shizuoka</address-1>
      </address>
    </addressbook>
    <nationality>
      <country>JP</country>
    </nationality>
    <residence>
      <country>JP</country>
    </residence>
  </inventor>
</inventors>]]></wo_val>
            <ep_val><![CDATA[EPD:B700,B720,B721中snm,adr的內容到person_data進行處理,lang為B200,B260之值
<B200>
  <B210>14716776.1</B210>
  <B220>
    <date>20140328</date>
  </B220>
  <B240>
    <B241>
      <date>20150909</date>
    </B241>
  </B240>
  <B250>de</B250>
  <B251EP>de</B251EP>
  <B260>de</B260>
</B200>
 <B700>
  <B720>
    <B721>
      <snm>FERGUSON, F., Mark</snm>
      <adr>
        <str>1595 East Treeview Drive</str>
        <city>Salt Lake City, UT 84124</city>
        <ctry>US</ctry>
      </adr>
    </B721>
  </B720>
</B700>
OPS:data-format為epodoc的inventor的內容到person_data進行處理,lang為pat_data.ori_lang
 <inventors>
            <inventor sequence="1" data-format="epodoc">
              <inventor-name>
                <name>PREISS MICHAEL DR</name>
              </inventor-name>
            </inventor>
            <inventor sequence="2" data-format="epodoc">
              <inventor-name>
                <name>KONIG HANS-BODO DR</name>
              </inventor-name>
            </inventor>
            <inventor sequence="3" data-format="epodoc">
              <inventor-name>
                <name>METZGER KARL GEORG DR</name>
              </inventor-name>
            </inventor>
            <inventor sequence="4" data-format="epodoc">
              <inventor-name>
                <name>FEYEN PETER DR</name>
              </inventor-name>
            </inventor>
            <inventor sequence="1" data-format="original">
              <inventor-name>
                <name>PREISS, MICHAEL, DR,</name>
              </inventor-name>
            </inventor>
            <inventor sequence="2" data-format="original">
              <inventor-name>
                <name>KONIG, HANS-BODO, DR,</name>
              </inventor-name>
            </inventor>
            <inventor sequence="3" data-format="original">
              <inventor-name>
                <name>METZGER, KARL GEORG, DR,</name>
              </inventor-name>
            </inventor>
            <inventor sequence="4" data-format="original">
              <inventor-name>
                <name>FEYEN, PETER, DR</name>
              </inventor-name>
            </inventor>
          </inventors>
]]></ep_val>
       <jp_val><![CDATA[
WIPS:addressbook中的內容到person_data進行處理,無語系資訊則預設為ja,address中的資料若有無name之資料則寫入資料至pat_data_memo
<inventors>
	<inventor sequence="1">
        <addressbook>
			<name>小久江  健</name>
            <address>
              <text>静岡県湖西市鷲津2464-48  矢崎部品株式会社内</text>
            </address>
        </addressbook>
    </inventor>        
</inventors>
JPO意匠(SGM):CREATOR中的內容到person_data進行處理,無語系資訊則預設為ja,濾掉"▼"
<CREATOR-GROUP>
	<CREATOR>
        <NAME>Ｐｉｅｒｒｅ−Ａｌｅｘｉｓ　ＤＵＭＡＳ</NAME>
		<ADDRESS>ｃ／ｏ　ＨＥＲＭＥＳ　ＳＥＬＬＩＥＲ，　２４，　ｒｕｅ　ｄｕ　Ｆａｕｂｏｕｒｇ　Ｓａｉｎｔ−Ｈｏｎｏｒ▲ｅ▼，　７５００８　ＰＡＲＩＳ，　Ｆｒａｎｃｅ</ADDRESS>
    </CREATOR>
</CREATOR-GROUP>

JPO發明,實用新型:addressbook中的內容到person_data進行處理,lang用address中的lang,若無則預設為pat_data.ori_lang,inventor中若有兩組adddress以上,則寫入資料至pat_data_memo
 <inventors>
        <inventor sequence="1">
          <addressbook>
            <name>ザンテル，アンスガー</name>
            <address>
              <text>ドイツ連邦共和国，１０７７９  ベルリン，ベルヒテスガーデナー・シュトラーセ  ８</text>
            </address>
          </addressbook>
        </inventor>
        <inventor sequence="2">
          <addressbook>
            <name>カウフマン，イェルク</name>
            <address>
              <text>ドイツ連邦共和国，１３４６５  ベルリン，グーツホーフシュトラーセ  １３</text>
            </address>
          </addressbook>
        </inventor>
        <inventor sequence="3">
          <addressbook>
            <name>ヴィッツェンラート，マルティン</name>
            <address>
              <text>ドイツ連邦共和国，１０７８１  ベルリン，ルイトポルトシュトラーセ  ４</text>
            </address>
          </addressbook>
        </inventor>
      </inventors>]]></jp_val>
	  <kr_val>TODO</kr_val>
      <tw_val>TODO</tw_val>
      <in_val>TODO</in_val>
    </column>
	<column>
      <column_name>designation_code</column_name>
      <column_type>varchar(50)</column_type>
      <not_null> </not_null>
      <default_val> </default_val>
      <remark>指定範圍</remark>
	  <us_val>XML:inventor中的designation,範例同上</us_val>
      <cn_val> </cn_val>
      <docdb_val>data-format為docdb的inventor中的designation,範例同上</docdb_val>
	  <wo_val>inventor中的designation,範例同上</wo_val>
      <ep_val> </ep_val>
      <jp_val> </jp_val>
	  <kr_val>TODO</kr_val>
      <tw_val>TODO</tw_val>
      <in_val>TODO</in_val>
    </column>
	<column>
	<column_name>person_country</column_name>
      <column_type>char(2)</column_type>
      <not_null> </not_null>
      <default_val> </default_val>
      <remark>Person所屬國別</remark>
	  <us_val> </us_val>
      <cn_val> </cn_val>
      <docdb_val> </docdb_val>
	  <wo_val> </wo_val>
      <ep_val> </ep_val>
      <jp_val><![CDATA[
WIPS:addressbook,country
<inventors>
        <inventor sequence="1">
          <addressbook>
            <name>小久江  健</name>
            <address>
              <text>静岡県湖西市鷲津2464-48  矢崎部品株式会社内</text>
            </address>
          </addressbook>
        </inventor>        
      </inventors>
JPO意匠(SGM):無
JPO發明,實用新型:無
	  ]]>   </jp_val>
	  <kr_val> </kr_val>
      <tw_val> </tw_val>
      <in_val> </in_val>
    </column>
	<column>
      <column_name>create_date</column_name>
      <column_type>timestamp</column_type>
      <not_null> </not_null>
      <default_val> </default_val>
      <remark>建立時間</remark>
	  <us_val> </us_val>
      <cn_val> </cn_val>
      <docdb_val> </docdb_val>
	  <wo_val> </wo_val>
      <ep_val> </ep_val>
      <jp_val> </jp_val>
	  <kr_val> </kr_val>
      <tw_val> </tw_val>
      <in_val> </in_val>
    </column>
  </table>
</table_schema>
