<?xml version="1.0" encoding="utf-8"?>
<?xml-stylesheet type='text/xsl' href='dd_template.xsl'?>
<table_schema>
  <table><!--pat_raw_cn-->
    <table_name>pat_raw_cn</table_name>
    <table_desc>專利CN原始資料檔</table_desc>
	<constraints><val>fk:pat_id references pat_data(pat_id)</val></constraints>
    <column>
      <column_name>raw_id</column_name>
      <column_type>varchar(50)</column_type>
      <not_null>V</not_null>
      <default_val> </default_val>
      <remark>PK,同marshall層的id</remark>
	  <us_val> </us_val>
      <cn_val> </cn_val>
      <docdb_val> </docdb_val>
	  <wo_val> </wo_val>
      <ep_val> </ep_val>
      <jp_val> </jp_val>
	  <kr_val> </kr_val>
      <tw_val> </tw_val>
      <in_val> </in_val>
    </column>
	<column>
      <column_name>pat_id</column_name>
      <column_type>varchar(50)</column_type>
      <not_null>V</not_null>
      <default_val> </default_val>
      <remark>pat_data.pat_id,對應至pat_data.pat_id</remark>
	  <us_val> </us_val>
      <cn_val> </cn_val>
      <docdb_val> </docdb_val>
	  <wo_val> </wo_val>
      <ep_val> </ep_val>
      <jp_val> </jp_val>
	  <kr_val> </kr_val>
      <tw_val> </tw_val>
      <in_val> </in_val>
    </column>
	<column>
      <column_name>raw_json</column_name>
      <column_type>text</column_type>
      <not_null>V</not_null>
      <default_val> </default_val>
      <remark>marshall出來的json物件,不含title,claims,descrption之內容</remark>
	  <us_val> </us_val>
      <cn_val> </cn_val>
      <docdb_val> </docdb_val>
	  <wo_val> </wo_val>
      <ep_val> </ep_val>
      <jp_val> </jp_val>
	  <kr_val> </kr_val>
      <tw_val> </tw_val>
      <in_val> </in_val>
    </column>	
  	<column>
      <column_name>create_date</column_name>
      <column_type>timestamp</column_type>
      <not_null> </not_null>
      <default_val> </default_val>
      <remark>建立時間</remark>
	  <us_val> </us_val>
      <cn_val> </cn_val>
      <docdb_val> </docdb_val>
	  <wo_val> </wo_val>
      <ep_val> </ep_val>
      <jp_val> </jp_val>
	  <kr_val> </kr_val>
      <tw_val> </tw_val>
      <in_val> </in_val>
    </column>	
	<column>
      <column_name>last_upd_date</column_name>
      <column_type>timestamp</column_type>
      <not_null> </not_null>
      <default_val> </default_val>
      <remark>最後修改時間,新增時一併寫入建立時間</remark>
	  <us_val> </us_val>
      <cn_val> </cn_val>
      <docdb_val> </docdb_val>
	  <wo_val> </wo_val>
      <ep_val> </ep_val>
      <jp_val> </jp_val>
	  <kr_val> </kr_val>
      <tw_val> </tw_val>
      <in_val> </in_val>
    </column>
  </table>  
  <table><!--pat_raw_docdb-->
    <table_name>pat_raw_docdb</table_name>
    <table_desc>專利DOCDB原始資料檔</table_desc>
	<constraints><val>fk:pat_id references pat_data(pat_id)</val></constraints>
    <column>
      <column_name>raw_id</column_name>
      <column_type>varchar</column_type>
      <not_null>V</not_null>
      <default_val> </default_val>
      <remark>PK,同marshall層的id</remark>
	  <us_val> </us_val>
      <cn_val> </cn_val>
      <docdb_val> </docdb_val>
	  <wo_val> </wo_val>
      <ep_val> </ep_val>
      <jp_val> </jp_val>
	  <kr_val> </kr_val>
      <tw_val> </tw_val>
      <in_val> </in_val>
    </column>
	<column>
      <column_name>pat_id</column_name>
      <column_type>varchar(50)</column_type>
      <not_null>V</not_null>
      <default_val> </default_val>
      <remark>pat_data.pat_id,對應至pat_data.pat_id</remark>
	  <us_val> </us_val>
      <cn_val> </cn_val>
      <docdb_val> </docdb_val>
	  <wo_val> </wo_val>
      <ep_val> </ep_val>
      <jp_val> </jp_val>
	  <kr_val> </kr_val>
      <tw_val> </tw_val>
      <in_val> </in_val>
    </column>
	<column>
      <column_name>raw_json</column_name>
      <column_type>text</column_type>
      <not_null>V</not_null>
      <default_val> </default_val>
      <remark>marshall出來的json物件,不含title,claims,descrption之內容</remark>
	  <us_val> </us_val>
      <cn_val> </cn_val>
      <docdb_val> </docdb_val>
	  <wo_val> </wo_val>
      <ep_val> </ep_val>
      <jp_val> </jp_val>
	  <kr_val> </kr_val>
      <tw_val> </tw_val>
      <in_val> </in_val>
    </column>
	<column>
      <column_name>latest_flag</column_name>
      <column_type>int</column_type>
      <not_null>V</not_null>
      <default_val> </default_val>
      <remark>是否為docno+kindcode最新的資料,0:否,1:是,寫入資料時,先查詢是否已存在docno+kindcode之資料,將docdbDoDate最大的資料更新為1,其他資料更新為0</remark>
	  <us_val> </us_val>
      <cn_val> </cn_val>
      <docdb_val> </docdb_val>
	  <wo_val> </wo_val>
      <ep_val> </ep_val>
      <jp_val> </jp_val>
	  <kr_val> </kr_val>
      <tw_val> </tw_val>
      <in_val> </in_val>
    </column>
	<column>
      <column_name>family_member_json</column_name>
      <column_type>text</column_type>
      <not_null>V</not_null>
      <default_val> </default_val>
      <remark>marshall出來的family-member的json內容</remark>
	  <us_val> </us_val>
      <cn_val> </cn_val>
      <docdb_val> </docdb_val>
	  <wo_val> </wo_val>
      <ep_val> </ep_val>
      <jp_val> </jp_val>
	  <kr_val> </kr_val>
      <tw_val> </tw_val>
      <in_val> </in_val>
    </column>
	<column>
      <column_name>last_exchange_date</column_name>
      <column_type>date</column_type>
      <not_null> </not_null>
      <default_val> </default_val>
      <remark>DOCDB最後交換日(docdbDoDate)</remark>
	  <us_val> </us_val>
      <cn_val> </cn_val>
      <docdb_val> </docdb_val>
	  <wo_val> </wo_val>
      <ep_val> </ep_val>
      <jp_val> </jp_val>
	  <kr_val> </kr_val>
      <tw_val> </tw_val>
      <in_val> </in_val>
    </column>	
  	<column>
      <column_name>create_date</column_name>
      <column_type>timestamp</column_type>
      <not_null> </not_null>
      <default_val> </default_val>
      <remark>建立時間</remark>
	  <us_val> </us_val>
      <cn_val> </cn_val>
      <docdb_val> </docdb_val>
	  <wo_val> </wo_val>
      <ep_val> </ep_val>
      <jp_val> </jp_val>
	  <kr_val> </kr_val>
      <tw_val> </tw_val>
      <in_val> </in_val>
    </column>	
	<column>
      <column_name>last_upd_date</column_name>
      <column_type>timestamp</column_type>
      <not_null> </not_null>
      <default_val> </default_val>
      <remark>最後修改時間,新增時一併寫入建立時間</remark>
	  <us_val> </us_val>
      <cn_val> </cn_val>
      <docdb_val> </docdb_val>
	  <wo_val> </wo_val>
      <ep_val> </ep_val>
      <jp_val> </jp_val>
	  <kr_val> </kr_val>
      <tw_val> </tw_val>
      <in_val> </in_val>
    </column>
  </table>
  <table><!--pat_raw_ep-->
    <table_name>pat_raw_ep</table_name>
    <table_desc>專利EP原始資料檔</table_desc>
	<constraints><val>fk:pat_id references pat_data(pat_id)</val></constraints>
    <column>
      <column_name>raw_id</column_name>
      <column_type>varchar(50)</column_type>
      <not_null>V</not_null>
      <default_val> </default_val>
      <remark>PK,同marshall層的id</remark>
	  <us_val> </us_val>
      <cn_val> </cn_val>
      <docdb_val> </docdb_val>
	  <wo_val> </wo_val>
      <ep_val> </ep_val>
      <jp_val> </jp_val>
	  <kr_val> </kr_val>
      <tw_val> </tw_val>
      <in_val> </in_val>
    </column>
	<column>
      <column_name>pat_id</column_name>
      <column_type>varchar(50)</column_type>
      <not_null>V</not_null>
      <default_val> </default_val>
      <remark>pat_data.pat_id,對應至pat_data.pat_id</remark>
	  <us_val> </us_val>
      <cn_val> </cn_val>
      <docdb_val> </docdb_val>
	  <wo_val> </wo_val>
      <ep_val> </ep_val>
      <jp_val> </jp_val>
	  <kr_val> </kr_val>
      <tw_val> </tw_val>
      <in_val> </in_val>
    </column>
	<column>
      <column_name>raw_json</column_name>
      <column_type>text</column_type>
      <not_null>V</not_null>
      <default_val> </default_val>
      <remark>marshall出來的json物件,不含title,claims,descrption之內容</remark>
	  <us_val> </us_val>
      <cn_val> </cn_val>
      <docdb_val> </docdb_val>
	  <wo_val> </wo_val>
      <ep_val> </ep_val>
      <jp_val> </jp_val>
	  <kr_val> </kr_val>
      <tw_val> </tw_val>
      <in_val> </in_val>
    </column>
	<column>
      <column_name>xml_type</column_name>
      <column_type>char(3)</column_type>
      <not_null>V</not_null>
      <default_val> </default_val>
      <remark>XML格式,EPD:ep-patent-document,OPS:OpenData Service</remark>
	  <us_val> </us_val>
      <cn_val> </cn_val>
      <docdb_val> </docdb_val>
	  <wo_val> </wo_val>
      <ep_val> </ep_val>
      <jp_val> </jp_val>
	  <kr_val> </kr_val>
      <tw_val> </tw_val>
      <in_val> </in_val>
    </column>		
  	<column>
      <column_name>create_date</column_name>
      <column_type>timestamp</column_type>
      <not_null> </not_null>
      <default_val> </default_val>
      <remark>建立時間</remark>
	  <us_val> </us_val>
      <cn_val> </cn_val>
      <docdb_val> </docdb_val>
	  <wo_val> </wo_val>
      <ep_val> </ep_val>
      <jp_val> </jp_val>
	  <kr_val> </kr_val>
      <tw_val> </tw_val>
      <in_val> </in_val>
    </column>	
	<column>
      <column_name>last_upd_date</column_name>
      <column_type>timestamp</column_type>
      <not_null> </not_null>
      <default_val> </default_val>
      <remark>最後修改時間,新增時一併寫入建立時間</remark>
	  <us_val> </us_val>
      <cn_val> </cn_val>
      <docdb_val> </docdb_val>
	  <wo_val> </wo_val>
      <ep_val> </ep_val>
      <jp_val> </jp_val>
	  <kr_val> </kr_val>
      <tw_val> </tw_val>
      <in_val> </in_val>
    </column>
  </table>  
  <table><!--pat_raw_in-->
    <table_name>pat_raw_in</table_name>
    <table_desc>專利IN原始資料檔</table_desc>
	<constraints><val>fk:pat_id references pat_data(pat_id)</val></constraints>
    <column>
      <column_name>raw_id</column_name>
      <column_type>varchar(50)</column_type>
      <not_null>V</not_null>
      <default_val> </default_val>
      <remark>PK,同marshall層的id</remark>
	  <us_val> </us_val>
      <cn_val> </cn_val>
      <docdb_val> </docdb_val>
	  <wo_val> </wo_val>
      <ep_val> </ep_val>
      <jp_val> </jp_val>
	  <kr_val> </kr_val>
      <tw_val> </tw_val>
      <in_val> </in_val>
    </column>
	<column>
      <column_name>pat_id</column_name>
      <column_type>varchar(50)</column_type>
      <not_null>V</not_null>
      <default_val> </default_val>
      <remark>pat_data.pat_id,對應至pat_data.pat_id</remark>
	  <us_val> </us_val>
      <cn_val> </cn_val>
      <docdb_val> </docdb_val>
	  <wo_val> </wo_val>
      <ep_val> </ep_val>
      <jp_val> </jp_val>
	  <kr_val> </kr_val>
      <tw_val> </tw_val>
      <in_val> </in_val>
    </column>
	<column>
      <column_name>raw_json</column_name>
      <column_type>text</column_type>
      <not_null>V</not_null>
      <default_val> </default_val>
      <remark>marshall出來的json物件,不含title,claims,descrption之內容</remark>
	  <us_val> </us_val>
      <cn_val> </cn_val>
      <docdb_val> </docdb_val>
	  <wo_val> </wo_val>
      <ep_val> </ep_val>
      <jp_val> </jp_val>
	  <kr_val> </kr_val>
      <tw_val> </tw_val>
      <in_val> </in_val>
    </column>	
  	<column>
      <column_name>create_date</column_name>
      <column_type>timestamp</column_type>
      <not_null> </not_null>
      <default_val> </default_val>
      <remark>建立時間</remark>
	  <us_val> </us_val>
      <cn_val> </cn_val>
      <docdb_val> </docdb_val>
	  <wo_val> </wo_val>
      <ep_val> </ep_val>
      <jp_val> </jp_val>
	  <kr_val> </kr_val>
      <tw_val> </tw_val>
      <in_val> </in_val>
    </column>	
	<column>
      <column_name>last_upd_date</column_name>
      <column_type>timestamp</column_type>
      <not_null> </not_null>
      <default_val> </default_val>
      <remark>最後修改時間,新增時一併寫入建立時間</remark>
	  <us_val> </us_val>
      <cn_val> </cn_val>
      <docdb_val> </docdb_val>
	  <wo_val> </wo_val>
      <ep_val> </ep_val>
      <jp_val> </jp_val>
	  <kr_val> </kr_val>
      <tw_val> </tw_val>
      <in_val> </in_val>
    </column>
  </table>  
  <table><!--pat_raw_jp-->
    <table_name>pat_raw_jp</table_name>
    <table_desc>專利JP原始資料檔</table_desc>
	<constraints><val>fk:pat_id references pat_data(pat_id)</val></constraints>
    <column>
      <column_name>raw_id</column_name>
      <column_type>varchar(50)</column_type>
      <not_null>V</not_null>
      <default_val> </default_val>
      <remark>PK,同marshall層的id</remark>
	  <us_val> </us_val>
      <cn_val> </cn_val>
      <docdb_val> </docdb_val>
	  <wo_val> </wo_val>
      <ep_val> </ep_val>
      <jp_val> </jp_val>
	  <kr_val> </kr_val>
      <tw_val> </tw_val>
      <in_val> </in_val>
    </column>
	<column>
      <column_name>pat_id</column_name>
      <column_type>varchar(50)</column_type>
      <not_null>V</not_null>
      <default_val> </default_val>
      <remark>pat_data.pat_id,對應至pat_data.pat_id</remark>
	  <us_val> </us_val>
      <cn_val> </cn_val>
      <docdb_val> </docdb_val>
	  <wo_val> </wo_val>
      <ep_val> </ep_val>
      <jp_val> </jp_val>
	  <kr_val> </kr_val>
      <tw_val> </tw_val>
      <in_val> </in_val>
    </column>
	<column>
      <column_name>raw_json</column_name>
      <column_type>text</column_type>
      <not_null>V</not_null>
      <default_val> </default_val>
      <remark>marshall出來的json物件,不含title,claims,descrption之內容</remark>
	  <us_val> </us_val>
      <cn_val> </cn_val>
      <docdb_val> </docdb_val>
	  <wo_val> </wo_val>
      <ep_val> </ep_val>
      <jp_val> </jp_val>
	  <kr_val> </kr_val>
      <tw_val> </tw_val>
      <in_val> </in_val>
    </column>	
	<column>
      <column_name>xml_type</column_name>
      <column_type>char(20)</column_type>
      <not_null>V</not_null>
      <default_val> </default_val>
      <remark>XML格式,分為WIPS, JPO,SGM</remark>
	  <us_val> </us_val>
      <cn_val> </cn_val>
      <docdb_val> </docdb_val>
	  <wo_val> </wo_val>
      <ep_val> </ep_val>
      <jp_val></jp_val>
	  <kr_val> </kr_val>
      <tw_val> </tw_val>
      <in_val> </in_val>
    </column>		
  	<column>
      <column_name>create_date</column_name>
      <column_type>timestamp</column_type>
      <not_null> </not_null>
      <default_val> </default_val>
      <remark>建立時間</remark>
	  <us_val> </us_val>
      <cn_val> </cn_val>
      <docdb_val> </docdb_val>
	  <wo_val> </wo_val>
      <ep_val> </ep_val>
      <jp_val> </jp_val>
	  <kr_val> </kr_val>
      <tw_val> </tw_val>
      <in_val> </in_val>
    </column>	
	<column>
      <column_name>last_upd_date</column_name>
      <column_type>timestamp</column_type>
      <not_null> </not_null>
      <default_val> </default_val>
      <remark>最後修改時間,新增時一併寫入建立時間</remark>
	  <us_val> </us_val>
      <cn_val> </cn_val>
      <docdb_val> </docdb_val>
	  <wo_val> </wo_val>
      <ep_val> </ep_val>
      <jp_val> </jp_val>
	  <kr_val> </kr_val>
      <tw_val> </tw_val>
      <in_val> </in_val>
    </column>
  </table>
  <table><!--pat_raw_kr-->
    <table_name>pat_raw_kr</table_name>
    <table_desc>專利KR原始資料檔</table_desc>
	<constraints><val>fk:pat_id references pat_data(pat_id)</val></constraints>
    <column>
      <column_name>raw_id</column_name>
      <column_type>varchar(50)</column_type>
      <not_null>V</not_null>
      <default_val> </default_val>
      <remark>PK,同marshall層的id</remark>
	  <us_val> </us_val>
      <cn_val> </cn_val>
      <docdb_val> </docdb_val>
	  <wo_val> </wo_val>
      <ep_val> </ep_val>
      <jp_val> </jp_val>
	  <kr_val> </kr_val>
      <tw_val> </tw_val>
      <in_val> </in_val>
    </column>
	<column>
      <column_name>pat_id</column_name>
      <column_type>varchar(50)</column_type>
      <not_null>V</not_null>
      <default_val> </default_val>
      <remark>pat_data.pat_id,對應至pat_data.pat_id</remark>
	  <us_val> </us_val>
      <cn_val> </cn_val>
      <docdb_val> </docdb_val>
	  <wo_val> </wo_val>
      <ep_val> </ep_val>
      <jp_val> </jp_val>
	  <kr_val> </kr_val>
      <tw_val> </tw_val>
      <in_val> </in_val>
    </column>
	<column>
      <column_name>raw_json</column_name>
      <column_type>text</column_type>
      <not_null>V</not_null>
      <default_val> </default_val>
      <remark>marshall出來的json物件,不含title,claims,descrption之內容</remark>
	  <us_val> </us_val>
      <cn_val> </cn_val>
      <docdb_val> </docdb_val>
	  <wo_val> </wo_val>
      <ep_val> </ep_val>
      <jp_val> </jp_val>
	  <kr_val> </kr_val>
      <tw_val> </tw_val>
      <in_val> </in_val>
    </column>
	<column>
      <column_name>raw_public_no</column_name>
      <column_type>varchar(50)</column_type>
      <not_null>V</not_null>
      <default_val> </default_val>
      <remark>原始資料中提供的public_no</remark>
	  <us_val> </us_val>
      <cn_val> </cn_val>
      <docdb_val> </docdb_val>
	  <wo_val> </wo_val>
      <ep_val> </ep_val>
      <jp_val></jp_val>
	  <kr_val>TODO</kr_val>
      <tw_val> </tw_val>
      <in_val> </in_val>
    </column>
	<column>
      <column_name>public_no</column_name>
      <column_type>varchar(50)</column_type>
      <not_null>V</not_null>
      <default_val> </default_val>
      <remark>將raw_public_no依據[號碼規則]進行格式化</remark>
	  <us_val> </us_val>
      <cn_val> </cn_val>
      <docdb_val> </docdb_val>
	  <wo_val> </wo_val>
      <ep_val> </ep_val>
      <jp_val> </jp_val>
	  <kr_val>TODO</kr_val>
      <tw_val> </tw_val>
      <in_val> </in_val>
    </column>
	<column>
      <column_name>public_date</column_name>
      <column_type>date</column_type>
      <not_null>V</not_null>
      <default_val> </default_val>
      <remark>原始資料中提供的date</remark>
	  <us_val> </us_val>
      <cn_val> </cn_val>
      <docdb_val> </docdb_val>
	  <wo_val> </wo_val>
      <ep_val> </ep_val>
      <jp_val></jp_val>
	  <kr_val>TODO</kr_val>
      <tw_val> </tw_val>
      <in_val> </in_val>
    </column>
  	<column>
      <column_name>create_date</column_name>
      <column_type>timestamp</column_type>
      <not_null> </not_null>
      <default_val> </default_val>
      <remark>建立時間</remark>
	  <us_val> </us_val>
      <cn_val> </cn_val>
      <docdb_val> </docdb_val>
	  <wo_val> </wo_val>
      <ep_val> </ep_val>
      <jp_val> </jp_val>
	  <kr_val> </kr_val>
      <tw_val> </tw_val>
      <in_val> </in_val>
    </column>	
	<column>
      <column_name>last_upd_date</column_name>
      <column_type>timestamp</column_type>
      <not_null> </not_null>
      <default_val> </default_val>
      <remark>最後修改時間,新增時一併寫入建立時間</remark>
	  <us_val> </us_val>
      <cn_val> </cn_val>
      <docdb_val> </docdb_val>
	  <wo_val> </wo_val>
      <ep_val> </ep_val>
      <jp_val> </jp_val>
	  <kr_val> </kr_val>
      <tw_val> </tw_val>
      <in_val> </in_val>
    </column>
  </table>  
  <table><!--pat_raw_tw-->
    <table_name>pat_raw_tw</table_name>
    <table_desc>專利TW原始資料檔</table_desc>
	<constraints><val>fk:pat_id references pat_data(pat_id)</val></constraints>
    <column>
      <column_name>raw_id</column_name>
      <column_type>varchar(50)</column_type>
      <not_null>V</not_null>
      <default_val> </default_val>
      <remark>PK,同marshall層的id</remark>
	  <us_val> </us_val>
      <cn_val> </cn_val>
      <docdb_val> </docdb_val>
	  <wo_val> </wo_val>
      <ep_val> </ep_val>
      <jp_val> </jp_val>
	  <kr_val> </kr_val>
      <tw_val> </tw_val>
      <in_val> </in_val>
    </column>
	<column>
      <column_name>pat_id</column_name>
      <column_type>varchar(50)</column_type>
      <not_null>V</not_null>
      <default_val> </default_val>
      <remark>pat_data.pat_id,對應至pat_data.pat_id</remark>
	  <us_val> </us_val>
      <cn_val> </cn_val>
      <docdb_val> </docdb_val>
	  <wo_val> </wo_val>
      <ep_val> </ep_val>
      <jp_val> </jp_val>
	  <kr_val> </kr_val>
      <tw_val> </tw_val>
      <in_val> </in_val>
    </column>
	<column>
      <column_name>raw_json</column_name>
      <column_type>text</column_type>
      <not_null>V</not_null>
      <default_val> </default_val>
      <remark>marshall出來的json物件,不含title,claims,descrption之內容</remark>
	  <us_val> </us_val>
      <cn_val> </cn_val>
      <docdb_val> </docdb_val>
	  <wo_val> </wo_val>
      <ep_val> </ep_val>
      <jp_val> </jp_val>
	  <kr_val> </kr_val>
      <tw_val> </tw_val>
      <in_val> </in_val>
    </column>	
  	<column>
      <column_name>create_date</column_name>
      <column_type>timestamp</column_type>
      <not_null> </not_null>
      <default_val> </default_val>
      <remark>建立時間</remark>
	  <us_val> </us_val>
      <cn_val> </cn_val>
      <docdb_val> </docdb_val>
	  <wo_val> </wo_val>
      <ep_val> </ep_val>
      <jp_val> </jp_val>
	  <kr_val> </kr_val>
      <tw_val> </tw_val>
      <in_val> </in_val>
    </column>	
	<column>
      <column_name>last_upd_date</column_name>
      <column_type>timestamp</column_type>
      <not_null> </not_null>
      <default_val> </default_val>
      <remark>最後修改時間,新增時一併寫入建立時間</remark>
	  <us_val> </us_val>
      <cn_val> </cn_val>
      <docdb_val> </docdb_val>
	  <wo_val> </wo_val>
      <ep_val> </ep_val>
      <jp_val> </jp_val>
	  <kr_val> </kr_val>
      <tw_val> </tw_val>
      <in_val> </in_val>
    </column>
  </table>
  <table><!--pat_raw_us-->
    <table_name>pat_raw_us</table_name>
    <table_desc>專利US原始資料檔</table_desc>
	<constraints><val>fk:pat_id references pat_data(pat_id)</val></constraints>
    <column>
      <column_name>raw_id</column_name>
      <column_type>varchar(50)</column_type>
      <not_null>V</not_null>
      <default_val> </default_val>
      <remark>PK,同marshall層的id</remark>
	  <us_val> </us_val>
      <cn_val> </cn_val>
      <docdb_val> </docdb_val>
	  <wo_val> </wo_val>
      <ep_val> </ep_val>
      <jp_val> </jp_val>
	  <kr_val> </kr_val>
      <tw_val> </tw_val>
      <in_val> </in_val>
    </column>
	<column>
      <column_name>pat_id</column_name>
      <column_type>varchar(50)</column_type>
      <not_null>V</not_null>
      <default_val> </default_val>
      <remark>pat_data.pat_id,對應至pat_data.pat_id</remark>
	  <us_val> </us_val>
      <cn_val> </cn_val>
      <docdb_val> </docdb_val>
	  <wo_val> </wo_val>
      <ep_val> </ep_val>
      <jp_val> </jp_val>
	  <kr_val> </kr_val>
      <tw_val> </tw_val>
      <in_val> </in_val>
    </column>
	<column>
      <column_name>raw_json</column_name>
      <column_type>text</column_type>
      <not_null>V</not_null>
      <default_val> </default_val>
      <remark>marshall出來的json物件,不含title,claims,descrption之內容</remark>
	  <us_val> </us_val>
      <cn_val> </cn_val>
      <docdb_val> </docdb_val>
	  <wo_val> </wo_val>
      <ep_val> </ep_val>
      <jp_val> </jp_val>
	  <kr_val> </kr_val>
      <tw_val> </tw_val>
      <in_val> </in_val>
    </column>	
	<column>
      <column_name>rel_raw_type</column_name>
      <column_type>int</column_type>
      <not_null>V</not_null>
      <default_val> </default_val>
      <remark>原始資料格式,1:XML, 2:HTML</remark>
	  <us_val> </us_val>
      <cn_val> </cn_val>
      <docdb_val> </docdb_val>
	  <wo_val> </wo_val>
      <ep_val> </ep_val>
      <jp_val> </jp_val>
	  <kr_val> </kr_val>
      <tw_val> </tw_val>
      <in_val> </in_val>
    </column>
	<column>
      <column_name>create_date</column_name>
      <column_type>timestamp</column_type>
      <not_null> </not_null>
      <default_val> </default_val>
      <remark>建立時間</remark>
	  <us_val> </us_val>
      <cn_val> </cn_val>
      <docdb_val> </docdb_val>
	  <wo_val> </wo_val>
      <ep_val> </ep_val>
      <jp_val> </jp_val>
	  <kr_val> </kr_val>
      <tw_val> </tw_val>
      <in_val> </in_val>
    </column>	
	<column>
      <column_name>last_upd_date</column_name>
      <column_type>timestamp</column_type>
      <not_null> </not_null>
      <default_val> </default_val>
      <remark>最後修改時間,新增時一併寫入建立時間</remark>
	  <us_val> </us_val>
      <cn_val> </cn_val>
      <docdb_val> </docdb_val>
	  <wo_val> </wo_val>
      <ep_val> </ep_val>
      <jp_val> </jp_val>
	  <kr_val> </kr_val>
      <tw_val> </tw_val>
      <in_val> </in_val>
    </column>
  </table>
  <table><!--pat_raw_wo-->
    <table_name>pat_raw_wo</table_name>
    <table_desc>專利WO原始資料檔</table_desc>
	<constraints><val>fk:pat_id references pat_data(pat_id)</val></constraints>
    <column>
      <column_name>raw_id</column_name>
      <column_type>varchar(50)</column_type>
      <not_null>V</not_null>
      <default_val> </default_val>
      <remark>PK,同marshall層的id</remark>
	  <us_val> </us_val>
      <cn_val> </cn_val>
      <docdb_val> </docdb_val>
	  <wo_val> </wo_val>
      <ep_val> </ep_val>
      <jp_val> </jp_val>
	  <kr_val> </kr_val>
      <tw_val> </tw_val>
      <in_val> </in_val>
    </column>
	<column>
      <column_name>pat_id</column_name>
      <column_type>varchar(50)</column_type>
      <not_null>V</not_null>
      <default_val> </default_val>
      <remark>pat_data.pat_id,對應至pat_data.pat_id</remark>
	  <us_val> </us_val>
      <cn_val> </cn_val>
      <docdb_val> </docdb_val>
	  <wo_val> </wo_val>
      <ep_val> </ep_val>
      <jp_val> </jp_val>
	  <kr_val> </kr_val>
      <tw_val> </tw_val>
      <in_val> </in_val>
    </column>
	<column>
      <column_name>raw_json</column_name>
      <column_type>text</column_type>
      <not_null>V</not_null>
      <default_val> </default_val>
      <remark>marshall出來的json物件,不含title,claims,descrption之內容</remark>
	  <us_val> </us_val>
      <cn_val> </cn_val>
      <docdb_val> </docdb_val>
	  <wo_val> </wo_val>
      <ep_val> </ep_val>
      <jp_val> </jp_val>
	  <kr_val> </kr_val>
      <tw_val> </tw_val>
      <in_val> </in_val>
    </column>
	<column>
      <column_name>xml_type</column_name>
      <column_type>char(3)</column_type>
      <not_null>V</not_null>
      <default_val> </default_val>
      <remark>XML格式,WPA,OPA,WAB,LNP</remark>
	  <us_val> </us_val>
      <cn_val> </cn_val>
      <docdb_val> </docdb_val>
	  <wo_val> </wo_val>
      <ep_val> </ep_val>
      <jp_val> </jp_val>
	  <kr_val> </kr_val>
      <tw_val> </tw_val>
      <in_val> </in_val>
    </column>		
  	<column>
      <column_name>create_date</column_name>
      <column_type>timestamp</column_type>
      <not_null> </not_null>
      <default_val> </default_val>
      <remark>建立時間</remark>
	  <us_val> </us_val>
      <cn_val> </cn_val>
      <docdb_val> </docdb_val>
	  <wo_val> </wo_val>
      <ep_val> </ep_val>
      <jp_val> </jp_val>
	  <kr_val> </kr_val>
      <tw_val> </tw_val>
      <in_val> </in_val>
    </column>	
	<column>
      <column_name>last_upd_date</column_name>
      <column_type>timestamp</column_type>
      <not_null> </not_null>
      <default_val> </default_val>
      <remark>最後修改時間,新增時一併寫入建立時間</remark>
	  <us_val> </us_val>
      <cn_val> </cn_val>
      <docdb_val> </docdb_val>
	  <wo_val> </wo_val>
      <ep_val> </ep_val>
      <jp_val> </jp_val>
	  <kr_val> </kr_val>
      <tw_val> </tw_val>
      <in_val> </in_val>
    </column>
  </table>
</table_schema>
