<?xml version="1.0" encoding="utf-8"?>
<something-else-entirely>
	<proxool>
		<alias>PatentcloudAPI</alias>
		<driver-class>${jdbc.driver}</driver-class>
		<driver-url>${jdbc.url}</driver-url>
		<driver-properties>
			<property name="user" value="${jdbc.user}" />
			<property name="password" value="${jdbc.password}" />
		</driver-properties>
		<maximum-connection-count>100</maximum-connection-count>
		<simultaneous-build-throttle>20</simultaneous-build-throttle>
		<maximum-active-time>600000</maximum-active-time>
		<house-keeping-test-sql>select 1</house-keeping-test-sql>
		<jmx>true</jmx>
	</proxool>
</something-else-entirely>