<?xml version="1.0" encoding="UTF-8"?>
<!DOCTYPE cn-patent-document SYSTEM "\dtd\cn-patent-document-06-10-27.dtd" []>
<?xml-stylesheet type="text/xsl" href="/showxml/xsl/XSL0117new.xsl"?>
<cn-patent-document lang="zh" country="CN">
	<cn-bibliographic-data>
		<cn-publication-reference>
			<document-id>
				<country>CN</country>
				<doc-number>104937724</doc-number>
				<kind>A</kind>
				<date>20150923</date>
			</document-id>
			<gazette-reference>
				<gazette-num>31-39</gazette-num>
				<date>20150923</date>
			</gazette-reference>
		</cn-publication-reference>
		<application-reference appl-type="发明专利">
			<document-id>
				<country>CN</country>
				<doc-number>201180019236.4</doc-number>
				<date>20110224</date>
			</document-id>
		</application-reference>
		<priority-claims>
			<priority-claim sequence="1" kind="international">
				<country>US</country>
				<doc-number>12/713,885</doc-number>
				<date>20100226</date>
			</priority-claim>
		</priority-claims>
		<classifications-ipcr>
			<classification-ipcr>
				<text>H01L   31/048   (2014.01)</text>
			</classification-ipcr>
			<classification-ipcr>
				<text>H01L   31/052   (2014.01)</text>
			</classification-ipcr>
			<classification-ipcr>
				<text>H01L   31/054   (2014.01)</text>
			</classification-ipcr>
		</classifications-ipcr>
		<invention-title>用于光伏封装件的座组件</invention-title>
		<abstract>
			<p num="1">一种座组件(100)，包括具有基板的光伏封装件(102)，该基板具有光伏单元和电连接到光伏单元的触垫。绝缘壳体(108)可移除地接收光伏封装件(102)。绝缘壳体(108)保持触头与所述触垫配合接合。金属外壳(106)接收壳体(108)和光伏封装件(102)，并且金属外壳(106)具有提供到光伏单元的通路的窗(128)。</p>
		</abstract>
		<cn-abstract-drawing>
			<figure num="1">
				<img he="898.960000" wi="661" file="201180019236.TIF" img-format="tif"/>
			</figure>
		</cn-abstract-drawing>
		<cn-related-publication/>
		<cn-related-documents/>
		<cn-parties>
			<cn-applicants cn-representative-is="美国宾夕法尼亚州">
				<cn-applicant sequence="1">
					<addressbook lang="zh">
						<name>泰科电子公司</name>
						<address>
							<text>美国宾夕法尼亚州</text>
						</address>
					</addressbook>
				</cn-applicant>
			</cn-applicants>
			<cn-inventors>
				<cn-inventor sequence="1" cn-not-to-be-published-request-by-inventor="no">
					<name>S.S.德斯特霍福特</name>
				</cn-inventor>
				<cn-inventor sequence="2" cn-not-to-be-published-request-by-inventor="no">
					<name>S.D.格拉迪尼</name>
				</cn-inventor>
				<cn-inventor sequence="3" cn-not-to-be-published-request-by-inventor="no">
					<name>小亨利.O.赫尔曼</name>
				</cn-inventor>
			</cn-inventors>
			<cn-agents>
				<cn-agent sequence="1" rep-type="agent">
					<cn-agency>
						<name>北京市柳沈律师事务所 11105</name>
					</cn-agency>
					<name>吴艳</name>
				</cn-agent>
			</cn-agents>
		</cn-parties>
		<date-pct-article-22-39-fulfilled>
			<date>20121016</date>
		</date-pct-article-22-39-fulfilled>
		<pct-or-regional-filing-data>
			<document-id>
				<country>US</country>
				<doc-number>PCT/US2011/000337</doc-number>
				<date>20110224</date>
			</document-id>
		</pct-or-regional-filing-data>
		<pct-or-regional-publishing-data>
			<document-id lang="EN">
				<country>WO</country>
				<doc-number>2011/106090</doc-number>
				<date>20110901</date>
			</document-id>
		</pct-or-regional-publishing-data>
	</cn-bibliographic-data>
	<application-body lang="zh" country="CN">
		<description>
			<invention-title id="tilte1">用于光伏封装件的座组件</invention-title>
			<p id="p0001" num="0001">技术领域
	</p>
			<p id="p0002" num="0002">在此的主题总体上涉及光伏封装件，更特别地，涉及用于光伏封装件
		<br/>的座组件。
		<br/></p>
			<p id="p0003" num="0003">背景技术
	</p>
			<p id="p0004" num="0004">利用光伏封装件的发电系统是已知的，其中所述光伏封装件具有包含
		<br/>将太阳辐射转换为直流电的太阳能光伏材料的单元的阵列。光伏封装件还
		<br/>典型地结合到多个光伏封装件的阵列中。为了提高发电，增大所述单元上
		<br/>的光强的一些系统已经发展出来，从而导致提高效率。这样的系统有时称
		<br/>作“聚能器系统”。强度的增大典型地通过利用由汇聚光学器件来实现，所
		<br/>述汇聚光学器件由大面积的透镜或者镜子制作而成，其将阳光聚焦到光伏
		<br/>单元的小的区域上。这样的系统还典型地包括跟随系统，其跟随太阳的位
		<br/>置并高精度地移动阵列到合适的位置。
		<br/></p>
			<p id="p0005" num="0005">已知的聚能器系统不是没有缺点的。例如，聚焦的阳光在聚焦点上产
		<br/>生非常大量的热。从光伏封装件散热出现问题。此外，当光伏封装件未正
		<br/>确定位而使得光聚焦在部分的光伏封装件上而不是光伏单元上时，出现问
		<br/>题。例如，当跟随系统不能正确跟随太阳时，例如当云遮住太阳时。当光
		<br/>聚焦在光伏封装件的不是光伏单元的部分上时，会导致损坏。
		<br/></p>
			<p id="p0006" num="0006">光伏封装件的其它的已知的问题起因于光伏封装件的设计。例如，典
		<br/>型地，导线直接端接到光伏封装件，例如通过焊接到基板。这样的组装是
		<br/>耗时的且存在潜在的不可靠性，例如，如果产生不完善的焊接缝。此外，
		<br/>当光伏封装件失效时，导线被切断并连接到更换的封装件。但是，如果太
		<br/>多的导线被切割，或者导线太短，那么系统可能需要重新布线。如此，已
		<br/>知的光伏封装件在可修理性方面存在问题。
		<br/></p>
			<p id="p0007" num="0007">待解决的问题是需要一种成本有效的且可靠的太阳能发电系统。需要
		<br/>一系统，其解决已知的太阳能发电系统的散热问题。需要一系统，其解决
		<br/>				已知的光伏封装件的可修理性和组装方面的问题。
		<br/></p>
			<p id="p0008" num="0008">发明内容
	</p>
			<p id="p0009" num="0009">解决方案通过一座组件提供，该座组件包括具有基板的光伏封装件，
		<br/>其中基板具有光伏单元和电连接到光伏单元的触垫。绝缘壳体可移除地接
		<br/>收光伏封装件。绝缘壳体保持触头与触垫配合接合。金属外壳接收壳体和
		<br/>光伏封装件，并且金属外壳具有提供到光伏单元的通路的窗。
		<br/></p>
			<p id="p0010" num="0010">附图说明
	</p>
			<p id="p0011" num="0011">现参照附图通过例子形式描述本发明，在附图中：
		<br/></p>
			<p id="p0012" num="0012">图1示出利用根据示例性实施例形成的聚集光伏模块的太阳能发电系
		<br/>统；
		<br/></p>
			<p id="p0013" num="0013">图2是图1所示的模块之一的一部分的顶部透视图，其示出座组件和
		<br/>光伏封装件；
		<br/></p>
			<p id="p0014" num="0014">图3是如图2所示的座组件和光伏封装件的分解视图；
		<br/></p>
			<p id="p0015" num="0015">图4是如图2所示的光伏封装件的顶部透视图；
		<br/></p>
			<p id="p0016" num="0016">图5是如图2所示的座组件的一部分的底部透视图；
		<br/></p>
			<p id="p0017" num="0017">图6是根据替代实施例形成的替代座组件和光伏封装件的分解视图；
		<br/></p>
			<p id="p0018" num="0018">图7是如图6所示的光伏封装件的顶部透视图；
		<br/></p>
			<p id="p0019" num="0019">图8是如图7所示的座组件和光伏封装件的侧视图；
		<br/></p>
			<p id="p0020" num="0020">图9是另一替代的座组件和光伏封装件的顶部透视图；
		<br/></p>
			<p id="p0021" num="0021">图10是如图9所示的座组件和光伏封装件的部分组装的视图；
		<br/></p>
			<p id="p0022" num="0022">图11是如图9所示的座组件和光伏封装件的底部透视图；
		<br/></p>
			<p id="p0023" num="0023">图12是替代座组件和光伏封装件的顶部透视图；
		<br/></p>
			<p id="p0024" num="0024">图13是如图12所示的座组件和光伏封装件的底部透视图；
		<br/></p>
			<p id="p0025" num="0025">图14是如图12所示的座组件和光伏封装件的部分组装的视图；
		<br/></p>
			<p id="p0026" num="0026">图15示出座组件和光伏封装件的替代连接配置。
		<br/></p>
			<p id="p0027" num="0027">具体实施方式
	</p>
			<p id="p0028" num="0028">在一个实施例中，提供一座组件，其包括具有基板的光伏封装件，其
		<br/>				中该基板具有光伏单元、以及电连接到该光伏单元的触垫。绝缘壳体可移
		<br/>除地接收光伏封装件。绝缘壳体保持触头与触垫配合接合。金属外壳接收
		<br/>壳体和光伏封装件，金属外壳具有提供到光伏单元的通路的窗。
		<br/></p>
			<p id="p0029" num="0029">在另一实施例中，提供一种座组件，用于安装光伏封装件到散热器。
		<br/>座组件包括配置为保持光伏封装件的绝缘壳体。绝缘壳体保持具有配合接
		<br/>口的触头，配合接口限定可分离的接口，该可分离的接口配置用于与光伏
		<br/>封装件的触垫配合接合。金属外壳接收壳体。外壳具有用于安装散热器以
		<br/>使得光伏封装件与散热器热连通的安装特征。
		<br/></p>
			<p id="p0030" num="0030">在进一步的实施例中，提供一座组件，其包括光伏封装件，该光伏封
		<br/>装件具有带上表面和下表面的基板。光伏封装件具有光伏单元和在上表面
		<br/>上电连接到光伏单元的触垫。下表面配置为与散热器热连通。绝缘壳体保
		<br/>持光伏封装件。绝缘壳体还保持触头与触垫配合接合。金属外壳接收壳体
		<br/>和光伏封装件。金属外壳具有安装特征，用于安装金属外壳、壳体和光伏
		<br/>封装件到散热器以使得光伏封装件与散热器热连通。
		<br/></p>
			<p id="p0031" num="0031">图1示出利用根据示例性实施例形成的聚集光伏模块52的太阳能发电
		<br/>系统50。模块52安置在承载器54中，承载器54包括跟随系统，该跟随系
		<br/>统允许模块52移动并跟随太阳的位置。模块52将光线聚焦在例如为如图2
		<br/>所示的光伏封装件102的光伏封装件的光伏单元上，以产生直流电。
		<br/></p>
			<p id="p0032" num="0032">图2是模块52(如图1所示)的一部分的顶部透视图，其示出座组件100
		<br/>和光伏封装件102。图3是座组件100和光伏封装件102的分解视图。座组
		<br/>件100和光伏封装件102安装到散热器104，散热器104也形成模块52的
		<br/>一部分。散热器104散发来自光伏封装件102和/或座组件100的热量。
		<br/></p>
			<p id="p0033" num="0033">座组件100包括外壳106和保持在外壳106中的壳体108。光伏封装
		<br/>件102还可保持在外壳106中。外壳106仅暴露光伏封装件102的一部分，
		<br/>同时遮蔽光伏封装件102的剩余部分以及壳体108。例如，外壳106遮挡光
		<br/>伏封装件102和壳体108使其免遭可能不适当地聚焦的强烈的光线。当光
		<br/>线聚焦在外壳106上时和/或当杂散光线落在外壳106上时，外壳106会被
		<br/>加热。在示例性实施例中，外壳106与散热器104热接触以使得外壳106
		<br/>限定用于将过多的热能传递到散热器104的热导管。
		<br/></p>
			<p id="p0034" num="0034">在示例性实施例中，外壳106可以直接安装到散热器104。或者，单
		<br/>				独的部件，例如定位板，可以设置在散热器104上，在其中外壳106安装
		<br/>到定位板。在示例性实施例中，外壳106由金属材料，例如铜材料、铝材
		<br/>料、不锈钢材料等制成。
		<br/></p>
			<p id="p0035" num="0035">光伏封装件102可以直接耦接到散热器104，然后外壳106安装在光
		<br/>伏封装件102之上。或者，光伏封装件102可以可移除地接收在外壳106
		<br/>中并通过外壳106安装到散热器104。可以提供特征以固定光伏封装件102
		<br/>到散热器104和/或到外壳106。光伏封装件102可以从散热器104和/或外
		<br/>壳106移除，例如用于修理和/或更换。可以提供键锁特征以保证光伏封装
		<br/>件102关于外壳106的适当定位。
		<br/></p>
			<p id="p0036" num="0036">光伏封装件102直接置靠在散热器104上。例如，光伏封装件102的
		<br/>底部沿着散热器104大致与外壳106的底部齐平。光伏封装件102因此直
		<br/>接热接触散热器104。从聚焦的阳光传递到光伏封装件102的过多的热量通
		<br/>过光伏封装件102散发到散热器104中。任选地，散热器104可以至少部
		<br/>分地升高到外壳106中以与光伏封装件102热接触。任选地，可以在散热
		<br/>器104上设置导热油脂，其中光伏封装件102设置在导热油脂中。导热垫
		<br/>或者其它的热间隙填料可以使用在光伏封装件102和散热器104之间。
		<br/></p>
			<p id="p0037" num="0037">散热器104可包括定位特征，例如栓（peg）、突起或凹陷以在组装过
		<br/>程中定位光伏封装件102、壳体108和/或外壳106。定位特征可以具有任何
		<br/>的大小与形状以与壳体108相互作用。定位特征可以被定位为以限定键锁
		<br/>特征，该键锁特征保证壳体108和/或上外壳110的合适取向。
		<br/></p>
			<p id="p0038" num="0038">外壳106包括顶壁122和侧壁124。外壳106限定接收壳体108的腔
		<br/>室126。窗128设置于外壳106中以暴露光伏封装件102的一部分。窗128
		<br/>包括在顶壁122和光伏封装件102之间延伸的窗壁130。窗壁130向下延伸
		<br/>至光伏封装件102的附近而不接触光伏封装件102。窗壁130关于顶壁122
		<br/>成一预定角度。该角度可以为与竖直方向成大约30度。在替代实施例中，
		<br/>其它的角度也是可以的。在一些实施例中，所述角度可以关于顶壁122成
		<br/>大致直角。窗壁130可向着光伏封装件102反射杂散光。有角度的窗壁130
		<br/>可促进导引漫射光到光伏封装件102。
		<br/></p>
			<p id="p0039" num="0039">外壳106包括安装开口134，安装开口134接收紧固件116以固定座
		<br/>组件100到散热器104。当紧固件116被上紧时，紧固件116向着散热器
		<br/>				104下拉顶壁122。在顶壁122上的力跨过整个顶壁122消散以使得整个顶
		<br/>壁122向下挤压在壳体108和光伏封装件102上以保证壳体108压靠光伏
		<br/>封装件102，其抵靠着散热器104挤压光伏封装件102。
		<br/></p>
			<p id="p0040" num="0040">外壳106包括从相应的侧壁124向外延伸的凸片136。凸片136向外
		<br/>张开以提供用于与散热器104热连通的大的表面积。传递到外壳106的过
		<br/>多的热能沿着侧壁124消散到凸片136中。热量然后传递到散热器104中
		<br/>以降低外壳106的温度。任选地，当紧固件116被上紧时，凸片136偏压
		<br/>抵靠散热器104以保证凸片136与散热器104邻接。
		<br/></p>
			<p id="p0041" num="0041">外壳106包括导线通道138，其将接收导线140接收在其中。导线140
		<br/>形成电连接到光伏封装件102的电路的一部分。应变释放元件142可以设
		<br/>置在导线140上以防止损坏导线140。
		<br/></p>
			<p id="p0042" num="0042">图4是光伏封装件102的顶部透视图。光伏封装件102仅仅是示例性
		<br/>的，在替代实施例中可以使用其它类型和构型的光伏封装件。光伏封装件
		<br/>102包括基板150，基板150具有上表面152和下表面154。光伏单元156
		<br/>和触垫158设置在上表面152上。
		<br/></p>
			<p id="p0043" num="0043">光伏单元156可以为由已知的光伏材料例如硅(Si)、砷化镓铟(InGaAs)、
		<br/>磷化镓铟(InGaP)、锗(Ge)或者其它的半导体材料制成的半导体。基板150
		<br/>可以由高导热的材料制成以允许热量通过基板150消散。基板用作绝缘物，
		<br/>从而使得触垫158与散热器104隔离。下表面154配置为安装到散热器
		<br/>104(如图2和3所示)以消散来自基板150的热量。
		<br/></p>
			<p id="p0044" num="0044">在所示实施例中，光伏单元156大致安置在基板150的中心。触垫158
		<br/>同样布置在上表面152上。光伏单元156电连接到触垫158，触垫158可限
		<br/>定阳极或者阴极。在所示实施例中，光伏单元156安装到触垫158之一并
		<br/>通过导线粘接件160连接到另一个触垫158。触垫158为在上表面152上的
		<br/>铜迹线。任选地，触垫158可以是例如镀金、钯、铂的，或者镀有其它的
		<br/>金属。其它的电气部件，例如二极管，可以连接到一个或多个触垫158。
		<br/></p>
			<p id="p0045" num="0045">在示例性实施例中，触垫158限定接触区或者区域162，用于配合触
		<br/>头170(如图5所示)。接触区162尺寸足够大以配合触头170。任选地，接
		<br/>触区162紧邻基板150的相对边缘定位。
		<br/></p>
			<p id="p0046" num="0046">图5是座组件100的一部分的底部透视图，其示出接收在外壳106中
		<br/>				的壳体108。壳体108由绝缘材料例如塑料制成。壳体108保持触头170，
		<br/>触头170电接触光伏封装件102(如图4所示)的触垫158(如图4所示)。触
		<br/>头170端接到相应的导线140。导线140端接到与光伏封装件102分离的触
		<br/>头170。如此，在导线140和光伏封装件102之间没有永久连接。如此，座
		<br/>组件100可以从光伏封装件102独立地移除而不必改变导线140。
		<br/></p>
			<p id="p0047" num="0047">触头170包括多个指状件172，用于多点接触触垫158。多点接触可以
		<br/>降低跨过触头170和触垫158之间的接口的阻力。在示例性实施例中，指
		<br/>状件172限定弹簧，该弹簧配置为当座组件100被组装时偏压抵靠触垫158。
		<br/>例如，当紧固件116(如图2所示)被上紧时，触头170压靠触垫158。指状
		<br/>件172在这样的挤压过程中折曲，从而抵靠着触垫158弹簧加载指状件172。
		<br/>指状件172还提供弹力以抵靠着散热器104挤压光伏封装件102。触头170
		<br/>限定用于配合光伏封装件102的可分离的接口，以使得光伏封装件102可
		<br/>以反复地耦接到触头170和从触头170分开，而不破坏触头170或者触垫
		<br/>158的配合接口。
		<br/></p>
			<p id="p0048" num="0048">壳体108包括将紧固件116接收在其中的安装开口174。安装开口174
		<br/>对准外壳106的安装开口134(如图2和3所示)。壳体108包括中心开口178。
		<br/>窗壁130接收在中心开口178中。指状件172的远端暴露在中心开口178
		<br/>中。任选地，至少一部分光伏封装件102可以接收在中心开口178中，例
		<br/>如光伏单元156(如图4所示)。
		<br/></p>
			<p id="p0049" num="0049">外壳106的侧壁124接合壳体108以保持外壳106在腔室126中。任
		<br/>选地，侧壁124可包括延伸到腔室126中以接合和定位壳体108的突起180。
		<br/>突起180可作为锁闩以保持壳体108在腔室126中。如此，壳体108和外
		<br/>壳106可以例如在组装到散热器104的过程中作为单一单元进行操控和处
		<br/>理。
		<br/></p>
			<p id="p0050" num="0050">图6是根据替代实施例形成的替代座组件200和光伏封装件202。座
		<br/>组件200和光伏封装件202配置为安装到散热器104(如图2所示)。散热器
		<br/>104从光伏封装件202和/或座组件200消散热量。
		<br/></p>
			<p id="p0051" num="0051">座组件200包括外壳206和保持在外壳206之内的壳体208。光伏封
		<br/>装件202也保持在壳体208内。外壳206可以大致类似于外壳106。外壳
		<br/>206遮挡光伏封装件202的大部分以及基本全部的壳体208。例如，外壳206
		<br/>				遮挡光伏封装件202的一部分以及壳体208以免遭可能不适当地聚焦或者
		<br/>来自入射光线的强烈的光线。当安装到散热器104时，外壳206热接触散
		<br/>热器104以使得外壳206限定用于传送过多的热能到散热器104的热导管。
		<br/></p>
			<p id="p0052" num="0052">壳体208类似于壳体108(如图5所示)。壳体208由绝缘材料例如塑料
		<br/>制成。外壳206接收和保持壳体208在其中。壳体208保持一对触头220，
		<br/>触头220可以类似于触头170(如图5所示)。壳体208包括在壳体208的底
		<br/>部的接收光伏封装件202的腔室222。腔室222大小和形状适当以接收光伏
		<br/>封装件202。在示例性实施例中，光伏封装件202包括一个或多个锁闩224，
		<br/>所述锁闩224接合壳体208以保持光伏封装件202在腔室222中。例如，
		<br/>锁闩224包括接合壳体208的一部分以固定光伏封装件202到壳体208的
		<br/>钩子末端。
		<br/></p>
			<p id="p0053" num="0053">图7是光伏封装件202的顶部透视图。光伏封装件202类似于光伏封
		<br/>装件102(如图4所示)，但是，光伏封装件202包括锁闩224和电子元件226，
		<br/>例如二极管或者其它的电子元件。光伏封装件202包括具有上表面232和
		<br/>下表面234的基板230。光伏单元236和触垫238设置在基板230的上表面
		<br/>232上。触垫238配置为当光伏封装件202与壳体208(如图6所示)组装时
		<br/>接合触头220(如图6所示)。可分离的接口限定在触头220和触垫238之间。
		<br/></p>
			<p id="p0054" num="0054">在所示实施例中，锁闩224焊接到触垫238。在替代实施例中，替代
		<br/>的安装方式也是可以的。例如，锁闩224可以安装到基板230，例如通过限
		<br/>定夹持到基板230的边缘上的夹子。
		<br/></p>
			<p id="p0055" num="0055">图8是安装到散热器的104的座组件200和光伏封装件202的侧视图。
		<br/>在安装座组件200和光伏封装件202到散热器104前，壳体208加载到外
		<br/>壳206中，光伏封装件202加载到壳体208中。如此，外壳206、壳体208
		<br/>和光伏封装件202可以在例如组装到散热器104的过程中作为一个单一单
		<br/>元进行操控和处理。
		<br/></p>
			<p id="p0056" num="0056">壳体208的底部240大致与外壳206的底部242齐平。如此，外壳206
		<br/>的底部242能够直接置于散热器104上，这允许在金属外壳206和散热器
		<br/>104之间的热传递。
		<br/></p>
			<p id="p0057" num="0057">在示例性实施例中，在安装到散热器104前，一部分光伏封装件202
		<br/>从壳体208的底部240延伸。例如，光伏封装件202的下表面234在壳体
		<br/>				208的底部240下面凹陷预定量，该预定量用箭头244表示。在安装座组件
		<br/>200到散热器104的过程中，光伏封装件202被压入壳体208中直到外壳
		<br/>206的底部242接合散热器104。当光伏封装件202被压入壳体208中时，
		<br/>触垫238(如图7所示)压靠触头220(如图6所示)。这样的动作抵靠着触垫
		<br/>238加载一偏压力到触头220以保证它们之间的良好接触。任选地，紧固件
		<br/>246到散热器104的上紧引起外壳206和壳体208向着散热器104向下运动。
		<br/>这样的动作使得在底部240，242接合散热器104之前接合散热器104的光
		<br/>伏封装件202而被压入壳体208中。外壳206传播来自紧固件246的力跨
		<br/>过外壳206的整个上表面向下到壳体208上。壳体208的向下的力使得触
		<br/>头220压靠触垫238。
		<br/></p>
			<p id="p0058" num="0058">图9是另一替代座组件300和光伏封装件302的顶部透视图。座组件
		<br/>300和光伏封装件302配置为安装到散热器104。散热器104消散来自光伏
		<br/>封装件302和/或座组件300的热量。
		<br/></p>
			<p id="p0059" num="0059">座组件300包括外壳306和保持在外壳306之内的壳体308。光伏封
		<br/>装件302也保持在外壳306之内。外壳306包括耦接在一起的上外壳310
		<br/>和下外壳312。外壳306阻挡大部分的光伏封装件302以及几乎整个壳体
		<br/>308。
		<br/></p>
			<p id="p0060" num="0060">当安装到散热器104时，外壳306热接触散热器104以使得外壳306
		<br/>限定用于传递过多的热能到散热器104的热导管。在示例性实施例中，上
		<br/>外壳310包括凸片314，凸片314接合散热器104以将来自上外壳310的热
		<br/>量直接消散到散热器104。下外壳312接合散热器104，并且热量可以从上
		<br/>外壳310传递到下外壳312，然后到散热器104中。
		<br/></p>
			<p id="p0061" num="0061">窗316设置在上外壳310中以暴露一部分光伏封装件302。窗316包
		<br/>括延伸下至光伏封装件302的附近的窗壁318。窗壁318没有接触光伏封装
		<br/>件302。窗壁318可帮助偏斜漫射光到光伏封装件302。
		<br/></p>
			<p id="p0062" num="0062">图10是座组件300和光伏封装件302的部分地组装的视图，其示出了
		<br/>接收在上外壳310中的壳体308。壳体308类似于壳体108(如图5所示)。
		<br/>壳体308由绝缘材料例如塑料制成。外壳306接收和保持壳体308在其中。
		<br/>壳体308保持一对触头320，触头320可以类似于触头170(如图5所示)。
		<br/></p>
			<p id="p0063" num="0063">壳体308包括在壳体308的底部的接收光伏封装件302的腔室322。
		<br/>				腔室322大小和形状适合接收光伏封装件302。触头320暴露在腔室322
		<br/>中，用于与光伏封装件302配合。触头320限定用于与光伏封装件302配
		<br/>合的可分离的接口，以使得光伏封装件302可以反复地耦接到触头320和
		<br/>从触头320分开而不破坏触头320或者光伏封装件302的配合接口。此外，
		<br/>光伏封装件302可以由不同的光伏封装件302替换，例如当一个光伏封装
		<br/>件302被损坏时。
		<br/></p>
			<p id="p0064" num="0064">在示例性实施例中，壳体308包括柱324，柱324接收在光伏封装件
		<br/>302中的相应开口326中以定位光伏封装件302在腔室322中。柱324和开
		<br/>口326可以定位为限定键锁特征以关于壳体308适当定向光伏封装件302。
		<br/></p>
			<p id="p0065" num="0065">光伏封装件302类似于光伏封装件102(如图4所示)。光伏封装件302
		<br/>包括具有上表面332和下表面334的基板330。光伏单元336和触垫338
		<br/>设置在基板330的上表面332上。触垫338配置为当光伏封装件302与壳
		<br/>体308组装时接合触头320。
		<br/></p>
			<p id="p0066" num="0066">在组装过程中，在光伏封装件302加载到壳体308中后，下外壳312
		<br/>可以闭合。在示例性实施例中，下外壳312在铰链340处可转动地耦接到
		<br/>上外壳310。下外壳312绕铰链340旋转到闭合位置。下外壳312包括锁闩
		<br/>342，锁闩342接合上外壳310以固定下外壳312到上外壳310。
		<br/></p>
			<p id="p0067" num="0067">下外壳312包括在其中具有开口346的底壁344。当座组件300被组
		<br/>装时，光伏封装件302的下表面334通过开口346露出，以接合散热器104。
		<br/>在示例性实施例中，下外壳312包括安置在开口346之内的偏压指状件348。
		<br/>偏压指状件348配置为接合光伏封装件302的下表面334以向着壳体308
		<br/>偏压光伏封装件302。光伏封装件302的这样的偏压抵靠着触头320挤压光
		<br/>伏封装件302以保证它们之间的良好接触。
		<br/></p>
			<p id="p0068" num="0068">图11是座组件300和光伏封装件302的底部透视图。光伏封装件302
		<br/>的下表面334通过开口346露出。偏压指状件348压靠下表面334。开口
		<br/>346大小与下表面334大致相同以保证下表面334的大的表面积通过其中露
		<br/>出以接合散热器104(如图8所示)。
		<br/></p>
			<p id="p0069" num="0069">图12是替代的座组件400和光伏封装件402的顶部透视图。图13是
		<br/>座组件400和光伏封装件402的底部透视图。座组件400和光伏封装件402
		<br/>配置为安装到散热器104。散热器104消散来自光伏封装件402和/或座组
		<br/>				件400的热。
		<br/></p>
			<p id="p0070" num="0070">座组件400包括外壳406和保持在外壳406之内的壳体408。光伏封
		<br/>装件402也保持在外壳406之内。外壳406包括耦接在一起的上外壳410
		<br/>和下外壳412。外壳406遮挡大部分的光伏封装件402以及几乎整个壳体
		<br/>408。窗414设置在上外壳410中以暴露一部分光伏封装件402。窗416设
		<br/>置在壳体408中以暴露一部分光伏封装件402。窗416对准窗414。壳体408
		<br/>的窗416包括延伸下至光伏封装件402附近的窗壁418。
		<br/></p>
			<p id="p0071" num="0071">下外壳412包括通过其中的开口420，从而露出壳体408和光伏封装
		<br/>件402。壳体408还包括通过壳体408的底部的开口422，从而露出光伏封
		<br/>装件402的下表面434。光伏封装件402的下表面434通过开口420，422
		<br/>热连接到散热器104。例如，散热器104可包括延伸到开口420，422中的
		<br/>突起(未示出)以接合光伏封装件402的下表面434。或者，热插件(未示出)，
		<br/>其是独立于光伏封装件402和散热器104并与其分离的，可以被设置为接
		<br/>收在开口420，422中以接合光伏封装件402。热插件可在与光伏封装件402
		<br/>相对的末端接合散热器104以将来自光伏封装件402的热量消散到散热器
		<br/>104。
		<br/></p>
			<p id="p0072" num="0072">安装开口424，426分别设置在上下外壳410，412中。安装开口424，
		<br/>426接收紧固件428以耦接座组件400到散热器104。紧固件428牢固地耦
		<br/>接上下外壳410，412在一起。
		<br/></p>
			<p id="p0073" num="0073">图14是处于打开状态的座组件400和光伏封装件402的部分地组装的
		<br/>视图。壳体408包括分别接收在上外壳410和下外壳412中的上壳体430
		<br/>和下壳体432。光伏封装件402设置在下壳体432上。光伏封装件402包括
		<br/>具有上表面442和下表面444的基板440。光伏单元446和触垫448设置在
		<br/>基板440的上表面442上。光伏单元446配置为通过窗414，416(如图12
		<br/>所示)露出，而其它部分的光伏封装件402，例如触垫448，并不通过窗414，
		<br/>416外露。
		<br/></p>
			<p id="p0074" num="0074">上壳体430包括在其内表面上的触头450。触头包括弹簧指状件452，
		<br/>弹簧指状件452配置为当座组件被组装时接合触垫448。弹簧指状件452
		<br/>限定用于与光伏封装件402配合的可分离的接口，以使得光伏封装件402
		<br/>可以反复地耦接到触头450和从触头450分开而不会破坏触头450或者触
		<br/>				垫448的配合接口。此外，光伏封装件402可以由不同的光伏封装件402
		<br/>替换，例如当光伏封装件402之一被损坏时。导线454端接到触头450，例
		<br/>如通过焊接连接。在替代实施例中，其它类型的连接也是可以的。例如，
		<br/>触头450可以卷曲到导线454并相对于上壳体430保持就位，用于与触垫
		<br/>448配合。导线454端接到与光伏封装件402分离的触头450。如此，在导
		<br/>线454和光伏封装件402之间没有形成永久连接。如此，光伏封装件402
		<br/>可以独立于导线454移除，而不必改变导线454。
		<br/></p>
			<p id="p0075" num="0075">在示例性实施例中，下外壳412在铰链456处可转动地耦接到上外壳
		<br/>410。下外壳412绕铰链456旋转到闭合位置。上和/或下外壳410，412可
		<br/>包括锁闩(未示出)以固定下外壳412到上外壳410。任选地，上和/或下外壳
		<br/>410，412可包括从其中延伸的类似于凸片136(如图2和3所示)的一个或多
		<br/>个凸片，用于热接合散热器104。
		<br/></p>
			<p id="p0076" num="0076">图15示出座组件500和光伏封装件502的替代连接配置。座组件500
		<br/>包括外壳506和保持在外壳506中的壳体508。光伏封装件502也保持在外
		<br/>壳506中。外壳506包括耦接在一起的上外壳510和下外壳512。
		<br/></p>
			<p id="p0077" num="0077">壳体508包括分别接收在上外壳510和下外壳512中的上壳体530和
		<br/>下壳体532。光伏封装件502设置在下壳体532上。光伏封装件502电连接
		<br/>到一个或多个回路534。在示例性实施例中，下壳体532代表具有沿着其上
		<br/>表面布线到垫538的迹线536的电路板。第一导线540端接到迹线536。光
		<br/>伏封装件502安装到下壳体532以使得光伏封装件502的底部端接到垫
		<br/>538，从而端接到第一导线540。
		<br/></p>
			<p id="p0078" num="0078">下壳体532包括沿着其上表面布线到垫544的迹线542。第二导线546
		<br/>端接到迹线542。上壳体530包括在其内表面上的触头550。触头550配置
		<br/>为当上壳体530闭合时接合光伏封装件502。例如，触头550可包括弹簧指
		<br/>状件551，弹簧指状件551接合光伏封装件502的顶部。触头550还包括弹
		<br/>簧指状件552，弹簧指状件552配置为当座组件被组装时接合垫544。导线
		<br/>540，546端接到与光伏封装件502分离的迹线538，542。如此，在导线540，
		<br/>546和光伏封装件502之间没有永久连接。如此，光伏封装件502可以独立
		<br/>于导线540，546移除而不必改变导线540，546。
		<br/></p>
			<p id="p0079" num="0079">在示例性实施例中，下外壳512在铰链556处可转动地耦接到上外壳
		<br/>				510。下外壳512绕铰链556旋转到闭合位置。上和/或下外壳510，512可
		<br/>包括锁闩(未示出)以固定下外壳512到上外壳510。任选地，上和/或下外壳
		<br/>510，512可包括一个或多个从其中延伸的类似于凸片136(如图2和3所示)
		<br/>的凸片，用于热接合散热器104。弹簧指状件552在安装到下壳体532时可
		<br/>以例如抵靠着散热器104(如图1所示)向下对下壳体532用力。
		<br/></p>
		</description>
		<claims>
			<claim id="cl0001" num="0001">
				<claim-text>1.一种座组件(100)，包括：
			<br/></claim-text>
				<claim-text>具有基板(150)的光伏封装件(102)，其中所述基板具有光伏单元(156)
			<br/>和电连接到所述光伏单元(156)的触垫(158)；
			<br/></claim-text>
				<claim-text>可移除地接收所述光伏封装件(102)的绝缘壳体(108)，所述绝缘壳体
			<br/>(108)保持触头(170)配合接合所述触垫(158)；和
			<br/></claim-text>
				<claim-text>接收所述壳体(108)和所述光伏封装件(102)的金属外壳(106)，所述金属
			<br/>外壳(106)具有提供到光伏单元(156)的通路的窗(128)。
			<br/></claim-text>
			</claim>
			<claim id="cl0002" num="0002">
				<claim-text>2.如权利要求1所述的座组件(100)，其中，所述触头(170)限定可与
			<br/>触垫(158)分离的接口，该接口允许触头(170)与触垫(158)分离。
			<br/></claim-text>
			</claim>
			<claim id="cl0003" num="0003">
				<claim-text>3.如权利要求1所述的座组件(100)，其中，所述金属外壳(106)包括
			<br/>用于安装金属外壳(106)、壳体(108)和光伏封装件(102)到散热器(104)的安装
			<br/>特征，以使得所述光伏封装件(102)热连通散热器(104)。
			<br/></claim-text>
			</claim>
			<claim id="cl0004" num="0004">
				<claim-text>4.如权利要求1所述的座组件(100)，其中，所述金属外壳(106)包括
			<br/>从其中延伸的凸片(136)，所述凸片(136)配置为接合散热器(104)，所述凸片
			<br/>(136)将来自金属外壳(106)的热量消散到散热器(104)。
			<br/></claim-text>
			</claim>
			<claim id="cl0005" num="0005">
				<claim-text>5.如权利要求1所述的座组件(100)，其中，所述窗(128)对准所述光
			<br/>伏单元(156)以使得所述外壳(106)自上阻挡所述壳体(108)和所述触垫(158)。
			<br/></claim-text>
			</claim>
			<claim id="cl0006" num="0006">
				<claim-text>6.如权利要求1所述的座组件(100)，其中，所述外壳(106)包括顶壁
			<br/>(122)，该顶壁(122)压靠壳体(108)以迫使触头(170)接合触垫(158)。
			<br/></claim-text>
			</claim>
			<claim id="cl0007" num="0007">
				<claim-text>7.如权利要求1所述的座组件(100)，其中，所述外壳(106)包括接收
			<br/>导线(140)在其中的导线通道(138)，所述导线(140)端接到触头(170)。
			<br/></claim-text>
			</claim>
			<claim id="cl0008" num="0008">
				<claim-text>8.如权利要求1所述的座组件(100)，其中，所述外壳(106)包括顶壁(122)
			<br/>和从其中延伸以限定窗(128)的窗壁(130)，所述窗壁(130)关于所述顶壁(122)
			<br/>成一定角度地到光伏单元(156)的附近。
			<br/></claim-text>
			</claim>
			<claim id="cl0009" num="0009">
				<claim-text>9.如权利要求1所述的座组件(100)，其中，所述光伏封装件(102)包
			<br/>括从其延伸的锁闩(224)，所述锁闩(224)接合所述壳体(108)以关于所述壳体
			<br/>(108)保持所述光伏封装件(102)。
			<br/></claim-text>
			</claim>
			<claim id="cl0010" num="0010">
				<claim-text>10.如权利要求1所述的座组件(100)，其中，所述触头(170)包括限定
			<br/>				与相应触垫(158)的多个接触点的多个指状件(172)。
			<br/></claim-text>
			</claim>
			<claim id="cl0011" num="0011">
				<claim-text>11.如权利要求1所述的座组件(100)，其中，所述外壳(106)包括铰接
			<br/>地耦接在一起的上外壳(310)和下外壳(312)，其中所述壳体(108)和所述光伏
			<br/>单元(156)俘获在上下外壳(310，312)之间。
			<br/></claim-text>
			</claim>
			<claim id="cl0012" num="0012">
				<claim-text>12.如权利要求1所述的座组件(100)，其中，所述壳体(108)和光伏单
			<br/>元(156)接收在外壳(106)中以使得所述基板(150)的底部大致与所述外壳
			<br/>(106)的底部齐平，用于直接连接所述基板(150)到散热器(104)。
			<br/></claim-text>
			</claim>
		</claims>
		<drawings>
			<figure id="f0001" num="0001" figure-labels="图1">
				<img id="ifi0001" file="HDA00002259263900011.TIF" wi="700" he="538" img-content="drawing" img-format="tif" orientation="portrait" inline="no"/>
			</figure>
			<figure id="f0002" num="0002" figure-labels="图2">
				<img id="ifi0002" file="HDA00002259263900021.TIF" wi="700" he="570" img-content="drawing" img-format="tif" orientation="portrait" inline="no"/>
			</figure>
			<figure id="f0003" num="0003" figure-labels="图3">
				<img id="ifi0003" file="HDA00002259263900031.TIF" wi="513" he="700" img-content="drawing" img-format="tif" orientation="portrait" inline="no"/>
			</figure>
			<figure id="f0004" num="0004" figure-labels="图4">
				<img id="ifi0004" file="HDA00002259263900041.TIF" wi="700" he="482" img-content="drawing" img-format="tif" orientation="portrait" inline="no"/>
			</figure>
			<figure id="f0005" num="0005" figure-labels="图5">
				<img id="ifi0005" file="HDA00002259263900051.TIF" wi="700" he="456" img-content="drawing" img-format="tif" orientation="portrait" inline="no"/>
			</figure>
			<figure id="f0006" num="0006" figure-labels="图6">
				<img id="ifi0006" file="HDA00002259263900061.TIF" wi="700" he="434" img-content="drawing" img-format="tif" orientation="portrait" inline="yes"/>
			</figure>
			<figure id="f0007" num="0007" figure-labels="图7">
				<img id="ifi0007" file="HDA00002259263900071.TIF" wi="700" he="484" img-content="drawing" img-format="tif" orientation="portrait" inline="no"/>
			</figure>
			<figure id="f0008" num="0008" figure-labels="图8">
				<img id="ifi0008" file="HDA00002259263900081.TIF" wi="700" he="334" img-content="drawing" img-format="tif" orientation="portrait" inline="yes"/>
			</figure>
			<figure id="f0009" num="0009" figure-labels="图9">
				<img id="ifi0009" file="HDA00002259263900091.TIF" wi="678" he="700" img-content="drawing" img-format="tif" orientation="portrait" inline="no"/>
			</figure>
			<figure id="f0010" num="0010" figure-labels="图10">
				<img id="ifi0010" file="HDA00002259263900101.TIF" wi="700" he="636" img-content="drawing" img-format="tif" orientation="portrait" inline="no"/>
			</figure>
			<figure id="f0011" num="0011" figure-labels="图11">
				<img id="ifi0011" file="HDA00002259263900111.TIF" wi="700" he="413" img-content="drawing" img-format="tif" orientation="portrait" inline="yes"/>
			</figure>
			<figure id="f0012" num="0012" figure-labels="图12">
				<img id="ifi0012" file="HDA00002259263900121.TIF" wi="700" he="651" img-content="drawing" img-format="tif" orientation="portrait" inline="yes"/>
			</figure>
			<figure id="f0013" num="0013" figure-labels="图13">
				<img id="ifi0013" file="HDA00002259263900122.TIF" wi="700" he="662" img-content="drawing" img-format="tif" orientation="portrait" inline="no"/>
			</figure>
			<figure id="f0014" num="0014" figure-labels="图14">
				<img id="ifi0014" file="HDA00002259263900131.TIF" wi="569" he="700" img-content="drawing" img-format="tif" orientation="portrait" inline="no"/>
			</figure>
			<figure id="f0015" num="0015" figure-labels="图15">
				<img id="ifi0015" file="HDA00002259263900141.TIF" wi="700" he="540" img-content="drawing" img-format="tif" orientation="portrait" inline="no"/>
			</figure>
		</drawings>
	</application-body>
</cn-patent-document>
