{ 
    "pto" : "USPTO", 
    "stat" : 2, 
    "kindcode" : "B2", 
    "appNumber" : "10/427577", 
    "brief" : {
        "origin" : "<p id=\"P-00001\" num=\"00001\">A method for forming a polysilicon FinFET (<b>10</b>) or other thin film transistor structure includes forming an insulative layer (<b>12</b>) over a semiconductor substrate (<b>14</b>). An amorphous silicon layer (<b>32</b>) forms over the insulative layer (<b>12</b>). A silicon germanium seed layer (<b>44</b>) forms in association with the amorphous silicon layer (<b>32</b>) for controlling silicon grain growth. The polysilicon layer arises from annealing the amorphous silicon layer (<b>32</b>). During the annealing step, silicon germanium seed layer (<b>44</b>), together with silicon germanium layer (<b>34</b>), catalyzes silicon recrystallization to promote growing larger crystalline grains, as well as fewer grain boundaries within the resulting polysilicon layer. Source (<b>16</b>), drain (<b>18</b>), and channel (<b>20</b>) regions are formed within the polysilicon layer. A double-gated region (<b>24</b>) forms in association with source (<b>16</b>), drain (<b>18</b>), and channel (<b>20</b>) to produce polysilicon FinFET (<b>10</b>).</p>"
    }, 
    "assignees" : [
        {
            "name" : {
                "origin" : "Freescale Semiconductor, Inc."
            }, 
            "address" : {
                "origin" : "Austin,TX"
            }, 
            "country" : {
                "origin" : "US"
            }
        }
    ],
    "mainIPC" : "H01L 21/00", 
    "ipcs" : [
        "H01L 21/00", 
        "H01L 21/20", 
        "H01L 21/3205"
    ], 
    "familyId" : 33310189, 
    "truncate" : false
}
